Date,Food,Food_Return（小数）,Clths,Clths_Return（小数）,Hlth,Hlth_Return（小数）,Chems,Chems_Return（小数）,Cnstr,Cnstr_Return（小数）,Steel,Steel_Return（小数）,Autos,Autos_Return（小数）,Oil,Oil_Return（小数）,Util,Util_Return（小数）,Telcm,Telcm_Return（小数）,Servs,Servs_Return（小数）,BusEq,BusEq_Return（小数）,Paper,Paper_Return（小数）,Trans,Trans_Return（小数）,Whlsl,Whlsl_Return（小数）,Rtail,Rtail_Return（小数）,Fin,Fin_Return（小数）,Mines,Mines_Return（小数）,ElcEq,ElcEq_Return（小数）,Meals,Meals_Return（小数）
2017-01-03,0.71,0.0070999999999999995,1.41,0.0141,1.3,0.013000000000000001,0.55,0.0055000000000000005,1.03,0.0103,1.83,0.0183,1.78,0.0178,1.18,0.0118,0.04,0.0004,1.38,0.0138,1.16,0.0116,0.54,0.0054,0.4,0.004,-0.12,-0.0012,1.55,0.0155,0.27,0.0027,0.93,0.009300000000000001,1.73,0.0173,1.63,0.0163,-0.8,-0.008
2017-01-04,0.02,0.0002,1.74,0.0174,1.09,0.0109,1.33,0.013300000000000001,1.51,0.0151,3.48,0.0348,3.29,0.0329,-0.3,-0.003,0.49,0.0049,0.64,0.0064,0.89,0.0089,0.34,0.0034000000000000002,1.08,0.0108,1.16,0.0116,1.1,0.011000000000000001,0.86,0.0086,1.07,0.010700000000000001,2.91,0.0291,0.61,0.0060999999999999995,0.7,0.006999999999999999
2017-01-05,-0.03,-0.0003,-0.8,-0.008,0.41,0.0040999999999999995,-0.65,-0.006500000000000001,-0.72,-0.0072,-0.65,-0.006500000000000001,-1.59,-0.0159,-0.45,-0.0045000000000000005,0.1,0.001,-0.11,-0.0011,0.28,0.0028000000000000004,-0.1,-0.001,-0.26,-0.0026,-0.76,-0.0076,-0.79,-0.0079,-0.04,-0.0004,-0.86,-0.0086,0.92,0.0092,-0.75,-0.0075,0.09,0.0009
2017-01-06,-0.13,-0.0013,0.5,0.005,0.27,0.0027,-0.03,-0.0003,-0.93,-0.009300000000000001,-1.07,-0.010700000000000001,-0.02,-0.0002,-0.26,-0.0026,0.27,0.0027,-0.5,-0.005,0.95,0.0095,0.7,0.006999999999999999,0.24,0.0024,0.46,0.0046,0.05,0.0005,0.11,0.0011,0.4,0.004,-1.37,-0.0137,-0.11,-0.0011,0.46,0.0046
2017-01-09,-0.56,-0.005600000000000001,-0.66,-0.0066,0.77,0.0077,0.05,0.0005,-1.1,-0.011000000000000001,-2.02,-0.0202,-0.64,-0.0064,-1.69,-0.0169,-1.35,-0.013500000000000002,-0.56,-0.005600000000000001,0.06,0.0006,0.29,0.0029,-0.7,-0.006999999999999999,-0.49,-0.0049,-0.49,-0.0049,0.04,0.0004,-0.79,-0.0079,-0.69,-0.0069,-1.9,-0.019,0.19,0.0019
2017-01-10,-0.59,-0.0059,0.49,0.0049,0.29,0.0029,-0.04,-0.0004,0.92,0.0092,2.87,0.0287,1.75,0.0175,-0.69,-0.0069,-0.52,-0.0052,0.22,0.0022,-0.12,-0.0012,0.37,0.0037,0.25,0.0025,0.93,0.009300000000000001,0.41,0.0040999999999999995,0.37,0.0037,0.51,0.0051,2.06,0.0206,1.08,0.0108,0.08,0.0008
2017-01-11,0.5,0.005,-1.04,-0.0104,-1.26,-0.0126,1.07,0.010700000000000001,0.75,0.0075,0.39,0.0039000000000000003,0.06,0.0006,1.15,0.0115,0.98,0.0098,0.13,0.0013,0.81,0.008100000000000001,0.32,0.0032,0.56,0.005600000000000001,0.78,0.0078000000000000005,-0.07,-0.0007000000000000001,0.13,0.0013,0.48,0.0048,0.02,0.0002,1.14,0.011399999999999999,0.33,0.0033
2017-01-12,-0.12,-0.0012,-0.56,-0.005600000000000001,0.04,0.0004,0.0,0.0,-0.49,-0.0049,-2.2,-0.022000000000000002,-0.66,-0.0066,-0.52,-0.0052,0.13,0.0013,-0.23,-0.0023,-0.17,-0.0017000000000000001,-0.47,-0.004699999999999999,-0.31,-0.0031,-0.37,-0.0037,-0.11,-0.0011,0.22,0.0022,-0.74,-0.0074,-0.17,-0.0017000000000000001,-0.18,-0.0018,0.1,0.001
2017-01-13,0.05,0.0005,0.15,0.0015,0.33,0.0033,-0.16,-0.0016,0.81,0.008100000000000001,0.33,0.0033,0.9,0.009000000000000001,-0.23,-0.0023,-0.06,-0.0006,0.43,0.0043,0.43,0.0043,0.34,0.0034000000000000002,0.09,0.0009,0.54,0.0054,0.63,0.0063,-0.14,-0.0014000000000000002,0.51,0.0051,0.65,0.006500000000000001,0.16,0.0016,-0.14,-0.0014000000000000002
2017-01-17,0.77,0.0077,1.5,0.015,-0.85,-0.0085,-0.75,-0.0075,-1.23,-0.0123,-1.26,-0.0126,-0.61,-0.0060999999999999995,0.59,0.0059,0.95,0.0095,0.22,0.0022,-0.52,-0.0052,-0.62,-0.0062,-0.06,-0.0006,-1.26,-0.0126,-0.27,-0.0027,0.6,0.006,-2.16,-0.0216,0.01,0.0001,-1.35,-0.013500000000000002,-0.06,-0.0006
2017-01-18,0.31,0.0031,-1.16,-0.0116,0.08,0.0008,0.41,0.0040999999999999995,0.31,0.0031,3.17,0.0317,0.31,0.0031,-0.44,-0.0044,-0.18,-0.0018,-0.09,-0.0009,0.24,0.0024,0.42,0.0042,0.42,0.0042,0.36,0.0036,0.87,0.0087,-0.4,-0.004,0.64,0.0064,1.48,0.0148,0.53,0.0053,0.44,0.0044
2017-01-19,-0.47,-0.004699999999999999,-0.7,-0.006999999999999999,-0.88,-0.0088,-0.71,-0.0070999999999999995,-0.59,-0.0059,-2.08,-0.0208,-0.04,-0.0004,-0.76,-0.0076,-0.82,-0.008199999999999999,0.18,0.0018,-0.32,-0.0032,-0.29,-0.0029,-0.65,-0.006500000000000001,1.57,0.015700000000000002,-1.01,-0.0101,-0.66,-0.0066,-0.44,-0.0044,-0.38,-0.0038,0.46,0.0046,-0.4,-0.004
2017-01-20,0.66,0.0066,0.55,0.0055000000000000005,-0.35,-0.0034999999999999996,0.85,0.0085,0.36,0.0036,0.7,0.006999999999999999,-0.18,-0.0018,0.66,0.0066,0.22,0.0022,0.64,0.0064,0.56,0.005600000000000001,0.29,0.0029,0.2,0.002,0.72,0.0072,0.5,0.005,-0.31,-0.0031,0.46,0.0046,1.11,0.0111,0.43,0.0043,0.17,0.0017000000000000001
2017-01-23,-0.12,-0.0012,0.03,0.0003,-0.56,-0.005600000000000001,0.03,0.0003,-0.02,-0.0002,-0.67,-0.0067,-0.31,-0.0031,-1.01,-0.0101,-0.58,-0.0058,0.23,0.0023,0.42,0.0042,-0.53,-0.0053,0.54,0.0054,-0.77,-0.0077,-0.49,-0.0049,-0.1,-0.001,-0.44,-0.0044,1.13,0.0113,-0.64,-0.0064,-0.18,-0.0018
2017-01-24,0.58,0.0058,1.0,0.01,-0.58,-0.0058,2.59,0.0259,3.68,0.0368,3.06,0.030600000000000002,1.89,0.0189,1.03,0.0103,0.43,0.0043,-0.78,-0.0078000000000000005,1.01,0.0101,1.01,0.0101,1.13,0.0113,1.35,0.013500000000000002,0.84,0.0084,0.66,0.0066,1.17,0.011699999999999999,3.12,0.031200000000000002,1.65,0.0165,0.6,0.006
2017-01-25,0.36,0.0036,0.97,0.0097,0.86,0.0086,0.72,0.0072,2.28,0.022799999999999997,-0.92,-0.0092,1.99,0.0199,0.54,0.0054,0.08,0.0008,-0.03,-0.0003,0.86,0.0086,1.11,0.0111,0.88,0.0088,1.32,0.0132,1.09,0.0109,0.21,0.0021,1.36,0.013600000000000001,0.21,0.0021,2.42,0.0242,0.61,0.0060999999999999995
2017-01-26,-0.64,-0.0064,-0.79,-0.0079,-0.68,-0.0068000000000000005,0.95,0.0095,-0.15,-0.0015,1.21,0.0121,-1.43,-0.0143,0.07,0.0007000000000000001,0.06,0.0006,1.29,0.0129,-0.02,-0.0002,-0.45,-0.0045000000000000005,-0.5,-0.005,0.82,0.008199999999999999,-1.43,-0.0143,-0.07,-0.0007000000000000001,0.18,0.0018,-1.7,-0.017,0.54,0.0054,-0.17,-0.0017000000000000001
2017-01-27,-0.34,-0.0034000000000000002,-1.37,-0.0137,0.94,0.009399999999999999,-0.55,-0.0055000000000000005,-0.9,-0.009000000000000001,0.06,0.0006,-0.4,-0.004,-1.1,-0.011000000000000001,-0.33,-0.0033,0.3,0.003,0.08,0.0008,0.48,0.0048,-0.15,-0.0015,-0.67,-0.0067,-0.61,-0.0060999999999999995,-0.88,-0.0088,-0.36,-0.0036,0.93,0.009300000000000001,-0.55,-0.0055000000000000005,-0.66,-0.0066
2017-01-30,-0.22,-0.0022,0.06,0.0006,-0.62,-0.0062,-1.29,-0.0129,-0.8,-0.008,-1.51,-0.0151,-1.16,-0.0116,-1.9,-0.019,-0.29,-0.0029,-0.17,-0.0017000000000000001,-0.95,-0.0095,-0.53,-0.0053,-0.86,-0.0086,-1.46,-0.0146,-0.32,-0.0032,0.11,0.0011,-0.81,-0.008100000000000001,-0.83,-0.0083,-1.11,-0.0111,-0.14,-0.0014000000000000002
2017-01-31,0.24,0.0024,-0.93,-0.009300000000000001,1.47,0.0147,-0.53,-0.0053,-0.69,-0.0069,-0.97,-0.0097,0.5,0.005,-0.21,-0.0021,1.52,0.0152,0.13,0.0013,-0.34,-0.0034000000000000002,0.01,0.0001,0.14,0.0014000000000000002,-1.99,-0.0199,0.54,0.0054,0.12,0.0012,-0.53,-0.0053,0.73,0.0073,0.04,0.0004,-0.52,-0.0052
2017-02-01,-0.68,-0.0068000000000000005,-0.72,-0.0072,0.58,0.0058,0.84,0.0084,0.0,0.0,1.02,0.0102,-0.08,-0.0008,-0.75,-0.0075,-1.52,-0.0152,-0.07,-0.0007000000000000001,-0.39,-0.0039000000000000003,1.79,0.0179,0.4,0.004,-0.08,-0.0008,0.08,0.0008,-0.4,-0.004,0.18,0.0018,0.25,0.0025,0.14,0.0014000000000000002,-1.01,-0.0101
2017-02-02,0.76,0.0076,-1.07,-0.010700000000000001,0.34,0.0034000000000000002,-0.46,-0.0046,-0.62,-0.0062,1.46,0.0146,-0.81,-0.008100000000000001,0.62,0.0062,1.1,0.011000000000000001,-1.08,-0.0108,-0.03,-0.0003,0.19,0.0019,-0.72,-0.0072,-0.43,-0.0043,-0.04,-0.0004,0.22,0.0022,-0.54,-0.0054,0.39,0.0039000000000000003,-0.03,-0.0003,0.41,0.0040999999999999995
2017-02-03,0.6,0.006,-1.89,-0.0189,0.78,0.0078000000000000005,0.58,0.0058,1.12,0.011200000000000002,0.54,0.0054,1.0,0.01,0.89,0.0089,0.48,0.0048,0.32,0.0032,0.74,0.0074,0.64,0.0064,0.21,0.0021,1.29,0.0129,0.7,0.006999999999999999,-0.5,-0.005,2.14,0.021400000000000002,-1.08,-0.0108,1.18,0.0118,0.96,0.0096
2017-02-06,-0.64,-0.0064,0.39,0.0039000000000000003,-0.06,-0.0006,-0.36,-0.0036,-0.78,-0.0078000000000000005,0.42,0.0042,0.41,0.0040999999999999995,-0.9,-0.009000000000000001,-0.38,-0.0038,-0.79,-0.0079,-0.05,-0.0005,0.23,0.0023,-0.79,-0.0079,-0.03,-0.0003,-0.24,-0.0024,-0.46,-0.0046,-0.46,-0.0046,0.34,0.0034000000000000002,-0.06,-0.0006,0.23,0.0023
2017-02-07,0.55,0.0055000000000000005,-0.68,-0.0068000000000000005,-0.07,-0.0007000000000000001,-0.55,-0.0055000000000000005,-0.15,-0.0015,-0.05,-0.0005,-1.41,-0.0141,-1.52,-0.0152,-0.2,-0.002,-0.1,-0.001,0.19,0.0019,0.48,0.0048,0.41,0.0040999999999999995,-0.3,-0.003,0.26,0.0026,0.23,0.0023,-0.19,-0.0019,-1.96,-0.0196,1.53,0.015300000000000001,0.16,0.0016
2017-02-08,0.25,0.0025,1.83,0.0183,-0.21,-0.0021,0.12,0.0012,-0.25,-0.0025,0.92,0.0092,0.31,0.0031,0.09,0.0009,0.8,0.008,0.15,0.0015,0.19,0.0019,0.11,0.0011,0.71,0.0070999999999999995,0.14,0.0014000000000000002,0.22,0.0022,1.03,0.0103,-0.72,-0.0072,0.76,0.0076,-0.21,-0.0021,0.57,0.005699999999999999
2017-02-09,0.3,0.003,1.76,0.0176,0.56,0.005600000000000001,0.37,0.0037,0.9,0.009000000000000001,3.82,0.0382,1.01,0.0101,1.15,0.0115,-0.47,-0.004699999999999999,0.49,0.0049,0.71,0.0070999999999999995,0.4,0.004,-0.24,-0.0024,0.87,0.0087,0.88,0.0088,1.04,0.0104,1.34,0.0134,-1.35,-0.013500000000000002,0.63,0.0063,0.81,0.008100000000000001
2017-02-10,-0.13,-0.0013,2.22,0.0222,0.11,0.0011,1.02,0.0102,1.04,0.0104,1.4,0.013999999999999999,0.62,0.0062,0.82,0.008199999999999999,0.64,0.0064,0.23,0.0023,0.54,0.0054,0.0,0.0,0.57,0.005699999999999999,0.54,0.0054,0.26,0.0026,0.37,0.0037,0.25,0.0025,1.58,0.0158,0.62,0.0062,0.78,0.0078000000000000005
2017-02-13,0.0,0.0,-0.57,-0.005699999999999999,0.64,0.0064,0.98,0.0098,0.21,0.0021,2.3,0.023,1.39,0.0139,0.03,0.0003,0.4,0.004,-0.46,-0.0046,0.44,0.0044,0.74,0.0074,0.4,0.004,0.8,0.008,0.07,0.0007000000000000001,0.02,0.0002,1.01,0.0101,0.64,0.0064,0.7,0.006999999999999999,-0.15,-0.0015
2017-02-14,-0.09,-0.0009,0.83,0.0083,0.8,0.008,0.09,0.0009,-0.15,-0.0015,-0.65,-0.006500000000000001,1.17,0.011699999999999999,0.33,0.0033,-0.55,-0.0055000000000000005,0.31,0.0031,0.2,0.002,0.55,0.0055000000000000005,0.25,0.0025,-0.11,-0.0011,0.43,0.0043,0.74,0.0074,1.16,0.0116,-0.24,-0.0024,-0.25,-0.0025,0.41,0.0040999999999999995
2017-02-15,0.35,0.0034999999999999996,0.15,0.0015,1.32,0.0132,0.01,0.0001,1.1,0.011000000000000001,0.24,0.0024,-0.01,-0.0001,-0.3,-0.003,-0.32,-0.0032,0.41,0.0040999999999999995,0.34,0.0034000000000000002,0.61,0.0060999999999999995,0.45,0.0045000000000000005,0.98,0.0098,0.42,0.0042,0.57,0.005699999999999999,0.72,0.0072,-1.23,-0.0123,0.49,0.0049,0.55,0.0055000000000000005
2017-02-16,-0.97,-0.0097,-0.5,-0.005,-0.16,-0.0016,0.02,0.0002,-0.4,-0.004,-0.06,-0.0006,-1.17,-0.011699999999999999,-1.34,-0.0134,0.51,0.0051,0.01,0.0001,0.03,0.0003,0.2,0.002,0.6,0.006,-0.51,-0.0051,-0.1,-0.001,-0.33,-0.0033,-0.2,-0.002,-0.7,-0.006999999999999999,-0.56,-0.005600000000000001,-0.09,-0.0009
2017-02-17,1.0,0.01,1.21,0.0121,0.48,0.0048,-0.03,-0.0003,-0.56,-0.005600000000000001,0.2,0.002,0.5,0.005,-0.55,-0.0055000000000000005,0.04,0.0004,0.5,0.005,0.24,0.0024,0.38,0.0038,0.02,0.0002,0.38,0.0038,0.23,0.0023,0.57,0.005699999999999999,-0.36,-0.0036,-1.3,-0.013000000000000001,-0.4,-0.004,0.5,0.005
2017-02-21,0.92,0.0092,0.48,0.0048,0.14,0.0014000000000000002,0.7,0.006999999999999999,1.16,0.0116,1.44,0.0144,1.14,0.011399999999999999,0.76,0.0076,1.05,0.0105,0.48,0.0048,0.29,0.0029,0.74,0.0074,0.76,0.0076,0.25,0.0025,0.77,0.0077,1.15,0.0115,0.62,0.0062,0.36,0.0036,0.71,0.0070999999999999995,-0.15,-0.0015
2017-02-22,-0.31,-0.0031,1.13,0.0113,-0.3,-0.003,0.78,0.0078000000000000005,-0.15,-0.0015,-0.98,-0.0098,-0.3,-0.003,-1.75,-0.0175,0.02,0.0002,0.11,0.0011,0.22,0.0022,-0.03,-0.0003,0.28,0.0028000000000000004,-0.73,-0.0073,-0.4,-0.004,-0.1,-0.001,0.02,0.0002,-1.69,-0.0169,-0.34,-0.0034000000000000002,-0.87,-0.0087
2017-02-23,0.08,0.0008,-1.28,-0.0128,0.6,0.006,-0.64,-0.0064,-1.34,-0.0134,-4.09,-0.0409,-1.98,-0.019799999999999998,0.42,0.0042,0.87,0.0087,-0.07,-0.0007000000000000001,-0.03,-0.0003,-0.42,-0.0042,0.2,0.002,-1.08,-0.0108,-0.71,-0.0070999999999999995,-0.76,-0.0076,0.15,0.0015,-2.72,-0.027200000000000002,-1.03,-0.0103,-0.17,-0.0017000000000000001
2017-02-24,0.26,0.0026,0.91,0.0091,0.69,0.0069,0.09,0.0009,0.55,0.0055000000000000005,-0.34,-0.0034000000000000002,-0.38,-0.0038,-0.98,-0.0098,0.89,0.0089,0.53,0.0053,0.17,0.0017000000000000001,0.22,0.0022,0.08,0.0008,0.96,0.0096,0.37,0.0037,0.8,0.008,-0.63,-0.0063,-0.58,-0.0058,-0.1,-0.001,0.14,0.0014000000000000002
2017-02-27,-1.16,-0.0116,0.04,0.0004,0.78,0.0078000000000000005,-0.36,-0.0036,1.57,0.015700000000000002,2.2,0.022000000000000002,0.35,0.0034999999999999996,0.84,0.0084,-0.23,-0.0023,-0.53,-0.0053,-0.09,-0.0009,0.25,0.0025,0.13,0.0013,0.37,0.0037,0.43,0.0043,0.07,0.0007000000000000001,0.47,0.004699999999999999,-0.09,-0.0009,0.39,0.0039000000000000003,-0.44,-0.0044
2017-02-28,0.58,0.0058,-1.42,-0.014199999999999999,-0.25,-0.0025,-0.09,-0.0009,-1.06,-0.0106,-0.75,-0.0075,-0.88,-0.0088,-0.23,-0.0023,0.72,0.0072,-0.54,-0.0054,-0.52,-0.0052,-0.56,-0.005600000000000001,-0.47,-0.004699999999999999,-0.54,-0.0054,-1.04,-0.0104,-1.3,-0.013000000000000001,-0.45,-0.0045000000000000005,-0.03,-0.0003,-1.11,-0.0111,-0.1,-0.001
2017-03-01,0.61,0.0060999999999999995,0.98,0.0098,1.06,0.0106,1.73,0.0173,2.71,0.0271,3.03,0.030299999999999997,1.87,0.0187,2.1,0.021,-0.32,-0.0032,0.72,0.0072,1.4,0.013999999999999999,1.34,0.0134,1.55,0.0155,1.83,0.0183,1.3,0.013000000000000001,0.69,0.0069,2.56,0.0256,2.77,0.0277,1.93,0.019299999999999998,0.73,0.0073
2017-03-02,0.35,0.0034999999999999996,0.33,0.0033,-0.28,-0.0028000000000000004,-0.84,-0.0084,-0.93,-0.009300000000000001,-3.62,-0.0362,-0.2,-0.002,-1.01,-0.0101,0.55,0.0055000000000000005,-0.33,-0.0033,-0.73,-0.0073,-0.74,-0.0074,-0.29,-0.0029,-1.58,-0.0158,-0.89,-0.0089,0.18,0.0018,-1.47,-0.0147,-3.07,-0.030699999999999998,-1.02,-0.0102,-0.3,-0.003
2017-03-03,0.1,0.001,-1.42,-0.014199999999999999,0.48,0.0048,0.03,0.0003,0.05,0.0005,-0.28,-0.0028000000000000004,0.41,0.0040999999999999995,-0.38,-0.0038,-0.29,-0.0029,0.1,0.001,0.09,0.0009,0.2,0.002,-0.13,-0.0013,0.67,0.0067,0.34,0.0034000000000000002,-0.69,-0.0069,0.43,0.0043,0.52,0.0052,-0.13,-0.0013,-0.31,-0.0031
2017-03-06,-0.59,-0.0059,-0.05,-0.0005,-0.48,-0.0048,-0.38,-0.0038,-0.4,-0.004,-0.97,-0.0097,-0.84,-0.0084,0.34,0.0034000000000000002,-0.15,-0.0015,-0.15,-0.0015,-0.19,-0.0019,-0.37,-0.0037,-0.91,-0.0091,-0.59,-0.0059,-0.69,-0.0069,-0.66,-0.0066,-0.56,-0.005600000000000001,-1.74,-0.0174,-0.37,-0.0037,-0.35,-0.0034999999999999996
2017-03-07,-0.43,-0.0043,-0.56,-0.005600000000000001,-0.81,-0.008100000000000001,-0.24,-0.0024,-0.13,-0.0013,-2.9,-0.028999999999999998,-1.0,-0.01,-0.93,-0.009300000000000001,-0.11,-0.0011,-0.43,-0.0043,0.06,0.0006,0.13,0.0013,-0.5,-0.005,-1.11,-0.0111,-0.82,-0.008199999999999999,-0.48,-0.0048,-0.31,-0.0031,-1.25,-0.0125,-0.17,-0.0017000000000000001,-0.54,-0.0054
2017-03-08,-0.16,-0.0016,0.63,0.0063,0.46,0.0046,0.15,0.0015,0.47,0.004699999999999999,-0.41,-0.0040999999999999995,0.06,0.0006,-2.72,-0.027200000000000002,-1.59,-0.0159,-0.22,-0.0022,0.31,0.0031,-0.14,-0.0014000000000000002,0.24,0.0024,-0.48,-0.0048,-0.25,-0.0025,0.5,0.005,-0.09,-0.0009,-0.96,-0.0096,-0.64,-0.0064,-0.15,-0.0015
2017-03-09,0.47,0.004699999999999999,-0.55,-0.0055000000000000005,0.69,0.0069,-0.33,-0.0033,-0.75,-0.0075,-1.36,-0.013600000000000001,-0.8,-0.008,0.62,0.0062,-0.22,-0.0022,0.29,0.0029,-0.07,-0.0007000000000000001,-0.03,-0.0003,-0.05,-0.0005,-0.62,-0.0062,-0.33,-0.0033,-0.22,-0.0022,0.2,0.002,-1.75,-0.0175,-0.57,-0.005699999999999999,-0.3,-0.003
2017-03-10,0.42,0.0042,0.54,0.0054,0.29,0.0029,0.45,0.0045000000000000005,1.25,0.0125,0.46,0.0046,0.46,0.0046,-0.15,-0.0015,0.8,0.008,0.17,0.0017000000000000001,0.46,0.0046,0.48,0.0048,0.62,0.0062,0.61,0.0060999999999999995,0.07,0.0007000000000000001,0.25,0.0025,0.04,0.0004,1.03,0.0103,0.73,0.0073,-0.02,-0.0002
2017-03-13,-0.02,-0.0002,0.0,0.0,-0.07,-0.0007000000000000001,0.53,0.0053,-0.15,-0.0015,0.79,0.0079,0.48,0.0048,0.11,0.0011,0.23,0.0023,0.37,0.0037,0.25,0.0025,0.05,0.0005,0.14,0.0014000000000000002,-0.34,-0.0034000000000000002,0.43,0.0043,-0.11,-0.0011,0.12,0.0012,0.73,0.0073,0.46,0.0046,0.08,0.0008
2017-03-14,-0.17,-0.0017000000000000001,0.5,0.005,-0.36,-0.0036,-0.69,-0.0069,-0.68,-0.0068000000000000005,-0.2,-0.002,0.76,0.0076,-1.19,-0.011899999999999999,-0.38,-0.0038,-0.14,-0.0014000000000000002,-0.31,-0.0031,-0.26,-0.0026,-0.41,-0.0040999999999999995,-1.51,-0.0151,-0.57,-0.005699999999999999,0.05,0.0005,-0.18,-0.0018,-1.95,-0.0195,-1.22,-0.012199999999999999,-0.3,-0.003
2017-03-15,0.79,0.0079,1.06,0.0106,1.3,0.013000000000000001,1.48,0.0148,1.48,0.0148,3.43,0.034300000000000004,0.9,0.009000000000000001,2.12,0.0212,1.83,0.0183,0.9,0.009000000000000001,0.47,0.004699999999999999,0.93,0.009300000000000001,0.98,0.0098,1.18,0.0118,1.3,0.013000000000000001,0.26,0.0026,0.1,0.001,3.41,0.0341,1.93,0.019299999999999998,0.64,0.0064
2017-03-16,0.05,0.0005,0.15,0.0015,-0.84,-0.0084,-0.54,-0.0054,0.66,0.0066,0.53,0.0053,0.41,0.0040999999999999995,-0.56,-0.005600000000000001,-0.98,-0.0098,-0.27,-0.0027,0.49,0.0049,-0.12,-0.0012,-0.31,-0.0031,-0.31,-0.0031,-0.24,-0.0024,0.15,0.0015,0.4,0.004,-1.41,-0.0141,-0.03,-0.0003,0.22,0.0022
2017-03-17,-0.25,-0.0025,0.38,0.0038,-0.55,-0.0055000000000000005,0.79,0.0079,-0.27,-0.0027,0.43,0.0043,-0.95,-0.0095,-0.04,-0.0004,0.47,0.004699999999999999,0.26,0.0026,0.09,0.0009,0.07,0.0007000000000000001,0.33,0.0033,-0.27,-0.0027,0.25,0.0025,0.08,0.0008,-0.78,-0.0078000000000000005,0.0,0.0,0.31,0.0031,0.74,0.0074
2017-03-20,0.1,0.001,0.22,0.0022,0.07,0.0007000000000000001,0.18,0.0018,-0.53,-0.0053,0.08,0.0008,-0.83,-0.0083,-0.06,-0.0006,-0.61,-0.0060999999999999995,-0.16,-0.0016,-0.25,-0.0025,0.39,0.0039000000000000003,0.45,0.0045000000000000005,-0.41,-0.0040999999999999995,-0.78,-0.0078000000000000005,-0.52,-0.0052,-1.0,-0.01,0.3,0.003,-0.64,-0.0064,-0.16,-0.0016
2017-03-21,-0.35,-0.0034999999999999996,-1.33,-0.013300000000000001,-1.34,-0.0134,-1.91,-0.0191,-1.83,-0.0183,-4.98,-0.049800000000000004,-3.45,-0.0345,-0.88,-0.0088,0.97,0.0097,-0.93,-0.009300000000000001,-1.56,-0.015600000000000001,-1.52,-0.0152,-1.2,-0.012,-1.85,-0.018500000000000003,-1.49,-0.0149,-1.14,-0.011399999999999999,-2.87,-0.0287,-1.04,-0.0104,-1.6,-0.016,-0.39,-0.0039000000000000003
2017-03-22,-0.01,-0.0001,-2.92,-0.0292,0.19,0.0019,0.1,0.001,-0.13,-0.0013,0.81,0.008100000000000001,0.39,0.0039000000000000003,-0.2,-0.002,0.32,0.0032,-0.34,-0.0034000000000000002,0.49,0.0049,0.84,0.0084,0.11,0.0011,0.67,0.0067,0.31,0.0031,0.4,0.004,-0.23,-0.0023,1.12,0.011200000000000002,0.29,0.0029,0.75,0.0075
2017-03-23,-0.15,-0.0015,1.91,0.0191,-0.29,-0.0029,0.84,0.0084,0.49,0.0049,-0.27,-0.0027,-0.26,-0.0026,-0.33,-0.0033,-0.1,-0.001,0.28,0.0028000000000000004,-0.25,-0.0025,-0.15,-0.0015,0.2,0.002,-0.44,-0.0044,0.07,0.0007000000000000001,-0.07,-0.0007000000000000001,0.18,0.0018,-0.11,-0.0011,-0.25,-0.0025,0.13,0.0013
2017-03-24,-0.08,-0.0008,1.26,0.0126,0.23,0.0023,-0.92,-0.0092,-0.38,-0.0038,-1.68,-0.0168,0.57,0.005699999999999999,-0.45,-0.0045000000000000005,0.38,0.0038,0.23,0.0023,-0.01,-0.0001,0.06,0.0006,-0.61,-0.0060999999999999995,0.0,0.0,-0.14,-0.0014000000000000002,-0.2,-0.002,-0.03,-0.0003,-0.75,-0.0075,-0.41,-0.0040999999999999995,0.54,0.0054
2017-03-27,-0.11,-0.0011,0.09,0.0009,0.55,0.0055000000000000005,0.69,0.0069,-0.21,-0.0021,-0.43,-0.0043,0.1,0.001,-0.42,-0.0042,-0.33,-0.0033,-0.35,-0.0034999999999999996,0.16,0.0016,0.13,0.0013,-0.48,-0.0048,0.0,0.0,0.1,0.001,0.0,0.0,-0.41,-0.0040999999999999995,-0.99,-0.009899999999999999,-0.05,-0.0005,0.08,0.0008
2017-03-28,0.23,0.0023,1.13,0.0113,-0.09,-0.0009,1.2,0.012,0.94,0.009399999999999999,1.86,0.018600000000000002,1.65,0.0165,1.34,0.0134,0.21,0.0021,0.3,0.003,0.44,0.0044,0.9,0.009000000000000001,0.6,0.006,1.72,0.0172,0.58,0.0058,0.71,0.0070999999999999995,1.31,0.0131,0.81,0.008100000000000001,1.26,0.0126,0.95,0.0095
2017-03-29,0.26,0.0026,0.89,0.0089,0.11,0.0011,0.05,0.0005,0.29,0.0029,-0.85,-0.0085,0.03,0.0003,1.37,0.0137,-0.11,-0.0011,0.08,0.0008,0.41,0.0040999999999999995,0.03,0.0003,-0.26,-0.0026,-0.32,-0.0032,0.27,0.0027,1.15,0.0115,-0.39,-0.0039000000000000003,1.15,0.0115,0.35,0.0034999999999999996,-0.07,-0.0007000000000000001
2017-03-30,-0.38,-0.0038,-2.19,-0.0219,-0.14,-0.0014000000000000002,0.05,0.0005,0.45,0.0045000000000000005,0.71,0.0070999999999999995,0.05,0.0005,0.6,0.006,-0.58,-0.0058,0.65,0.006500000000000001,0.11,0.0011,0.28,0.0028000000000000004,0.2,0.002,0.83,0.0083,0.01,0.0001,0.31,0.0031,1.38,0.0138,0.37,0.0037,0.36,0.0036,0.61,0.0060999999999999995
2017-03-31,-0.1,-0.001,-0.13,-0.0013,-0.11,-0.0011,-0.16,-0.0016,0.18,0.0018,-0.18,-0.0018,-0.01,-0.0001,-0.38,-0.0038,0.41,0.0040999999999999995,-0.15,-0.0015,-0.02,-0.0002,-0.1,-0.001,-0.05,-0.0005,-0.5,-0.005,0.11,0.0011,0.16,0.0016,-0.63,-0.0063,0.7,0.006999999999999999,0.09,0.0009,0.16,0.0016
2017-04-03,-0.08,-0.0008,-0.75,-0.0075,-0.22,-0.0022,-0.7,-0.006999999999999999,-1.15,-0.0115,-0.29,-0.0029,-0.78,-0.0078000000000000005,-0.17,-0.0017000000000000001,-0.07,-0.0007000000000000001,-0.01,-0.0001,-0.21,-0.0021,-0.38,-0.0038,-0.54,-0.0054,-0.09,-0.0009,-0.89,-0.0089,-0.41,-0.0040999999999999995,-0.32,-0.0032,0.07,0.0007000000000000001,-0.39,-0.0039000000000000003,-0.13,-0.0013
2017-04-04,0.25,0.0025,-1.58,-0.0158,-0.03,-0.0003,0.32,0.0032,-0.13,-0.0013,0.66,0.0066,-0.34,-0.0034000000000000002,0.77,0.0077,0.44,0.0044,0.34,0.0034000000000000002,-0.2,-0.002,0.07,0.0007000000000000001,-0.17,-0.0017000000000000001,-0.02,-0.0002,-0.18,-0.0018,0.19,0.0019,-0.16,-0.0016,0.89,0.0089,-1.23,-0.0123,-0.32,-0.0032
2017-04-05,0.17,0.0017000000000000001,-0.08,-0.0008,-0.57,-0.005699999999999999,-0.16,-0.0016,-0.65,-0.006500000000000001,-2.23,-0.0223,-1.14,-0.011399999999999999,-0.54,-0.0054,0.35,0.0034999999999999996,-0.47,-0.004699999999999999,-0.2,-0.002,-0.6,-0.006,-0.28,-0.0028000000000000004,-0.16,-0.0016,-0.51,-0.0051,-0.36,-0.0036,-0.76,-0.0076,-0.52,-0.0052,-0.87,-0.0087,0.3,0.003
2017-04-06,0.02,0.0002,0.71,0.0070999999999999995,0.05,0.0005,0.5,0.005,0.84,0.0084,0.92,0.0092,0.54,0.0054,0.81,0.008100000000000001,0.09,0.0009,0.18,0.0018,0.07,0.0007000000000000001,0.18,0.0018,0.18,0.0018,0.38,0.0038,0.47,0.004699999999999999,0.36,0.0036,0.62,0.0062,0.78,0.0078000000000000005,0.81,0.008100000000000001,0.13,0.0013
2017-04-07,-0.1,-0.001,-0.32,-0.0032,0.19,0.0019,-0.08,-0.0008,0.09,0.0009,1.46,0.0146,-0.16,-0.0016,-0.38,-0.0038,-0.46,-0.0046,-0.15,-0.0015,-0.1,-0.001,0.05,0.0005,-0.21,-0.0021,-0.2,-0.002,-0.26,-0.0026,0.15,0.0015,-0.29,-0.0029,0.51,0.0051,-0.12,-0.0012,-0.38,-0.0038
2017-04-10,0.17,0.0017000000000000001,0.13,0.0013,-0.27,-0.0027,0.07,0.0007000000000000001,0.31,0.0031,-0.68,-0.0068000000000000005,0.95,0.0095,0.9,0.009000000000000001,0.18,0.0018,-0.16,-0.0016,0.0,0.0,-0.23,-0.0023,0.17,0.0017000000000000001,0.81,0.008100000000000001,0.44,0.0044,0.8,0.008,-0.23,-0.0023,0.0,0.0,0.43,0.0043,0.06,0.0006
2017-04-11,-0.13,-0.0013,0.22,0.0022,-0.14,-0.0014000000000000002,-0.19,-0.0019,0.86,0.0086,1.17,0.011699999999999999,0.03,0.0003,-0.12,-0.0012,-0.01,-0.0001,-0.09,-0.0009,-0.09,-0.0009,-0.47,-0.004699999999999999,0.2,0.002,-0.23,-0.0023,0.26,0.0026,0.04,0.0004,-0.04,-0.0004,0.76,0.0076,0.47,0.004699999999999999,0.46,0.0046
2017-04-12,0.52,0.0052,0.38,0.0038,0.18,0.0018,-1.18,-0.0118,-1.7,-0.017,-4.35,-0.0435,-1.62,-0.016200000000000003,-0.52,-0.0052,0.53,0.0053,0.16,0.0016,-0.3,-0.003,-0.7,-0.006999999999999999,-0.5,-0.005,-1.54,-0.0154,-1.56,-0.015600000000000001,-0.54,-0.0054,-0.89,-0.0089,-2.64,-0.0264,-2.01,-0.020099999999999996,-0.19,-0.0019
2017-04-13,-0.58,-0.0058,-0.66,-0.0066,-0.15,-0.0015,-1.2,-0.012,-0.6,-0.006,-2.03,-0.0203,-0.68,-0.0068000000000000005,-1.93,-0.019299999999999998,-0.54,-0.0054,-0.56,-0.005600000000000001,-0.37,-0.0037,-0.55,-0.0055000000000000005,-0.6,-0.006,-1.01,-0.0101,-0.87,-0.0087,-0.69,-0.0069,-1.18,-0.0118,-1.23,-0.0123,-0.91,-0.0091,-0.34,-0.0034000000000000002
2017-04-17,0.49,0.0049,1.05,0.0105,0.21,0.0021,0.83,0.0083,1.48,0.0148,0.55,0.0055000000000000005,1.02,0.0102,0.25,0.0025,0.5,0.005,0.43,0.0043,1.16,0.0116,0.84,0.0084,1.09,0.0109,1.27,0.0127,0.64,0.0064,0.92,0.0092,1.56,0.015600000000000001,0.51,0.0051,1.2,0.012,0.57,0.005699999999999999
2017-04-18,0.8,0.008,-0.38,-0.0038,-1.09,-0.0109,-0.15,-0.0015,0.22,0.0022,-0.72,-0.0072,-0.32,-0.0032,-1.01,-0.0101,0.08,0.0008,0.26,0.0026,-0.03,-0.0003,-0.02,-0.0002,0.29,0.0029,-0.54,-0.0054,-2.37,-0.023700000000000002,0.12,0.0012,-0.6,-0.006,-1.07,-0.010700000000000001,-0.13,-0.0013,0.28,0.0028000000000000004
2017-04-19,-0.46,-0.0046,0.25,0.0025,0.25,0.0025,0.04,0.0004,0.08,0.0008,0.07,0.0007000000000000001,0.83,0.0083,-1.55,-0.0155,-0.7,-0.006999999999999999,0.12,0.0012,-0.08,-0.0008,0.08,0.0008,0.41,0.0040999999999999995,0.62,0.0062,0.06,0.0006,0.1,0.001,-0.01,-0.0001,-1.02,-0.0102,0.0,0.0,0.52,0.0052
2017-04-20,0.17,0.0017000000000000001,1.22,0.012199999999999999,0.55,0.0055000000000000005,1.2,0.012,0.45,0.0045000000000000005,3.97,0.0397,1.37,0.0137,0.45,0.0045000000000000005,-0.4,-0.004,0.39,0.0039000000000000003,0.76,0.0076,0.9,0.009000000000000001,0.54,0.0054,1.84,0.0184,0.97,0.0097,0.95,0.0095,1.62,0.016200000000000003,1.53,0.015300000000000001,1.32,0.0132,1.08,0.0108
2017-04-21,-0.18,-0.0018,-1.18,-0.0118,-0.53,-0.0053,-0.02,-0.0002,-0.07,-0.0007000000000000001,-0.15,-0.0015,-0.57,-0.005699999999999999,-0.07,-0.0007000000000000001,0.32,0.0032,-0.7,-0.006999999999999999,0.09,0.0009,-0.23,-0.0023,-0.16,-0.0016,0.27,0.0027,-0.48,-0.0048,-0.02,-0.0002,-0.65,-0.006500000000000001,-0.21,-0.0021,-0.24,-0.0024,0.24,0.0024
2017-04-24,0.66,0.0066,0.32,0.0032,1.11,0.0111,1.55,0.0155,1.1,0.011000000000000001,2.17,0.0217,1.46,0.0146,0.65,0.006500000000000001,0.52,0.0052,0.01,0.0001,1.45,0.014499999999999999,1.36,0.013600000000000001,1.12,0.011200000000000002,1.31,0.0131,0.72,0.0072,0.68,0.0068000000000000005,1.95,0.0195,0.44,0.0044,1.67,0.0167,0.81,0.008100000000000001
2017-04-25,-0.14,-0.0014000000000000002,0.2,0.002,0.61,0.0060999999999999995,1.91,0.0191,0.82,0.008199999999999999,1.09,0.0109,0.64,0.0064,1.08,0.0108,0.17,0.0017000000000000001,0.68,0.0068000000000000005,0.49,0.0049,0.69,0.0069,0.87,0.0087,0.53,0.0053,0.6,0.006,0.13,0.0013,0.75,0.0075,0.65,0.006500000000000001,1.2,0.012,1.79,0.0179
2017-04-26,-0.59,-0.0059,0.05,0.0005,0.31,0.0031,-0.26,-0.0026,0.59,0.0059,-0.53,-0.0053,0.31,0.0031,-0.49,-0.0049,-0.18,-0.0018,0.65,0.006500000000000001,0.03,0.0003,-0.18,-0.0018,-0.09,-0.0009,-0.36,-0.0036,0.4,0.004,0.61,0.0060999999999999995,0.21,0.0021,0.71,0.0070999999999999995,-0.22,-0.0022,0.6,0.006
2017-04-27,-0.25,-0.0025,1.06,0.0106,0.23,0.0023,-0.38,-0.0038,-0.23,-0.0023,-0.83,-0.0083,0.32,0.0032,-0.94,-0.009399999999999999,0.04,0.0004,-0.15,-0.0015,0.64,0.0064,0.55,0.0055000000000000005,0.42,0.0042,0.44,0.0044,0.17,0.0017000000000000001,0.43,0.0043,-0.44,-0.0044,-1.02,-0.0102,-0.3,-0.003,-0.1,-0.001
2017-04-28,0.06,0.0006,-1.62,-0.016200000000000003,0.24,0.0024,-0.72,-0.0072,-1.52,-0.0152,-0.55,-0.0055000000000000005,0.05,0.0005,0.16,0.0016,-0.5,-0.005,-0.8,-0.008,0.76,0.0076,-0.47,-0.004699999999999999,-0.63,-0.0063,-1.02,-0.0102,-0.95,-0.0095,-0.14,-0.0014000000000000002,-0.9,-0.009000000000000001,-0.31,-0.0031,-1.03,-0.0103,-1.13,-0.0113
2017-05-01,-0.71,-0.0070999999999999995,-1.17,-0.011699999999999999,0.17,0.0017000000000000001,0.02,0.0002,-0.03,-0.0003,0.15,0.0015,-0.05,-0.0005,-0.19,-0.0019,-0.53,-0.0053,-0.39,-0.0039000000000000003,0.77,0.0077,0.85,0.0085,-0.46,-0.0046,-0.18,-0.0018,-0.08,-0.0008,0.14,0.0014000000000000002,0.55,0.0055000000000000005,-0.62,-0.0062,-0.09,-0.0009,0.54,0.0054
2017-05-02,-0.58,-0.0058,1.19,0.011899999999999999,0.04,0.0004,-0.21,-0.0021,-0.12,-0.0012,-0.26,-0.0026,-1.52,-0.0152,-0.52,-0.0052,0.1,0.001,-0.33,-0.0033,0.26,0.0026,0.16,0.0016,-0.16,-0.0016,1.1,0.011000000000000001,0.27,0.0027,0.22,0.0022,0.01,0.0001,1.94,0.0194,-1.69,-0.0169,0.91,0.0091
2017-05-03,0.11,0.0011,-1.11,-0.0111,-0.45,-0.0045000000000000005,-1.0,-0.01,-0.44,-0.0044,-2.16,-0.0216,-0.25,-0.0025,0.38,0.0038,-0.46,-0.0046,-2.2,-0.022000000000000002,-0.24,-0.0024,-0.01,-0.0001,-0.06,-0.0006,0.0,0.0,-0.23,-0.0023,0.05,0.0005,0.37,0.0037,-2.4,-0.024,-0.32,-0.0032,0.45,0.0045000000000000005
2017-05-04,0.55,0.0055000000000000005,0.2,0.002,0.46,0.0046,-0.03,-0.0003,0.08,0.0008,0.0,0.0,-1.22,-0.012199999999999999,-2.11,-0.021099999999999997,-0.18,-0.0018,-0.71,-0.0070999999999999995,0.34,0.0034000000000000002,0.01,0.0001,0.95,0.0095,0.11,0.0011,0.91,0.0091,0.0,0.0,0.28,0.0028000000000000004,-1.41,-0.0141,-0.43,-0.0043,0.28,0.0028000000000000004
2017-05-05,0.2,0.002,0.22,0.0022,-0.25,-0.0025,1.81,0.0181,0.23,0.0023,0.28,0.0028000000000000004,1.55,0.0155,1.8,0.018000000000000002,0.84,0.0084,1.47,0.0147,0.18,0.0018,0.9,0.009000000000000001,0.39,0.0039000000000000003,0.45,0.0045000000000000005,0.72,0.0072,0.2,0.002,-0.11,-0.0011,1.24,0.0124,1.06,0.0106,0.36,0.0036
2017-05-08,0.1,0.001,0.63,0.0063,-0.86,-0.0086,-0.89,-0.0089,-0.35,-0.0034999999999999996,-0.87,-0.0087,-0.1,-0.001,0.88,0.0088,-0.04,-0.0004,-0.36,-0.0036,0.11,0.0011,0.65,0.006500000000000001,0.48,0.0048,-0.76,-0.0076,-0.3,-0.003,0.34,0.0034000000000000002,-0.03,-0.0003,-0.43,-0.0043,-0.24,-0.0024,-0.26,-0.0026
2017-05-09,-0.8,-0.008,1.24,0.0124,0.22,0.0022,-0.57,-0.005699999999999999,0.86,0.0086,-0.9,-0.009000000000000001,1.34,0.0134,-0.93,-0.009300000000000001,-0.99,-0.009899999999999999,-0.24,-0.0024,0.04,0.0004,0.36,0.0036,-0.47,-0.004699999999999999,0.56,0.005600000000000001,0.01,0.0001,0.57,0.005699999999999999,-0.39,-0.0039000000000000003,0.0,0.0,-0.06,-0.0006,0.84,0.0084
2017-05-10,0.09,0.0009,0.2,0.002,-0.1,-0.001,0.34,0.0034000000000000002,-0.22,-0.0022,-0.28,-0.0028000000000000004,0.07,0.0007000000000000001,1.43,0.0143,0.42,0.0042,-0.36,-0.0036,0.15,0.0015,0.35,0.0034999999999999996,0.3,0.003,-0.36,-0.0036,0.12,0.0012,0.21,0.0021,0.23,0.0023,1.31,0.0131,0.7,0.006999999999999999,0.14,0.0014000000000000002
2017-05-11,0.08,0.0008,-1.01,-0.0101,-0.04,-0.0004,-0.31,-0.0031,-0.07,-0.0007000000000000001,-1.06,-0.0106,-0.67,-0.0067,-0.09,-0.0009,0.06,0.0006,-0.17,-0.0017000000000000001,-0.4,-0.004,0.13,0.0013,-0.23,-0.0023,-0.08,-0.0008,0.23,0.0023,-0.83,-0.0083,-0.53,-0.0053,0.69,0.0069,-0.58,-0.0058,-0.24,-0.0024
2017-05-12,-0.08,-0.0008,-1.05,-0.0105,-0.01,-0.0001,0.06,0.0006,-1.16,-0.0116,-0.17,-0.0017000000000000001,-0.81,-0.008100000000000001,-0.23,-0.0023,0.4,0.004,-0.29,-0.0029,-0.05,-0.0005,0.41,0.0040999999999999995,-0.42,-0.0042,-0.34,-0.0034000000000000002,-0.72,-0.0072,-0.37,-0.0037,-0.48,-0.0048,-0.6,-0.006,-1.64,-0.016399999999999998,-0.09,-0.0009
2017-05-15,0.52,0.0052,-0.47,-0.004699999999999999,0.8,0.008,0.85,0.0085,0.89,0.0089,1.22,0.012199999999999999,-0.1,-0.001,0.65,0.006500000000000001,0.37,0.0037,-0.26,-0.0026,0.56,0.005600000000000001,0.64,0.0064,0.66,0.0066,0.83,0.0083,0.4,0.004,0.04,0.0004,0.77,0.0077,1.42,0.014199999999999999,1.24,0.0124,0.66,0.0066
2017-05-16,-0.26,-0.0026,-1.86,-0.018600000000000002,-0.16,-0.0016,0.16,0.0016,-0.13,-0.0013,-0.36,-0.0036,-0.14,-0.0014000000000000002,-0.41,-0.0040999999999999995,-0.77,-0.0077,-0.56,-0.005600000000000001,0.56,0.005600000000000001,0.33,0.0033,-0.01,-0.0001,-0.04,-0.0004,-0.18,-0.0018,-0.39,-0.0039000000000000003,0.03,0.0003,-0.45,-0.0045000000000000005,-0.22,-0.0022,-0.05,-0.0005
2017-05-17,0.0,0.0,-1.69,-0.0169,-1.49,-0.0149,-2.43,-0.024300000000000002,-2.33,-0.0233,-2.95,-0.029500000000000002,-2.91,-0.0291,-1.01,-0.0101,0.03,0.0003,-1.88,-0.018799999999999997,-2.56,-0.0256,-2.83,-0.028300000000000002,-1.28,-0.0128,-3.08,-0.0308,-1.87,-0.0187,-1.53,-0.015300000000000001,-2.91,-0.0291,-2.02,-0.0202,-1.84,-0.0184,-0.82,-0.008199999999999999
2017-05-18,-0.03,-0.0003,-0.12,-0.0012,0.57,0.005699999999999999,0.17,0.0017000000000000001,0.4,0.004,-0.24,-0.0024,0.42,0.0042,-0.17,-0.0017000000000000001,0.25,0.0025,1.18,0.0118,0.61,0.0060999999999999995,0.39,0.0039000000000000003,-0.49,-0.0049,0.51,0.0051,0.07,0.0007000000000000001,0.94,0.009399999999999999,0.39,0.0039000000000000003,-0.32,-0.0032,0.55,0.0055000000000000005,0.43,0.0043
2017-05-19,0.54,0.0054,0.52,0.0052,0.0,0.0,1.11,0.0111,1.27,0.0127,1.84,0.0184,0.45,0.0045000000000000005,1.45,0.014499999999999999,0.49,0.0049,0.85,0.0085,0.55,0.0055000000000000005,0.61,0.0060999999999999995,0.54,0.0054,0.6,0.006,1.96,0.0196,0.31,0.0031,0.72,0.0072,1.54,0.0154,1.23,0.0123,1.14,0.011399999999999999
2017-05-22,0.75,0.0075,0.22,0.0022,0.17,0.0017000000000000001,-0.14,-0.0014000000000000002,0.29,0.0029,0.24,0.0024,0.74,0.0074,-0.27,-0.0027,0.76,0.0076,0.49,0.0049,0.94,0.009399999999999999,0.91,0.0091,0.76,0.0076,0.96,0.0096,0.72,0.0072,0.41,0.0040999999999999995,0.34,0.0034000000000000002,0.83,0.0083,0.36,0.0036,0.36,0.0036
2017-05-23,0.53,0.0053,0.49,0.0049,0.23,0.0023,0.12,0.0012,-0.34,-0.0034000000000000002,2.63,0.0263,-0.28,-0.0028000000000000004,0.11,0.0011,0.32,0.0032,0.06,0.0006,0.15,0.0015,-0.05,-0.0005,-0.11,-0.0011,0.53,0.0053,0.0,0.0,-0.57,-0.005699999999999999,0.83,0.0083,-0.54,-0.0054,0.06,0.0006,-0.15,-0.0015
2017-05-24,0.7,0.006999999999999999,-0.05,-0.0005,0.17,0.0017000000000000001,0.59,0.0059,-0.15,-0.0015,-0.13,-0.0013,0.36,0.0036,-0.39,-0.0039000000000000003,0.49,0.0049,0.39,0.0039000000000000003,0.73,0.0073,0.14,0.0014000000000000002,0.49,0.0049,0.21,0.0021,0.22,0.0022,-0.21,-0.0021,0.1,0.001,-0.3,-0.003,0.55,0.0055000000000000005,1.12,0.011200000000000002
2017-05-25,0.3,0.003,0.72,0.0072,0.37,0.0037,-0.37,-0.0037,-0.54,-0.0054,-1.21,-0.0121,-0.2,-0.002,-1.81,-0.0181,0.62,0.0062,0.4,0.004,1.01,0.0101,0.39,0.0039000000000000003,0.84,0.0084,1.85,0.018500000000000003,0.46,0.0046,1.12,0.011200000000000002,0.28,0.0028000000000000004,0.01,0.0001,-0.15,-0.0015,0.52,0.0052
2017-05-26,0.12,0.0012,0.7,0.006999999999999999,-0.33,-0.0033,0.29,0.0029,-0.16,-0.0016,-0.39,-0.0039000000000000003,1.09,0.0109,0.04,0.0004,-0.12,-0.0012,0.46,0.0046,0.05,0.0005,0.06,0.0006,0.42,0.0042,0.36,0.0036,-0.15,-0.0015,0.11,0.0011,-0.13,-0.0013,0.04,0.0004,-0.21,-0.0021,0.14,0.0014000000000000002
2017-05-30,-0.43,-0.0043,0.22,0.0022,-0.33,-0.0033,-0.4,-0.004,-0.28,-0.0028000000000000004,0.31,0.0031,1.06,0.0106,-1.27,-0.0127,-0.12,-0.0012,0.49,0.0049,0.16,0.0016,0.25,0.0025,0.46,0.0046,-0.33,-0.0033,-0.38,-0.0038,-0.15,-0.0015,-0.74,-0.0074,-0.37,-0.0037,-0.21,-0.0021,-0.04,-0.0004
2017-05-31,0.06,0.0006,0.26,0.0026,0.57,0.005699999999999999,0.33,0.0033,-0.06,-0.0006,-0.23,-0.0023,0.81,0.008100000000000001,-0.7,-0.006999999999999999,0.51,0.0051,0.51,0.0051,-0.24,-0.0024,-0.17,-0.0017000000000000001,0.32,0.0032,-0.09,-0.0009,0.37,0.0037,0.04,0.0004,-0.66,-0.0066,-0.48,-0.0048,-0.12,-0.0012,0.66,0.0066
2017-06-01,0.96,0.0096,0.16,0.0016,1.1,0.011000000000000001,1.35,0.013500000000000002,1.52,0.0152,1.65,0.0165,1.65,0.0165,0.74,0.0074,0.79,0.0079,0.69,0.0069,0.65,0.006500000000000001,0.56,0.005600000000000001,0.74,0.0074,1.15,0.0115,1.75,0.0175,1.17,0.011699999999999999,1.37,0.0137,0.31,0.0031,1.38,0.0138,1.14,0.011399999999999999
2017-06-02,0.18,0.0018,1.27,0.0127,0.9,0.009000000000000001,0.73,0.0073,0.89,0.0089,-0.04,-0.0004,-0.09,-0.0009,-1.32,-0.0132,0.09,0.0009,0.22,0.0022,0.79,0.0079,0.77,0.0077,0.56,0.005600000000000001,0.67,0.0067,0.28,0.0028000000000000004,0.29,0.0029,-0.18,-0.0018,-0.61,-0.0060999999999999995,0.64,0.0064,0.85,0.0085
2017-06-05,-0.06,-0.0006,-0.02,-0.0002,-0.47,-0.004699999999999999,-0.61,-0.0060999999999999995,-0.95,-0.0095,0.08,0.0008,0.12,0.0012,0.15,0.0015,-0.5,-0.005,-0.52,-0.0052,0.22,0.0022,-0.45,-0.0045000000000000005,-0.44,-0.0044,-0.06,-0.0006,-0.32,-0.0032,0.07,0.0007000000000000001,0.01,0.0001,0.13,0.0013,-0.4,-0.004,-0.53,-0.0053
2017-06-06,-0.08,-0.0008,-0.87,-0.0087,-0.3,-0.003,-0.09,-0.0009,-0.38,-0.0038,-0.89,-0.0089,0.58,0.0058,1.42,0.014199999999999999,-0.13,-0.0013,-0.44,-0.0044,-0.34,-0.0034000000000000002,-0.07,-0.0007000000000000001,-0.4,-0.004,-0.48,-0.0048,-1.64,-0.016399999999999998,-1.33,-0.013300000000000001,-0.39,-0.0039000000000000003,1.72,0.0172,-0.77,-0.0077,-0.65,-0.006500000000000001
2017-06-07,0.07,0.0007000000000000001,0.73,0.0073,0.19,0.0019,-0.01,-0.0001,-0.18,-0.0018,-0.95,-0.0095,0.26,0.0026,-1.7,-0.017,0.19,0.0019,0.18,0.0018,0.08,0.0008,0.36,0.0036,0.13,0.0013,0.47,0.004699999999999999,-0.32,-0.0032,0.32,0.0032,0.83,0.0083,0.01,0.0001,-0.95,-0.0095,-0.03,-0.0003
2017-06-08,-0.8,-0.008,0.11,0.0011,0.03,0.0003,0.44,0.0044,0.55,0.0055000000000000005,3.7,0.037000000000000005,0.44,0.0044,-0.37,-0.0037,-0.62,-0.0062,-0.98,-0.0098,0.32,0.0032,0.5,0.005,-0.34,-0.0034000000000000002,0.15,0.0015,0.41,0.0040999999999999995,-0.2,-0.002,1.12,0.011200000000000002,1.49,0.0149,1.73,0.0173,-0.69,-0.0069
2017-06-09,-0.42,-0.0042,1.39,0.0139,0.64,0.0064,1.51,0.0151,0.91,0.0091,0.56,0.005600000000000001,-0.32,-0.0032,2.69,0.0269,0.27,0.0027,0.07,0.0007000000000000001,-2.17,-0.0217,-2.62,-0.0262,0.58,0.0058,-0.33,-0.0033,0.74,0.0074,-0.32,-0.0032,1.54,0.0154,0.6,0.006,1.04,0.0104,-0.49,-0.0049
2017-06-12,0.23,0.0023,1.08,0.0108,-0.03,-0.0003,-0.86,-0.0086,0.21,0.0021,-0.15,-0.0015,0.67,0.0067,0.81,0.008100000000000001,-0.15,-0.0015,1.06,0.0106,-0.51,-0.0051,-0.96,-0.0096,0.08,0.0008,0.43,0.0043,0.0,0.0,-0.33,-0.0033,-0.08,-0.0008,-0.52,-0.0052,0.26,0.0026,-1.04,-0.0104
2017-06-13,0.38,0.0038,0.31,0.0031,0.23,0.0023,1.53,0.015300000000000001,1.11,0.0111,0.99,0.009899999999999999,0.96,0.0096,0.91,0.0091,0.3,0.003,-0.39,-0.0039000000000000003,0.86,0.0086,0.73,0.0073,0.96,0.0096,0.6,0.006,0.17,0.0017000000000000001,0.73,0.0073,0.56,0.005600000000000001,0.95,0.0095,-0.3,-0.003,0.37,0.0037
2017-06-14,0.26,0.0026,0.49,0.0049,0.46,0.0046,-1.1,-0.011000000000000001,-0.06,-0.0006,-2.27,-0.0227,-0.25,-0.0025,-2.09,-0.0209,0.27,0.0027,-0.38,-0.0038,-0.29,-0.0029,-0.73,-0.0073,0.26,0.0026,-0.71,-0.0070999999999999995,-0.11,-0.0011,0.25,0.0025,0.18,0.0018,-2.51,-0.025099999999999997,-0.62,-0.0062,0.0,0.0
2017-06-15,0.02,0.0002,-1.63,-0.0163,-0.17,-0.0017000000000000001,-0.75,-0.0075,-0.65,-0.006500000000000001,-3.83,-0.0383,-0.19,-0.0019,-0.79,-0.0079,0.34,0.0034000000000000002,0.21,0.0021,-0.3,-0.003,-0.41,-0.0040999999999999995,0.19,0.0019,0.27,0.0027,-0.14,-0.0014000000000000002,-1.25,-0.0125,-0.43,-0.0043,-2.25,-0.0225,0.16,0.0016,-0.15,-0.0015
2017-06-16,-1.27,-0.0127,-1.37,-0.0137,0.11,0.0011,0.37,0.0037,0.08,0.0008,-0.21,-0.0021,-1.12,-0.011200000000000002,1.59,0.0159,0.7,0.006999999999999999,-0.23,-0.0023,0.1,0.001,-0.45,-0.0045000000000000005,0.35,0.0034999999999999996,0.16,0.0016,-0.75,-0.0075,-1.14,-0.011399999999999999,-0.07,-0.0007000000000000001,0.0,0.0,0.3,0.003,0.15,0.0015
2017-06-19,0.28,0.0028000000000000004,0.95,0.0095,1.26,0.0126,1.15,0.0115,0.93,0.009300000000000001,0.91,0.0091,0.28,0.0028000000000000004,-0.49,-0.0049,-0.58,-0.0058,0.31,0.0031,1.38,0.0138,1.9,0.019,0.59,0.0059,0.76,0.0076,0.78,0.0078000000000000005,0.75,0.0075,0.87,0.0087,0.71,0.0070999999999999995,0.58,0.0058,1.06,0.0106
2017-06-20,-0.37,-0.0037,-1.69,-0.0169,0.55,0.0055000000000000005,-0.62,-0.0062,-0.36,-0.0036,-0.47,-0.004699999999999999,-0.66,-0.0066,-1.12,-0.011200000000000002,-0.36,-0.0036,-1.53,-0.015300000000000001,-0.72,-0.0072,-0.93,-0.009300000000000001,-0.43,-0.0043,-1.81,-0.0181,-1.17,-0.011699999999999999,-0.93,-0.009300000000000001,-0.8,-0.008,-1.61,-0.0161,-1.42,-0.014199999999999999,-0.91,-0.0091
2017-06-21,-0.39,-0.0039000000000000003,0.82,0.008199999999999999,1.59,0.0159,-1.44,-0.0144,-1.16,-0.0116,-1.33,-0.013300000000000001,-0.15,-0.0015,-1.77,-0.0177,-0.69,-0.0069,-0.27,-0.0027,0.75,0.0075,0.36,0.0036,-0.39,-0.0039000000000000003,0.11,0.0011,-0.14,-0.0014000000000000002,-0.01,-0.0001,-0.63,-0.0063,-0.08,-0.0008,-1.77,-0.0177,-0.23,-0.0023
2017-06-22,-0.39,-0.0039000000000000003,0.59,0.0059,1.15,0.0115,0.1,0.001,-0.07,-0.0007000000000000001,0.95,0.0095,0.6,0.006,-0.14,-0.0014000000000000002,-0.27,-0.0027,-0.34,-0.0034000000000000002,0.53,0.0053,-0.12,-0.0012,-0.33,-0.0033,0.23,0.0023,0.49,0.0049,-0.4,-0.004,-0.37,-0.0037,1.15,0.0115,0.27,0.0027,0.21,0.0021
2017-06-23,0.32,0.0032,1.14,0.011399999999999999,0.08,0.0008,0.14,0.0014000000000000002,0.6,0.006,1.32,0.0132,0.09,0.0009,0.81,0.008100000000000001,-0.01,-0.0001,-0.08,-0.0008,0.83,0.0083,0.38,0.0038,0.58,0.0058,0.69,0.0069,0.21,0.0021,-0.42,-0.0042,-0.24,-0.0024,1.7,0.017,0.6,0.006,0.11,0.0011
2017-06-26,0.25,0.0025,0.75,0.0075,-0.13,-0.0013,0.13,0.0013,0.38,0.0038,-1.38,-0.0138,0.56,0.005600000000000001,-0.31,-0.0031,0.77,0.0077,0.62,0.0062,-0.6,-0.006,-0.34,-0.0034000000000000002,0.3,0.003,0.18,0.0018,0.21,0.0021,0.54,0.0054,0.41,0.0040999999999999995,0.56,0.005600000000000001,-0.1,-0.001,-0.12,-0.0012
2017-06-27,-1.32,-0.0132,-0.43,-0.0043,-1.33,-0.013300000000000001,-0.63,-0.0063,-0.68,-0.0068000000000000005,-2.48,-0.0248,-1.56,-0.015600000000000001,-0.12,-0.0012,-1.04,-0.0104,-0.92,-0.0092,-1.57,-0.015700000000000002,-1.53,-0.015300000000000001,-0.95,-0.0095,-0.57,-0.005699999999999999,-1.0,-0.01,-0.32,-0.0032,0.37,0.0037,-1.76,-0.0176,-0.91,-0.0091,-0.81,-0.008100000000000001
2017-06-28,0.62,0.0062,0.67,0.0067,0.76,0.0076,1.13,0.0113,1.42,0.014199999999999999,4.0,0.04,1.67,0.0167,0.59,0.0059,-0.57,-0.005699999999999999,1.11,0.0111,1.19,0.011899999999999999,1.44,0.0144,0.63,0.0063,1.35,0.013500000000000002,0.89,0.0089,0.84,0.0084,1.48,0.0148,0.7,0.006999999999999999,0.91,0.0091,0.3,0.003
2017-06-29,-1.49,-0.0149,-0.07,-0.0007000000000000001,-0.94,-0.009399999999999999,-1.16,-0.0116,-1.39,-0.0139,-0.06,-0.0006,-0.43,-0.0043,0.18,0.0018,-0.69,-0.0069,-1.23,-0.0123,-1.63,-0.0163,-1.68,-0.0168,-1.1,-0.011000000000000001,-0.58,-0.0058,-0.59,-0.0059,-0.83,-0.0083,0.44,0.0044,-0.96,-0.0096,-0.07,-0.0007000000000000001,-0.91,-0.0091
2017-06-30,0.31,0.0031,4.72,0.0472,-0.23,-0.0023,0.71,0.0070999999999999995,1.3,0.013000000000000001,0.07,0.0007000000000000001,0.49,0.0049,0.35,0.0034999999999999996,-0.02,-0.0002,0.39,0.0039000000000000003,-0.02,-0.0002,-0.01,-0.0001,0.39,0.0039000000000000003,0.76,0.0076,0.49,0.0049,0.16,0.0016,-0.13,-0.0013,-0.11,-0.0011,1.47,0.0147,-0.09,-0.0009
2017-07-03,-0.25,-0.0025,0.09,0.0009,0.21,0.0021,1.08,0.0108,0.35,0.0034999999999999996,1.67,0.0167,0.86,0.0086,2.08,0.0208,-0.2,-0.002,0.13,0.0013,-0.91,-0.0091,-0.52,-0.0052,0.58,0.0058,0.51,0.0051,0.61,0.0060999999999999995,-0.25,-0.0025,1.23,0.0123,0.57,0.005699999999999999,0.74,0.0074,-0.22,-0.0022
2017-07-05,-0.44,-0.0044,-1.23,-0.0123,0.65,0.006500000000000001,-0.74,-0.0074,-0.11,-0.0011,-0.21,-0.0021,-2.41,-0.0241,-2.26,-0.0226,-0.59,-0.0059,-0.19,-0.0019,0.95,0.0095,0.93,0.009300000000000001,-0.1,-0.001,0.08,0.0008,-0.68,-0.0068000000000000005,-0.34,-0.0034000000000000002,0.24,0.0024,0.77,0.0077,-0.71,-0.0070999999999999995,-0.11,-0.0011
2017-07-06,-0.8,-0.008,-1.76,-0.0176,-1.43,-0.0143,-0.27,-0.0027,-1.1,-0.011000000000000001,-0.2,-0.002,-1.68,-0.0168,-1.36,-0.013600000000000001,-0.13,-0.0013,-1.04,-0.0104,-0.86,-0.0086,-1.03,-0.0103,-0.98,-0.0098,-0.61,-0.0060999999999999995,-1.61,-0.0161,-0.95,-0.0095,-0.77,-0.0077,-1.26,-0.0126,-0.68,-0.0068000000000000005,-0.46,-0.0046
2017-07-07,0.13,0.0013,1.36,0.013600000000000001,0.64,0.0064,0.88,0.0088,1.55,0.0155,-1.05,-0.0105,0.9,0.009000000000000001,-0.1,-0.001,0.13,0.0013,0.12,0.0012,1.34,0.0134,1.24,0.0124,0.77,0.0077,1.15,0.0115,0.81,0.008100000000000001,0.33,0.0033,0.62,0.0062,-0.35,-0.0034999999999999996,0.5,0.005,1.15,0.0115
2017-07-10,-0.5,-0.005,0.31,0.0031,-0.41,-0.0040999999999999995,0.58,0.0058,0.49,0.0049,0.54,0.0054,0.79,0.0079,0.49,0.0049,-0.22,-0.0022,0.16,0.0016,0.59,0.0059,0.54,0.0054,0.53,0.0053,-0.36,-0.0036,-0.44,-0.0044,-0.66,-0.0066,-0.12,-0.0012,1.5,0.015,0.1,0.001,-0.36,-0.0036
2017-07-11,-0.01,-0.0001,-0.97,-0.0097,-0.02,-0.0002,0.1,0.001,-0.37,-0.0037,0.73,0.0073,0.93,0.009300000000000001,0.57,0.005699999999999999,0.02,0.0002,-0.22,-0.0022,0.22,0.0022,0.49,0.0049,-0.5,-0.005,-0.66,-0.0066,0.05,0.0005,-0.21,-0.0021,-0.43,-0.0043,0.19,0.0019,0.12,0.0012,-0.05,-0.0005
2017-07-12,0.65,0.006500000000000001,0.15,0.0015,0.7,0.006999999999999999,1.5,0.015,0.33,0.0033,0.28,0.0028000000000000004,0.38,0.0038,0.25,0.0025,0.9,0.009000000000000001,0.57,0.005699999999999999,1.56,0.015600000000000001,0.86,0.0086,0.5,0.005,1.25,0.0125,0.25,0.0025,0.84,0.0084,0.22,0.0022,0.38,0.0038,0.33,0.0033,0.69,0.0069
2017-07-13,0.14,0.0014000000000000002,0.13,0.0013,0.15,0.0015,-0.25,-0.0025,0.22,0.0022,2.19,0.0219,0.18,0.0018,0.45,0.0045000000000000005,-0.34,-0.0034000000000000002,-0.39,-0.0039000000000000003,0.17,0.0017000000000000001,0.38,0.0038,0.13,0.0013,-0.27,-0.0027,0.19,0.0019,0.71,0.0070999999999999995,0.46,0.0046,0.2,0.002,0.01,0.0001,-0.56,-0.005600000000000001
2017-07-14,0.71,0.0070999999999999995,0.1,0.001,0.58,0.0058,0.65,0.006500000000000001,0.2,0.002,-0.63,-0.0063,0.9,0.009000000000000001,0.53,0.0053,0.58,0.0058,0.56,0.005600000000000001,0.6,0.006,0.88,0.0088,0.31,0.0031,0.61,0.0060999999999999995,0.4,0.004,0.31,0.0031,-0.3,-0.003,0.79,0.0079,0.72,0.0072,0.2,0.002
2017-07-17,0.21,0.0021,0.06,0.0006,-0.35,-0.0034999999999999996,0.12,0.0012,0.12,0.0012,0.97,0.0097,-0.47,-0.004699999999999999,-0.17,-0.0017000000000000001,0.33,0.0033,-0.06,-0.0006,0.07,0.0007000000000000001,0.05,0.0005,0.11,0.0011,-0.5,-0.005,0.21,0.0021,0.53,0.0053,-0.16,-0.0016,1.43,0.0143,-0.06,-0.0006,-0.08,-0.0008
2017-07-18,-0.26,-0.0026,-0.42,-0.0042,0.2,0.002,-0.39,-0.0039000000000000003,-1.02,-0.0102,-1.03,-0.0103,0.44,0.0044,-0.51,-0.0051,0.15,0.0015,-0.26,-0.0026,0.63,0.0063,0.1,0.001,-0.35,-0.0034999999999999996,-0.57,-0.005699999999999999,-0.57,-0.005699999999999999,-0.03,-0.0003,-0.2,-0.002,-0.62,-0.0062,-0.26,-0.0026,-0.45,-0.0045000000000000005
2017-07-19,0.48,0.0048,0.75,0.0075,0.95,0.0095,1.16,0.0116,1.08,0.0108,1.88,0.018799999999999997,0.27,0.0027,1.62,0.016200000000000003,0.62,0.0062,0.65,0.006500000000000001,0.52,0.0052,0.69,0.0069,0.3,0.003,-0.83,-0.0083,0.27,0.0027,0.33,0.0033,0.32,0.0032,1.11,0.0111,1.16,0.0116,0.09,0.0009
2017-07-20,0.1,0.001,1.45,0.014499999999999999,0.71,0.0070999999999999995,-1.07,-0.010700000000000001,-0.85,-0.0085,-0.38,-0.0038,0.41,0.0040999999999999995,-0.67,-0.0067,0.89,0.0089,0.63,0.0063,0.14,0.0014000000000000002,-0.13,-0.0013,-0.29,-0.0029,-1.15,-0.0115,-0.11,-0.0011,-0.51,-0.0051,0.03,0.0003,-0.56,-0.005600000000000001,-0.29,-0.0029,-0.02,-0.0002
2017-07-21,0.38,0.0038,1.7,0.017,-0.1,-0.001,-0.21,-0.0021,0.16,0.0016,-0.87,-0.0087,-1.21,-0.0121,-1.07,-0.010700000000000001,0.74,0.0074,0.29,0.0029,-0.14,-0.0014000000000000002,-0.17,-0.0017000000000000001,-0.31,-0.0031,-0.18,-0.0018,-0.34,-0.0034000000000000002,-0.15,-0.0015,-0.01,-0.0001,0.26,0.0026,-0.59,-0.0059,-0.11,-0.0011
2017-07-24,-0.13,-0.0013,-1.13,-0.0113,0.06,0.0006,-0.08,-0.0008,-0.39,-0.0039000000000000003,0.15,0.0015,0.36,0.0036,-0.29,-0.0029,-0.79,-0.0079,-0.51,-0.0051,0.26,0.0026,0.35,0.0034999999999999996,-0.52,-0.0052,-0.66,-0.0066,0.43,0.0043,0.09,0.0009,0.32,0.0032,-0.39,-0.0039000000000000003,-0.1,-0.001,-0.7,-0.006999999999999999
2017-07-25,1.06,0.0106,1.21,0.0121,-0.89,-0.0089,0.77,0.0077,0.76,0.0076,2.06,0.0206,0.13,0.0013,1.65,0.0165,-0.24,-0.0024,0.2,0.002,-0.32,-0.0032,0.14,0.0014000000000000002,-1.98,-0.019799999999999998,0.54,0.0054,0.94,0.009399999999999999,1.23,0.0123,1.1,0.011000000000000001,4.67,0.0467,0.75,0.0075,1.76,0.0176
2017-07-26,0.17,0.0017000000000000001,-1.07,-0.010700000000000001,-0.34,-0.0034000000000000002,-0.88,-0.0088,-0.72,-0.0072,-2.66,-0.026600000000000002,-0.26,-0.0026,0.14,0.0014000000000000002,0.67,0.0067,1.09,0.0109,0.11,0.0011,-0.05,-0.0005,-0.48,-0.0048,-0.17,-0.0017000000000000001,-0.39,-0.0039000000000000003,0.35,0.0034999999999999996,-0.63,-0.0063,0.86,0.0086,-1.19,-0.011899999999999999,-1.19,-0.011899999999999999
2017-07-27,0.52,0.0052,-0.23,-0.0023,-0.81,-0.008100000000000001,-0.49,-0.0049,0.29,0.0029,-0.13,-0.0013,-0.23,-0.0023,0.86,0.0086,0.41,0.0040999999999999995,3.06,0.030600000000000002,-0.49,-0.0049,-1.18,-0.0118,0.58,0.0058,-3.13,-0.0313,-0.44,-0.0044,0.51,0.0051,-0.52,-0.0052,-1.74,-0.0174,-0.06,-0.0006,0.74,0.0074
2017-07-28,-0.4,-0.004,0.93,0.009300000000000001,0.51,0.0051,-0.22,-0.0022,-0.73,-0.0073,-2.64,-0.0264,-0.61,-0.0060999999999999995,-0.26,-0.0026,-0.16,-0.0016,-0.16,-0.0016,0.16,0.0016,-0.23,-0.0023,-1.05,-0.0105,0.92,0.0092,-0.25,-0.0025,-0.67,-0.0067,-0.04,-0.0004,0.57,0.005699999999999999,-0.36,-0.0036,-2.65,-0.0265
2017-07-31,-0.16,-0.0016,0.01,0.0001,-0.29,-0.0029,-1.08,-0.0108,0.07,0.0007000000000000001,0.78,0.0078000000000000005,-0.58,-0.0058,0.13,0.0013,0.21,0.0021,0.63,0.0063,-0.57,-0.005699999999999999,-0.31,-0.0031,0.41,0.0040999999999999995,-0.59,-0.0059,-0.08,-0.0008,-0.4,-0.004,0.5,0.005,0.07,0.0007000000000000001,-0.13,-0.0013,-0.01,-0.0001
2017-08-01,-0.32,-0.0032,0.5,0.005,-0.44,-0.0044,0.68,0.0068000000000000005,0.77,0.0077,-1.25,-0.0125,-1.66,-0.0166,-0.04,-0.0004,0.44,0.0044,0.47,0.004699999999999999,0.19,0.0019,0.78,0.0078000000000000005,0.36,0.0036,-0.35,-0.0034999999999999996,-0.07,-0.0007000000000000001,0.6,0.006,0.73,0.0073,-1.63,-0.0163,-0.06,-0.0006,0.33,0.0033
2017-08-02,0.2,0.002,-0.28,-0.0028000000000000004,-0.37,-0.0037,-0.03,-0.0003,-0.14,-0.0014000000000000002,-0.02,-0.0002,0.53,0.0053,-0.43,-0.0043,0.22,0.0022,-1.09,-0.0109,-0.67,-0.0067,1.25,0.0125,0.23,0.0023,0.14,0.0014000000000000002,-1.24,-0.0124,-0.23,-0.0023,0.06,0.0006,0.38,0.0038,0.33,0.0033,0.75,0.0075
2017-08-03,-0.08,-0.0008,0.33,0.0033,0.11,0.0011,-0.83,-0.0083,-0.27,-0.0027,-0.38,-0.0038,1.08,0.0108,-1.61,-0.0161,0.12,0.0012,-0.22,-0.0022,0.03,0.0003,-0.33,-0.0033,-0.1,-0.001,0.49,0.0049,-1.34,-0.0134,-0.46,-0.0046,-0.38,-0.0038,-0.91,-0.0091,-0.26,-0.0026,-0.58,-0.0058
2017-08-04,-0.19,-0.0019,0.26,0.0026,0.19,0.0019,0.72,0.0072,0.44,0.0044,0.97,0.0097,1.37,0.0137,0.77,0.0077,-0.13,-0.0013,-0.19,-0.0019,0.2,0.002,0.05,0.0005,0.15,0.0015,0.35,0.0034999999999999996,0.1,0.001,0.25,0.0025,0.54,0.0054,-0.04,-0.0004,0.2,0.002,0.03,0.0003
2017-08-07,0.57,0.005699999999999999,0.24,0.0024,0.12,0.0012,-0.02,-0.0002,-0.22,-0.0022,0.93,0.009300000000000001,-0.04,-0.0004,-0.92,-0.0092,0.14,0.0014000000000000002,-0.23,-0.0023,0.13,0.0013,1.03,0.0103,0.2,0.002,-0.1,-0.001,-0.09,-0.0009,0.61,0.0060999999999999995,-0.01,-0.0001,0.15,0.0015,0.03,0.0003,0.5,0.005
2017-08-08,-0.64,-0.0064,0.3,0.003,-0.5,-0.005,-1.19,-0.011899999999999999,0.03,0.0003,0.34,0.0034000000000000002,0.57,0.005699999999999999,0.03,0.0003,0.22,0.0022,0.07,0.0007000000000000001,-0.33,-0.0033,0.0,0.0,-0.25,-0.0025,-0.3,-0.003,-0.73,-0.0073,-0.16,-0.0016,-0.04,-0.0004,-0.96,-0.0096,-0.83,-0.0083,-1.01,-0.0101
2017-08-09,0.01,0.0001,-0.09,-0.0009,0.1,0.001,-0.12,-0.0012,-0.4,-0.004,-1.06,-0.0106,-0.48,-0.0048,0.11,0.0011,-0.38,-0.0038,-0.3,-0.003,-0.31,-0.0031,0.16,0.0016,-0.4,-0.004,0.04,0.0004,-0.98,-0.0098,-0.13,-0.0013,-0.31,-0.0031,0.38,0.0038,-0.16,-0.0016,-0.54,-0.0054
2017-08-10,-0.12,-0.0012,-1.67,-0.0167,-1.54,-0.0154,-1.28,-0.0128,-2.38,-0.023799999999999998,-1.13,-0.0113,-1.81,-0.0181,-1.01,-0.0101,0.01,0.0001,-0.59,-0.0059,-1.81,-0.0181,-2.36,-0.0236,-0.76,-0.0076,-1.34,-0.0134,-1.63,-0.0163,-1.93,-0.019299999999999998,-1.83,-0.0183,-1.66,-0.0166,-1.95,-0.0195,-0.22,-0.0022
2017-08-11,0.34,0.0034000000000000002,0.24,0.0024,0.49,0.0049,0.1,0.001,0.43,0.0043,-1.49,-0.0149,0.27,0.0027,-0.57,-0.005699999999999999,-0.58,-0.0058,0.41,0.0040999999999999995,0.72,0.0072,0.65,0.006500000000000001,0.14,0.0014000000000000002,0.61,0.0060999999999999995,0.4,0.004,0.59,0.0059,-0.39,-0.0039000000000000003,-0.54,-0.0054,-0.12,-0.0012,0.35,0.0034999999999999996
2017-08-14,0.7,0.006999999999999999,1.36,0.013600000000000001,0.8,0.008,0.96,0.0096,1.17,0.011699999999999999,0.55,0.0055000000000000005,1.42,0.014199999999999999,-0.42,-0.0042,0.54,0.0054,0.85,0.0085,1.35,0.013500000000000002,1.78,0.0178,1.09,0.0109,1.5,0.015,0.47,0.004699999999999999,0.58,0.0058,1.48,0.0148,0.63,0.0063,0.98,0.0098,0.24,0.0024
2017-08-15,0.21,0.0021,-2.26,-0.0226,-0.04,-0.0004,0.15,0.0015,-0.53,-0.0053,-0.34,-0.0034000000000000002,-0.56,-0.005600000000000001,-0.36,-0.0036,0.24,0.0024,-0.73,-0.0073,0.01,0.0001,0.2,0.002,-0.16,-0.0016,0.17,0.0017000000000000001,-0.62,-0.0062,-1.18,-0.0118,0.14,0.0014000000000000002,-0.57,-0.005699999999999999,-0.77,-0.0077,-0.05,-0.0005
2017-08-16,0.33,0.0033,0.17,0.0017000000000000001,0.27,0.0027,0.56,0.005600000000000001,-0.04,-0.0004,2.33,0.0233,-0.06,-0.0006,-1.07,-0.010700000000000001,0.27,0.0027,0.12,0.0012,0.48,0.0048,0.07,0.0007000000000000001,0.77,0.0077,0.17,0.0017000000000000001,0.1,0.001,0.64,0.0064,-0.19,-0.0019,2.16,0.0216,0.06,0.0006,0.52,0.0052
2017-08-17,-0.98,-0.0098,-1.52,-0.0152,-1.48,-0.0148,-1.59,-0.0159,-1.84,-0.0184,-3.5,-0.035,-1.98,-0.019799999999999998,-1.5,-0.015,-0.79,-0.0079,-1.64,-0.016399999999999998,-1.77,-0.0177,-2.07,-0.0207,-1.08,-0.0108,-2.64,-0.0264,-1.04,-0.0104,-1.41,-0.0141,-1.72,-0.0172,-2.03,-0.0203,-1.77,-0.0177,-1.01,-0.0101
2017-08-18,-0.38,-0.0038,-2.31,-0.0231,-0.33,-0.0033,0.21,0.0021,-0.56,-0.005600000000000001,-0.16,-0.0016,-0.51,-0.0051,0.67,0.0067,0.57,0.005699999999999999,-0.3,-0.003,0.05,0.0005,-0.28,-0.0028000000000000004,-0.47,-0.004699999999999999,0.12,0.0012,-0.55,-0.0055000000000000005,-0.54,-0.0054,-0.12,-0.0012,-0.01,-0.0001,-0.41,-0.0040999999999999995,-0.23,-0.0023
2017-08-21,0.17,0.0017000000000000001,-1.01,-0.0101,0.48,0.0048,0.28,0.0028000000000000004,-0.28,-0.0028000000000000004,-0.26,-0.0026,-0.4,-0.004,-0.67,-0.0067,0.27,0.0027,0.54,0.0054,0.01,0.0001,-0.12,-0.0012,-0.4,-0.004,0.27,0.0027,-0.31,-0.0031,0.05,0.0005,-0.12,-0.0012,1.58,0.0158,-0.4,-0.004,0.44,0.0044
2017-08-22,0.34,0.0034000000000000002,0.74,0.0074,1.34,0.0134,1.4,0.013999999999999999,0.66,0.0066,2.4,0.024,0.94,0.009399999999999999,0.66,0.0066,0.5,0.005,1.03,0.0103,1.46,0.0146,1.45,0.014499999999999999,0.57,0.005699999999999999,0.97,0.0097,1.33,0.013300000000000001,1.02,0.0102,1.03,0.0103,1.5,0.015,1.26,0.0126,1.48,0.0148
2017-08-23,-0.26,-0.0026,-0.49,-0.0049,-0.66,-0.0066,-0.28,-0.0028000000000000004,-0.72,-0.0072,1.3,0.013000000000000001,0.76,0.0076,0.5,0.005,0.33,0.0033,-0.65,-0.006500000000000001,-0.35,-0.0034999999999999996,-0.02,-0.0002,-0.39,-0.0039000000000000003,-1.43,-0.0143,-0.42,-0.0042,-0.49,-0.0049,-0.19,-0.0019,0.6,0.006,-0.97,-0.0097,-0.78,-0.0078000000000000005
2017-08-24,-1.7,-0.017,0.99,0.009899999999999999,0.56,0.005600000000000001,-0.13,-0.0013,-0.15,-0.0015,-0.22,-0.0022,0.01,0.0001,0.05,0.0005,-0.02,-0.0002,-0.31,-0.0031,-0.09,-0.0009,0.08,0.0008,-0.26,-0.0026,-0.75,-0.0075,0.01,0.0001,-1.04,-0.0104,0.09,0.0009,0.19,0.0019,0.04,0.0004,-0.33,-0.0033
2017-08-25,-0.14,-0.0014000000000000002,0.65,0.006500000000000001,-0.13,-0.0013,0.28,0.0028000000000000004,0.82,0.008199999999999999,0.37,0.0037,0.01,0.0001,0.45,0.0045000000000000005,0.26,0.0026,0.43,0.0043,-0.18,-0.0018,0.15,0.0015,0.33,0.0033,1.36,0.013600000000000001,0.56,0.005600000000000001,0.39,0.0039000000000000003,0.18,0.0018,-0.82,-0.008199999999999999,0.56,0.005600000000000001,0.41,0.0040999999999999995
2017-08-28,-0.43,-0.0043,-0.17,-0.0017000000000000001,0.87,0.0087,0.14,0.0014000000000000002,0.28,0.0028000000000000004,0.41,0.0040999999999999995,0.04,0.0004,-0.47,-0.004699999999999999,0.11,0.0011,0.05,0.0005,0.1,0.001,0.53,0.0053,-0.09,-0.0009,-0.08,-0.0008,-0.1,-0.001,-0.01,-0.0001,-0.31,-0.0031,2.51,0.025099999999999997,-0.43,-0.0043,0.24,0.0024
2017-08-29,-0.04,-0.0004,-1.21,-0.0121,0.2,0.002,-0.59,-0.0059,0.27,0.0027,1.11,0.0111,0.35,0.0034999999999999996,-0.12,-0.0012,-0.13,-0.0013,-0.17,-0.0017000000000000001,0.39,0.0039000000000000003,0.45,0.0045000000000000005,-0.03,-0.0003,0.72,0.0072,-0.05,-0.0005,0.2,0.002,-0.38,-0.0038,-0.37,-0.0037,0.28,0.0028000000000000004,-0.52,-0.0052
2017-08-30,0.14,0.0014000000000000002,-0.45,-0.0045000000000000005,0.79,0.0079,0.6,0.006,0.88,0.0088,1.24,0.0124,0.99,0.009899999999999999,0.03,0.0003,-0.31,-0.0031,0.31,0.0031,0.94,0.009399999999999999,0.81,0.008100000000000001,0.76,0.0076,0.46,0.0046,0.69,0.0069,0.56,0.005600000000000001,0.31,0.0031,-0.14,-0.0014000000000000002,0.69,0.0069,0.97,0.0097
2017-08-31,-0.48,-0.0048,0.73,0.0073,1.82,0.0182,1.14,0.011399999999999999,1.28,0.0128,-0.28,-0.0028000000000000004,1.16,0.0116,0.65,0.006500000000000001,0.26,0.0026,-0.3,-0.003,0.99,0.009899999999999999,0.64,0.0064,0.64,0.0064,0.23,0.0023,1.29,0.0129,0.5,0.005,0.16,0.0016,0.63,0.0063,1.06,0.0106,0.41,0.0040999999999999995
2017-09-01,0.52,0.0052,1.35,0.013500000000000002,0.02,0.0002,1.11,0.0111,0.49,0.0049,1.47,0.0147,1.14,0.011399999999999999,0.99,0.009899999999999999,-0.15,-0.0015,0.13,0.0013,-0.2,-0.002,0.22,0.0022,0.35,0.0034999999999999996,0.3,0.003,-0.08,-0.0008,0.48,0.0048,0.52,0.0052,1.02,0.0102,0.13,0.0013,0.12,0.0012
2017-09-05,0.11,0.0011,-0.3,-0.003,-0.47,-0.004699999999999999,-1.1,-0.011000000000000001,-0.94,-0.009399999999999999,-1.3,-0.013000000000000001,-0.86,-0.0086,0.36,0.0036,0.2,0.002,-0.94,-0.009399999999999999,-0.52,-0.0052,-1.1,-0.011000000000000001,-0.97,-0.0097,-1.09,-0.0109,-0.66,-0.0066,0.23,0.0023,-1.95,-0.0195,-1.1,-0.011000000000000001,-0.56,-0.005600000000000001,-0.66,-0.0066
2017-09-06,0.4,0.004,0.14,0.0014000000000000002,0.5,0.005,0.5,0.005,0.68,0.0068000000000000005,0.27,0.0027,0.36,0.0036,1.83,0.0183,-0.39,-0.0039000000000000003,-0.17,-0.0017000000000000001,0.05,0.0005,0.21,0.0021,-0.2,-0.002,0.56,0.005600000000000001,0.8,0.008,0.92,0.0092,0.14,0.0014000000000000002,0.78,0.0078000000000000005,0.82,0.008199999999999999,-0.78,-0.0078000000000000005
2017-09-07,0.3,0.003,-0.48,-0.0048,1.02,0.0102,0.1,0.001,-0.14,-0.0014000000000000002,-0.46,-0.0046,-0.1,-0.001,0.12,0.0012,0.61,0.0060999999999999995,-2.78,-0.0278,0.77,0.0077,-0.11,-0.0011,0.59,0.0059,0.52,0.0052,0.28,0.0028000000000000004,0.63,0.0063,-1.13,-0.0113,0.74,0.0074,-0.04,-0.0004,-0.12,-0.0012
2017-09-08,0.17,0.0017000000000000001,-0.23,-0.0023,0.19,0.0019,0.23,0.0023,1.13,0.0113,-0.87,-0.0087,-0.1,-0.001,-1.21,-0.0121,0.3,0.003,-0.52,-0.0052,-0.58,-0.0058,-0.9,-0.009000000000000001,0.23,0.0023,0.34,0.0034000000000000002,0.13,0.0013,-0.74,-0.0074,0.63,0.0063,-2.16,-0.0216,0.42,0.0042,0.35,0.0034999999999999996
2017-09-11,0.63,0.0063,1.17,0.011699999999999999,0.76,0.0076,1.76,0.0176,0.44,0.0044,-0.07,-0.0007000000000000001,1.84,0.0184,1.0,0.01,0.97,0.0097,-0.27,-0.0027,1.04,0.0104,1.71,0.0171,1.7,0.017,1.42,0.014199999999999999,1.04,0.0104,0.44,0.0044,1.76,0.0176,-1.03,-0.0103,1.18,0.0118,1.18,0.0118
2017-09-12,0.03,0.0003,0.2,0.002,0.34,0.0034000000000000002,0.56,0.005600000000000001,1.32,0.0132,0.4,0.004,1.11,0.0111,0.71,0.0070999999999999995,-1.46,-0.0146,0.85,0.0085,0.15,0.0015,0.27,0.0027,0.22,0.0022,0.65,0.006500000000000001,0.16,0.0016,1.01,0.0101,1.05,0.0105,0.26,0.0026,0.77,0.0077,-1.01,-0.0101
2017-09-13,0.04,0.0004,0.41,0.0040999999999999995,-0.36,-0.0036,-0.38,-0.0038,-0.54,-0.0054,0.49,0.0049,0.73,0.0073,1.51,0.0151,-0.39,-0.0039000000000000003,0.56,0.005600000000000001,-0.09,-0.0009,-0.36,-0.0036,-0.24,-0.0024,0.05,0.0005,0.27,0.0027,0.97,0.0097,0.18,0.0018,-1.46,-0.0146,0.11,0.0011,0.87,0.0087
2017-09-14,-0.49,-0.0049,-0.46,-0.0046,0.36,0.0036,0.35,0.0034999999999999996,-0.03,-0.0003,-0.6,-0.006,1.5,0.015,0.33,0.0033,0.82,0.008199999999999999,-0.87,-0.0087,-0.62,-0.0062,-0.08,-0.0008,0.62,0.0062,0.12,0.0012,-1.22,-0.012199999999999999,-0.58,-0.0058,-0.32,-0.0032,-0.66,-0.0066,0.39,0.0039000000000000003,-0.09,-0.0009
2017-09-15,0.52,0.0052,0.24,0.0024,-0.27,-0.0027,0.15,0.0015,0.18,0.0018,0.37,0.0037,0.49,0.0049,0.32,0.0032,0.06,0.0006,0.52,0.0052,-0.47,-0.004699999999999999,1.05,0.0105,0.64,0.0064,0.33,0.0033,0.48,0.0048,0.11,0.0011,0.33,0.0033,-0.13,-0.0013,0.41,0.0040999999999999995,0.05,0.0005
2017-09-18,0.19,0.0019,-0.77,-0.0077,0.13,0.0013,1.09,0.0109,0.84,0.0084,1.28,0.0128,0.47,0.004699999999999999,0.5,0.005,-0.76,-0.0076,0.07,0.0007000000000000001,-0.06,-0.0006,0.35,0.0034999999999999996,0.46,0.0046,-0.58,-0.0058,0.18,0.0018,-0.68,-0.0068000000000000005,0.81,0.008100000000000001,1.22,0.012199999999999999,0.67,0.0067,-0.14,-0.0014000000000000002
2017-09-19,-0.61,-0.0060999999999999995,-0.26,-0.0026,-0.45,-0.0045000000000000005,0.72,0.0072,0.33,0.0033,0.97,0.0097,-0.23,-0.0023,0.39,0.0039000000000000003,-0.17,-0.0017000000000000001,1.37,0.0137,0.39,0.0039000000000000003,0.08,0.0008,-0.15,-0.0015,-0.1,-0.001,-0.28,-0.0028000000000000004,-0.49,-0.0049,0.4,0.004,0.75,0.0075,0.14,0.0014000000000000002,0.28,0.0028000000000000004
2017-09-20,-0.86,-0.0086,-0.05,-0.0005,0.42,0.0042,0.43,0.0043,0.13,0.0013,1.33,0.013300000000000001,0.17,0.0017000000000000001,0.99,0.009899999999999999,-0.54,-0.0054,0.27,0.0027,0.07,0.0007000000000000001,-0.77,-0.0077,-0.47,-0.004699999999999999,1.56,0.015600000000000001,0.89,0.0089,-0.04,-0.0004,0.59,0.0059,-0.49,-0.0049,0.49,0.0049,1.08,0.0108
2017-09-21,-0.79,-0.0079,-0.46,-0.0046,-0.51,-0.0051,0.27,0.0027,0.21,0.0021,-2.32,-0.0232,-0.13,-0.0013,0.02,0.0002,-0.3,-0.003,-0.54,-0.0054,-0.36,-0.0036,-0.7,-0.006999999999999999,-0.34,-0.0034000000000000002,0.14,0.0014000000000000002,-0.11,-0.0011,-0.56,-0.005600000000000001,0.21,0.0021,-0.7,-0.006999999999999999,-0.55,-0.0055000000000000005,-0.23,-0.0023
2017-09-22,-0.34,-0.0034000000000000002,0.11,0.0011,0.05,0.0005,-0.09,-0.0009,0.5,0.005,-0.47,-0.004699999999999999,-0.14,-0.0014000000000000002,0.54,0.0054,-0.57,-0.005699999999999999,0.96,0.0096,0.2,0.002,0.14,0.0014000000000000002,-0.32,-0.0032,0.41,0.0040999999999999995,0.46,0.0046,0.05,0.0005,0.12,0.0012,-0.21,-0.0021,0.4,0.004,0.09,0.0009
2017-09-25,0.6,0.006,-0.23,-0.0023,-0.23,-0.0023,-0.22,-0.0022,0.4,0.004,0.16,0.0016,0.63,0.0063,1.61,0.0161,0.97,0.0097,0.15,0.0015,-1.46,-0.0146,-0.93,-0.009300000000000001,-0.24,-0.0024,0.08,0.0008,0.83,0.0083,0.1,0.001,-0.4,-0.004,0.04,0.0004,-0.1,-0.001,-0.64,-0.0064
2017-09-26,0.08,0.0008,1.02,0.0102,-0.42,-0.0042,-0.07,-0.0007000000000000001,0.5,0.005,-0.22,-0.0022,0.07,0.0007000000000000001,-0.01,-0.0001,-0.17,-0.0017000000000000001,-0.6,-0.006,0.17,0.0017000000000000001,0.56,0.005600000000000001,0.34,0.0034000000000000002,0.4,0.004,0.62,0.0062,0.23,0.0023,0.13,0.0013,-0.32,-0.0032,-0.01,-0.0001,-0.79,-0.0079
2017-09-27,-0.65,-0.006500000000000001,0.33,0.0033,0.07,0.0007000000000000001,0.4,0.004,0.98,0.0098,2.01,0.020099999999999996,0.37,0.0037,0.57,0.005699999999999999,-1.07,-0.010700000000000001,0.54,0.0054,1.19,0.011899999999999999,0.99,0.009899999999999999,-0.11,-0.0011,0.47,0.004699999999999999,0.78,0.0078000000000000005,0.53,0.0053,1.43,0.0143,0.54,0.0054,0.82,0.008199999999999999,0.29,0.0029
2017-09-28,0.34,0.0034000000000000002,-0.19,-0.0019,0.23,0.0023,0.86,0.0086,0.53,0.0053,0.59,0.0059,-0.06,-0.0006,0.13,0.0013,0.3,0.003,-0.65,-0.006500000000000001,0.19,0.0019,-0.18,-0.0018,0.43,0.0043,0.31,0.0031,-0.19,-0.0019,0.07,0.0007000000000000001,0.36,0.0036,1.32,0.0132,-0.22,-0.0022,0.83,0.0083
2017-09-29,0.25,0.0025,-0.15,-0.0015,0.69,0.0069,0.16,0.0016,0.33,0.0033,0.73,0.0073,0.14,0.0014000000000000002,-0.14,-0.0014000000000000002,-0.21,-0.0021,0.49,0.0049,0.72,0.0072,0.67,0.0067,-0.01,-0.0001,0.36,0.0036,0.19,0.0019,0.15,0.0015,0.34,0.0034000000000000002,-0.31,-0.0031,0.21,0.0021,-0.49,-0.0049
2017-10-02,0.08,0.0008,0.44,0.0044,1.08,0.0108,1.3,0.013000000000000001,0.6,0.006,1.46,0.0146,1.61,0.0161,0.07,0.0007000000000000001,0.31,0.0031,-0.01,-0.0001,0.17,0.0017000000000000001,0.61,0.0060999999999999995,0.98,0.0098,-0.17,-0.0017000000000000001,1.05,0.0105,0.05,0.0005,0.78,0.0078000000000000005,0.53,0.0053,0.76,0.0076,0.16,0.0016
2017-10-03,-0.08,-0.0008,-0.55,-0.0055000000000000005,-0.13,-0.0013,1.08,0.0108,0.55,0.0055000000000000005,0.19,0.0019,1.33,0.013300000000000001,-0.02,-0.0002,-0.35,-0.0034999999999999996,1.04,0.0104,0.27,0.0027,0.32,0.0032,0.31,0.0031,0.79,0.0079,0.1,0.001,0.23,0.0023,0.36,0.0036,1.59,0.0159,0.16,0.0016,-0.08,-0.0008
2017-10-04,0.51,0.0051,0.47,0.004699999999999999,0.36,0.0036,-0.25,-0.0025,0.28,0.0028000000000000004,0.08,0.0008,0.67,0.0067,-0.09,-0.0009,0.79,0.0079,0.29,0.0029,0.01,0.0001,-0.01,-0.0001,0.62,0.0062,-0.45,-0.0045000000000000005,-0.05,-0.0005,0.01,0.0001,-0.39,-0.0039000000000000003,-0.19,-0.0019,0.93,0.009300000000000001,-0.11,-0.0011
2017-10-05,0.17,0.0017000000000000001,0.16,0.0016,0.21,0.0021,0.53,0.0053,-0.23,-0.0023,0.51,0.0051,-0.07,-0.0007000000000000001,0.39,0.0039000000000000003,0.09,0.0009,-0.3,-0.003,1.12,0.011200000000000002,0.51,0.0051,-0.05,-0.0005,0.02,0.0002,0.34,0.0034000000000000002,0.85,0.0085,0.89,0.0089,1.21,0.0121,-0.13,-0.0013,1.14,0.011399999999999999
2017-10-06,-0.25,-0.0025,0.5,0.005,-0.03,-0.0003,-0.13,-0.0013,0.29,0.0029,-0.68,-0.0068000000000000005,0.47,0.004699999999999999,-1.0,-0.01,-0.22,-0.0022,-0.53,-0.0053,0.32,0.0032,0.2,0.002,-0.24,-0.0024,-0.03,-0.0003,-0.82,-0.008199999999999999,-0.72,-0.0072,0.04,0.0004,-1.17,-0.011699999999999999,-0.2,-0.002,0.73,0.0073
2017-10-09,-0.65,-0.006500000000000001,-1.31,-0.0131,-0.51,-0.0051,-0.36,-0.0036,-0.17,-0.0017000000000000001,-1.43,-0.0143,-0.52,-0.0052,0.36,0.0036,0.11,0.0011,-0.53,-0.0053,-0.01,-0.0001,0.29,0.0029,-0.01,-0.0001,-0.33,-0.0033,-0.86,-0.0086,-0.57,-0.005699999999999999,-0.39,-0.0039000000000000003,-0.38,-0.0038,-0.21,-0.0021,-0.01,-0.0001
2017-10-10,0.8,0.008,0.49,0.0049,0.28,0.0028000000000000004,0.04,0.0004,-0.1,-0.001,-0.06,-0.0006,0.74,0.0074,0.19,0.0019,0.82,0.008199999999999999,-0.03,-0.0003,-0.12,-0.0012,0.2,0.002,0.45,0.0045000000000000005,0.45,0.0045000000000000005,0.07,0.0007000000000000001,0.46,0.0046,0.37,0.0037,0.0,0.0,-0.32,-0.0032,0.54,0.0054
2017-10-11,0.28,0.0028000000000000004,-1.09,-0.0109,0.19,0.0019,0.26,0.0026,0.2,0.002,1.48,0.0148,-0.11,-0.0011,0.35,0.0034999999999999996,0.47,0.004699999999999999,-0.56,-0.005600000000000001,0.48,0.0048,0.19,0.0019,-0.04,-0.0004,0.55,0.0055000000000000005,0.06,0.0006,0.31,0.0031,-0.02,-0.0002,0.07,0.0007000000000000001,0.08,0.0008,0.68,0.0068000000000000005
2017-10-12,0.33,0.0033,-0.36,-0.0036,-0.05,-0.0005,0.44,0.0044,0.16,0.0016,0.74,0.0074,-0.61,-0.0060999999999999995,-0.41,-0.0040999999999999995,0.42,0.0042,-2.54,-0.0254,0.27,0.0027,-0.18,-0.0018,0.1,0.001,0.52,0.0052,0.71,0.0070999999999999995,-0.12,-0.0012,-0.69,-0.0069,0.81,0.008100000000000001,0.76,0.0076,0.19,0.0019
2017-10-13,0.05,0.0005,-0.14,-0.0014000000000000002,-0.31,-0.0031,0.53,0.0053,-0.14,-0.0014000000000000002,1.59,0.0159,0.36,0.0036,0.0,0.0,-0.71,-0.0070999999999999995,-0.07,-0.0007000000000000001,0.31,0.0031,0.5,0.005,0.26,0.0026,-0.67,-0.0067,-0.24,-0.0024,0.24,0.0024,-0.25,-0.0025,0.62,0.0062,0.11,0.0011,0.29,0.0029
2017-10-16,0.37,0.0037,0.08,0.0008,-0.22,-0.0022,-0.05,-0.0005,0.34,0.0034000000000000002,-0.81,-0.008100000000000001,0.06,0.0006,0.25,0.0025,-0.22,-0.0022,0.71,0.0070999999999999995,-0.02,-0.0002,0.61,0.0060999999999999995,0.24,0.0024,-0.54,-0.0054,0.11,0.0011,-0.41,-0.0040999999999999995,0.49,0.0049,0.62,0.0062,0.84,0.0084,-0.42,-0.0042
2017-10-17,-0.37,-0.0037,0.68,0.0068000000000000005,1.02,0.0102,-0.51,-0.0051,-0.25,-0.0025,-0.4,-0.004,-0.04,-0.0004,0.12,0.0012,0.51,0.0051,-0.06,-0.0006,0.02,0.0002,-0.09,-0.0009,-0.25,-0.0025,-0.39,-0.0039000000000000003,0.65,0.006500000000000001,0.19,0.0019,-0.24,-0.0024,-0.7,-0.006999999999999999,0.32,0.0032,0.27,0.0027
2017-10-18,-0.23,-0.0023,0.49,0.0049,0.1,0.001,-0.2,-0.002,0.08,0.0008,0.75,0.0075,0.4,0.004,-0.67,-0.0067,-0.16,-0.0016,-0.35,-0.0034999999999999996,0.5,0.005,0.04,0.0004,-0.06,-0.0006,0.4,0.004,0.18,0.0018,-0.1,-0.001,0.64,0.0064,-0.45,-0.0045000000000000005,-0.01,-0.0001,0.25,0.0025
2017-10-19,-0.21,-0.0021,0.33,0.0033,0.46,0.0046,0.34,0.0034000000000000002,0.86,0.0086,0.75,0.0075,-0.01,-0.0001,-0.27,-0.0027,0.82,0.008199999999999999,0.72,0.0072,0.04,0.0004,-0.67,-0.0067,-0.05,-0.0005,0.03,0.0003,-0.02,-0.0002,-0.25,-0.0025,0.06,0.0006,0.62,0.0062,-0.18,-0.0018,0.24,0.0024
2017-10-20,0.1,0.001,2.31,0.0231,-0.18,-0.0018,1.05,0.0105,1.15,0.0115,1.92,0.0192,0.06,0.0006,0.55,0.0055000000000000005,0.0,0.0,0.21,0.0021,0.84,0.0084,0.57,0.005699999999999999,0.63,0.0063,0.89,0.0089,0.58,0.0058,0.59,0.0059,1.1,0.011000000000000001,0.26,0.0026,0.88,0.0088,-0.34,-0.0034000000000000002
2017-10-23,0.0,0.0,0.86,0.0086,-0.44,-0.0044,-0.65,-0.006500000000000001,-0.27,-0.0027,-0.73,-0.0073,-0.97,-0.0097,-0.61,-0.0060999999999999995,-0.16,-0.0016,-1.07,-0.010700000000000001,-0.91,-0.0091,0.21,0.0021,-0.18,-0.0018,-0.55,-0.0055000000000000005,-0.55,-0.0055000000000000005,-0.2,-0.002,-0.28,-0.0028000000000000004,-0.34,-0.0034000000000000002,-0.24,-0.0024,-1.03,-0.0103
2017-10-24,-0.09,-0.0009,0.06,0.0006,-0.89,-0.0089,0.79,0.0079,0.98,0.0098,1.66,0.0166,0.99,0.009899999999999999,0.12,0.0012,0.1,0.001,-0.49,-0.0049,0.1,0.001,0.58,0.0058,2.49,0.024900000000000002,0.35,0.0034999999999999996,-0.47,-0.004699999999999999,0.32,0.0032,0.67,0.0067,1.69,0.0169,0.78,0.0078000000000000005,0.38,0.0038
2017-10-25,-0.32,-0.0032,1.01,0.0101,-0.49,-0.0049,0.21,0.0021,-0.88,-0.0088,-1.3,-0.013000000000000001,-1.72,-0.0172,-0.7,-0.006999999999999999,-0.58,-0.0058,-0.85,-0.0085,-0.29,-0.0029,-0.58,-0.0058,0.44,0.0044,-1.73,-0.0173,-0.41,-0.0040999999999999995,0.0,0.0,-0.25,-0.0025,-1.74,-0.0174,-0.7,-0.006999999999999999,-0.62,-0.0062
2017-10-26,0.04,0.0004,1.39,0.0139,-1.69,-0.0169,1.34,0.0134,1.42,0.014199999999999999,0.13,0.0013,0.99,0.009899999999999999,0.28,0.0028000000000000004,0.1,0.001,-0.58,-0.0058,0.42,0.0042,0.38,0.0038,-0.53,-0.0053,0.91,0.0091,-0.39,-0.0039000000000000003,0.03,0.0003,0.83,0.0083,-0.65,-0.006500000000000001,0.58,0.0058,1.08,0.0108
2017-10-27,-0.03,-0.0003,-0.6,-0.006,0.21,0.0021,-0.04,-0.0004,0.14,0.0014000000000000002,-0.61,-0.0060999999999999995,-1.16,-0.0116,0.52,0.0052,0.78,0.0078000000000000005,0.29,0.0029,2.64,0.0264,1.91,0.0191,0.13,0.0013,-0.25,-0.0025,-1.47,-0.0147,2.75,0.0275,0.28,0.0028000000000000004,-1.24,-0.0124,0.44,0.0044,0.24,0.0024
2017-10-30,-1.25,-0.0125,-1.07,-0.010700000000000001,-1.04,-0.0104,-0.6,-0.006,-0.42,-0.0042,-2.04,-0.0204,-1.4,-0.013999999999999999,0.43,0.0043,-0.14,-0.0014000000000000002,-1.07,-0.010700000000000001,-0.16,-0.0016,0.41,0.0040999999999999995,-1.24,-0.0124,-1.17,-0.011699999999999999,-0.37,-0.0037,-0.43,-0.0043,-0.62,-0.0062,0.12,0.0012,-0.27,-0.0027,0.17,0.0017000000000000001
2017-10-31,1.58,0.0158,-1.31,-0.0131,-0.18,-0.0018,0.42,0.0042,1.12,0.011200000000000002,-0.8,-0.008,1.19,0.011899999999999999,0.58,0.0058,0.21,0.0021,0.14,0.0014000000000000002,0.18,0.0018,0.91,0.0091,0.35,0.0034999999999999996,-0.46,-0.0046,0.96,0.0096,0.04,0.0004,-0.05,-0.0005,0.13,0.0013,0.18,0.0018,0.08,0.0008
2017-11-01,-0.03,-0.0003,-0.07,-0.0007000000000000001,-0.18,-0.0018,0.34,0.0034000000000000002,0.05,0.0005,0.95,0.0095,-0.51,-0.0051,1.37,0.0137,-0.46,-0.0046,0.08,0.0008,0.08,0.0008,-0.21,-0.0021,0.07,0.0007000000000000001,0.21,0.0021,-0.26,-0.0026,0.19,0.0019,0.16,0.0016,0.16,0.0016,-1.54,-0.0154,-0.18,-0.0018
2017-11-02,-0.46,-0.0046,-0.42,-0.0042,0.13,0.0013,-0.46,-0.0046,-0.77,-0.0077,-0.17,-0.0017000000000000001,-1.03,-0.0103,-0.18,-0.0018,0.14,0.0014000000000000002,-1.56,-0.015600000000000001,0.0,0.0,0.16,0.0016,0.16,0.0016,0.35,0.0034999999999999996,-0.21,-0.0021,-0.14,-0.0014000000000000002,0.89,0.0089,0.07,0.0007000000000000001,-0.32,-0.0032,0.72,0.0072
2017-11-03,-0.19,-0.0019,-0.03,-0.0003,0.92,0.0092,0.07,0.0007000000000000001,0.02,0.0002,-0.75,-0.0075,-0.06,-0.0006,0.42,0.0042,0.36,0.0036,-0.06,-0.0006,0.19,0.0019,1.47,0.0147,-0.16,-0.0016,-0.45,-0.0045000000000000005,0.15,0.0015,0.71,0.0070999999999999995,-0.18,-0.0018,0.03,0.0003,0.1,0.001,0.81,0.008100000000000001
2017-11-06,-1.21,-0.0121,0.24,0.0024,-0.4,-0.004,-0.05,-0.0005,0.98,0.0098,0.34,0.0034000000000000002,-0.67,-0.0067,2.17,0.0217,-0.07,-0.0007000000000000001,-0.18,-0.0018,0.04,0.0004,0.71,0.0070999999999999995,-0.98,-0.0098,-0.19,-0.0019,-0.99,-0.009899999999999999,-0.25,-0.0025,-0.01,-0.0001,1.83,0.0183,0.31,0.0031,0.56,0.005600000000000001
2017-11-07,0.97,0.0097,-1.26,-0.0126,0.08,0.0008,0.3,0.003,-0.31,-0.0031,-0.91,-0.0091,-0.53,-0.0053,-0.18,-0.0018,0.93,0.009300000000000001,0.49,0.0049,-0.46,-0.0046,0.16,0.0016,-0.17,-0.0017000000000000001,-0.4,-0.004,-0.72,-0.0072,0.02,0.0002,-1.29,-0.0129,-0.52,-0.0052,-0.86,-0.0086,-0.01,-0.0001
2017-11-08,1.0,0.01,0.83,0.0083,0.43,0.0043,0.23,0.0023,0.43,0.0043,-0.73,-0.0073,-0.09,-0.0009,-0.59,-0.0059,-0.03,-0.0003,-0.43,-0.0043,0.51,0.0051,0.5,0.005,0.16,0.0016,-0.18,-0.0018,0.42,0.0042,0.71,0.0070999999999999995,-0.6,-0.006,1.0,0.01,-1.0,-0.01,0.02,0.0002
2017-11-09,-0.18,-0.0018,0.39,0.0039000000000000003,-0.05,-0.0005,-1.11,-0.0111,-0.32,-0.0032,-1.85,-0.018500000000000003,-0.55,-0.0055000000000000005,0.47,0.004699999999999999,0.12,0.0012,0.65,0.006500000000000001,-0.78,-0.0078000000000000005,-0.87,-0.0087,-0.51,-0.0051,-1.03,-0.0103,-0.56,-0.005600000000000001,0.17,0.0017000000000000001,-0.42,-0.0042,-0.57,-0.005699999999999999,-0.65,-0.006500000000000001,-1.05,-0.0105
2017-11-10,1.17,0.011699999999999999,0.68,0.0068000000000000005,-0.55,-0.0055000000000000005,0.05,0.0005,-0.1,-0.001,-1.0,-0.01,0.37,0.0037,-0.36,-0.0036,-0.49,-0.0049,0.68,0.0068000000000000005,-0.09,-0.0009,0.02,0.0002,-0.2,-0.002,0.18,0.0018,-0.56,-0.005600000000000001,0.65,0.006500000000000001,-0.15,-0.0015,-0.77,-0.0077,0.42,0.0042,-0.14,-0.0014000000000000002
2017-11-13,0.25,0.0025,-0.11,-0.0011,-0.04,-0.0004,0.7,0.006999999999999999,0.16,0.0016,0.04,0.0004,1.31,0.0131,-0.59,-0.0059,0.8,0.008,-0.1,-0.001,0.04,0.0004,-0.02,-0.0002,0.48,0.0048,0.12,0.0012,-0.35,-0.0034999999999999996,0.02,0.0002,0.23,0.0023,0.1,0.001,-0.12,-0.0012,0.26,0.0026
2017-11-14,0.99,0.009899999999999999,0.19,0.0019,-0.53,-0.0053,-0.94,-0.009399999999999999,-0.08,-0.0008,-2.05,-0.020499999999999997,-0.92,-0.0092,-1.54,-0.0154,1.01,0.0101,-1.3,-0.013000000000000001,0.0,0.0,-0.37,-0.0037,0.17,0.0017000000000000001,-0.15,-0.0015,-0.3,-0.003,0.37,0.0037,0.07,0.0007000000000000001,-1.61,-0.0161,-0.62,-0.0062,0.69,0.0069
2017-11-15,-1.14,-0.011399999999999999,0.49,0.0049,-0.19,-0.0019,-1.12,-0.011200000000000002,-0.63,-0.0063,0.15,0.0015,-0.37,-0.0037,-1.02,-0.0102,-0.97,-0.0097,0.42,0.0042,-0.6,-0.006,-0.89,-0.0089,-0.69,-0.0069,-0.49,-0.0049,-0.19,-0.0019,-0.99,-0.009899999999999999,0.01,0.0001,-1.29,-0.0129,-1.6,-0.016,-0.26,-0.0026
2017-11-16,1.08,0.0108,1.12,0.011200000000000002,1.1,0.011000000000000001,1.36,0.013600000000000001,1.02,0.0102,0.51,0.0051,0.97,0.0097,-0.2,-0.002,-0.24,-0.0024,1.17,0.011699999999999999,1.16,0.0116,1.49,0.0149,1.03,0.0103,1.48,0.0148,1.7,0.017,2.71,0.0271,0.39,0.0039000000000000003,0.54,0.0054,1.76,0.0176,0.71,0.0070999999999999995
2017-11-17,-0.37,-0.0037,2.12,0.0212,-0.31,-0.0031,0.24,0.0024,0.7,0.006999999999999999,0.62,0.0062,-0.03,-0.0003,0.58,0.0058,-0.45,-0.0045000000000000005,0.43,0.0043,-0.38,-0.0038,-0.29,-0.0029,-0.04,-0.0004,-0.71,-0.0070999999999999995,0.0,0.0,0.2,0.002,-0.15,-0.0015,0.73,0.0073,0.73,0.0073,-0.17,-0.0017000000000000001
2017-11-20,0.08,0.0008,0.77,0.0077,-0.42,-0.0042,0.44,0.0044,0.91,0.0091,0.5,0.005,0.97,0.0097,-0.27,-0.0027,-0.25,-0.0025,-0.1,-0.001,0.15,0.0015,0.65,0.006500000000000001,0.42,0.0042,0.24,0.0024,-0.49,-0.0049,0.27,0.0027,0.51,0.0051,0.47,0.004699999999999999,0.34,0.0034000000000000002,0.07,0.0007000000000000001
2017-11-21,0.06,0.0006,-0.13,-0.0013,0.77,0.0077,0.92,0.0092,1.53,0.015300000000000001,0.63,0.0063,0.74,0.0074,0.34,0.0034000000000000002,0.14,0.0014000000000000002,0.28,0.0028000000000000004,1.08,0.0108,1.19,0.011899999999999999,0.85,0.0085,1.05,0.0105,0.82,0.008199999999999999,0.3,0.003,0.45,0.0045000000000000005,0.57,0.005699999999999999,0.3,0.003,0.68,0.0068000000000000005
2017-11-22,-0.06,-0.0006,-0.04,-0.0004,-0.07,-0.0007000000000000001,-0.28,-0.0028000000000000004,0.04,0.0004,0.83,0.0083,-0.71,-0.0070999999999999995,0.49,0.0049,0.16,0.0016,0.51,0.0051,-0.29,-0.0029,-0.06,-0.0006,-0.4,-0.004,0.26,0.0026,1.06,0.0106,0.37,0.0037,-0.38,-0.0038,0.46,0.0046,0.51,0.0051,-0.15,-0.0015
2017-11-24,0.0,0.0,0.22,0.0022,0.26,0.0026,0.59,0.0059,0.03,0.0003,-0.11,-0.0011,0.2,0.002,0.32,0.0032,0.16,0.0016,-0.45,-0.0045000000000000005,0.52,0.0052,0.38,0.0038,0.13,0.0013,-0.07,-0.0007000000000000001,0.0,0.0,0.49,0.0049,-0.03,-0.0003,0.25,0.0025,-0.26,-0.0026,-0.07,-0.0007000000000000001
2017-11-27,0.28,0.0028000000000000004,0.0,0.0,0.05,0.0005,-0.41,-0.0040999999999999995,-0.25,-0.0025,-0.46,-0.0046,-0.04,-0.0004,-1.17,-0.011699999999999999,0.26,0.0026,-0.09,-0.0009,0.22,0.0022,-0.44,-0.0044,0.61,0.0060999999999999995,-0.32,-0.0032,-0.04,-0.0004,0.4,0.004,-0.06,-0.0006,-1.56,-0.015600000000000001,0.09,0.0009,-0.4,-0.004
2017-11-28,0.35,0.0034999999999999996,0.86,0.0086,0.52,0.0052,1.48,0.0148,1.81,0.0181,1.08,0.0108,1.92,0.0192,0.74,0.0074,0.53,0.0053,1.24,0.0124,0.34,0.0034000000000000002,0.4,0.004,0.71,0.0070999999999999995,1.47,0.0147,2.19,0.0219,1.12,0.011200000000000002,2.31,0.0231,0.59,0.0059,2.9,0.028999999999999998,1.37,0.0137
2017-11-29,0.89,0.0089,1.27,0.0127,0.21,0.0021,-0.54,-0.0054,0.87,0.0087,0.42,0.0042,-0.3,-0.003,0.59,0.0059,0.08,0.0008,2.19,0.0219,-2.12,-0.0212,-2.2,-0.022000000000000002,0.93,0.009300000000000001,3.22,0.0322,1.26,0.0126,0.37,0.0037,1.57,0.015700000000000002,-0.33,-0.0033,-0.7,-0.006999999999999999,0.76,0.0076
2017-11-30,0.65,0.006500000000000001,-0.03,-0.0003,0.72,0.0072,0.38,0.0038,0.92,0.0092,0.58,0.0058,0.0,0.0,1.56,0.015600000000000001,0.68,0.0068000000000000005,0.14,0.0014000000000000002,0.8,0.008,0.8,0.008,1.71,0.0171,2.19,0.0219,0.8,0.008,1.03,0.0103,0.62,0.0062,0.1,0.001,0.85,0.0085,1.04,0.0104
2017-12-01,0.26,0.0026,-0.45,-0.0045000000000000005,0.03,0.0003,-0.89,-0.0089,-0.58,-0.0058,-0.05,-0.0005,-0.6,-0.006,0.8,0.008,-0.27,-0.0027,0.89,0.0089,-0.45,-0.0045000000000000005,-0.59,-0.0059,-0.67,-0.0067,-0.94,-0.009399999999999999,-0.45,-0.0045000000000000005,-0.46,-0.0046,-0.08,-0.0008,0.0,0.0,-0.9,-0.009000000000000001,-0.07,-0.0007000000000000001
2017-12-04,0.89,0.0089,0.32,0.0032,-1.23,-0.0123,0.08,0.0008,0.8,0.008,2.37,0.023700000000000002,-0.1,-0.001,-0.16,-0.0016,-0.55,-0.0055000000000000005,2.27,0.0227,-1.99,-0.0199,-1.52,-0.0152,0.43,0.0043,2.19,0.0219,2.18,0.0218,0.61,0.0060999999999999995,0.77,0.0077,1.09,0.0109,0.62,0.0062,0.57,0.005699999999999999
2017-12-05,-0.6,-0.006,-0.5,-0.005,-0.31,-0.0031,-0.35,-0.0034999999999999996,-1.42,-0.014199999999999999,-1.71,-0.0171,-0.55,-0.0055000000000000005,-0.46,-0.0046,-1.19,-0.011899999999999999,-1.57,-0.015700000000000002,0.32,0.0032,-0.27,-0.0027,-0.23,-0.0023,-1.42,-0.014199999999999999,-0.89,-0.0089,-0.29,-0.0029,-0.54,-0.0054,-1.74,-0.0174,-0.91,-0.0091,0.58,0.0058
2017-12-06,0.36,0.0036,0.11,0.0011,-0.27,-0.0027,-1.3,-0.013000000000000001,-0.49,-0.0049,0.69,0.0069,-0.34,-0.0034000000000000002,-1.43,-0.0143,0.13,0.0013,-1.25,-0.0125,0.98,0.0098,0.0,0.0,-0.26,-0.0026,-0.31,-0.0031,-0.72,-0.0072,-0.21,-0.0021,-0.29,-0.0029,-0.69,-0.0069,0.05,0.0005,-0.28,-0.0028000000000000004
2017-12-07,-0.96,-0.0096,1.43,0.0143,0.43,0.0043,0.82,0.008199999999999999,0.93,0.009300000000000001,1.0,0.01,0.66,0.0066,0.48,0.0048,0.29,0.0029,-0.17,-0.0017000000000000001,0.74,0.0074,0.49,0.0049,0.37,0.0037,1.23,0.0123,0.51,0.0051,0.28,0.0028000000000000004,0.48,0.0048,1.72,0.0172,1.2,0.012,-0.06,-0.0006
2017-12-08,-0.48,-0.0048,1.2,0.012,1.02,0.0102,0.07,0.0007000000000000001,0.82,0.008199999999999999,1.98,0.019799999999999998,0.56,0.005600000000000001,0.78,0.0078000000000000005,0.41,0.0040999999999999995,0.47,0.004699999999999999,0.57,0.005699999999999999,0.3,0.003,-0.49,-0.0049,0.29,0.0029,0.87,0.0087,0.79,0.0079,0.62,0.0062,0.46,0.0046,0.46,0.0046,0.31,0.0031
2017-12-11,-0.05,-0.0005,-0.06,-0.0006,0.37,0.0037,0.3,0.003,-0.61,-0.0060999999999999995,1.03,0.0103,0.25,0.0025,0.66,0.0066,0.59,0.0059,1.22,0.012199999999999999,0.63,0.0063,0.88,0.0088,0.06,0.0006,-0.14,-0.0014000000000000002,0.17,0.0017000000000000001,0.09,0.0009,-0.31,-0.0031,-0.58,-0.0058,-0.24,-0.0024,-0.06,-0.0006
2017-12-12,0.06,0.0006,0.09,0.0009,0.3,0.003,0.16,0.0016,-0.61,-0.0060999999999999995,0.13,0.0013,0.6,0.006,-0.35,-0.0034999999999999996,-1.64,-0.016399999999999998,1.65,0.0165,-0.18,-0.0018,-0.47,-0.004699999999999999,-0.93,-0.009300000000000001,0.05,0.0005,-0.1,-0.001,-0.41,-0.0040999999999999995,0.85,0.0085,0.55,0.0055000000000000005,-0.14,-0.0014000000000000002,-0.21,-0.0021
2017-12-13,0.31,0.0031,1.66,0.0166,0.47,0.004699999999999999,0.14,0.0014000000000000002,0.09,0.0009,0.26,0.0026,-0.33,-0.0033,-0.15,-0.0015,0.24,0.0024,-0.64,-0.0064,0.08,0.0008,0.2,0.002,0.53,0.0053,0.2,0.002,0.25,0.0025,0.37,0.0037,-0.94,-0.009399999999999999,2.26,0.0226,0.23,0.0023,0.42,0.0042
2017-12-14,-0.45,-0.0045000000000000005,0.09,0.0009,-1.15,-0.0115,-1.38,-0.0138,-0.91,-0.0091,-2.31,-0.0231,-1.2,-0.012,-0.33,-0.0033,-0.24,-0.0024,0.4,0.004,-0.04,-0.0004,-0.32,-0.0032,-0.89,-0.0089,-0.53,-0.0053,-0.71,-0.0070999999999999995,-0.4,-0.004,-0.77,-0.0077,-0.97,-0.0097,-1.16,-0.0116,-0.34,-0.0034000000000000002
2017-12-15,0.75,0.0075,1.22,0.012199999999999999,1.13,0.0113,0.9,0.009000000000000001,1.07,0.010700000000000001,0.89,0.0089,0.82,0.008199999999999999,-0.04,-0.0004,0.4,0.004,0.5,0.005,1.14,0.011399999999999999,1.24,0.0124,0.73,0.0073,0.28,0.0028000000000000004,1.9,0.019,0.96,0.0096,1.09,0.0109,1.5,0.015,1.2,0.012,0.15,0.0015
2017-12-18,0.24,0.0024,0.65,0.006500000000000001,-0.05,-0.0005,1.43,0.0143,1.68,0.0168,3.08,0.0308,1.3,0.013000000000000001,0.71,0.0070999999999999995,-0.87,-0.0087,0.51,0.0051,0.41,0.0040999999999999995,1.57,0.015700000000000002,0.64,0.0064,1.07,0.010700000000000001,0.62,0.0062,1.16,0.0116,0.74,0.0074,2.09,0.0209,1.32,0.0132,0.56,0.005600000000000001
2017-12-19,-0.26,-0.0026,-0.54,-0.0054,-0.11,-0.0011,0.16,0.0016,-0.86,-0.0086,1.09,0.0109,-0.16,-0.0016,0.08,0.0008,-1.62,-0.016200000000000003,-0.6,-0.006,-0.48,-0.0048,-0.39,-0.0039000000000000003,0.11,0.0011,0.22,0.0022,-0.07,-0.0007000000000000001,0.06,0.0006,-0.43,-0.0043,-0.75,-0.0075,0.13,0.0013,0.18,0.0018
2017-12-20,-0.09,-0.0009,-0.41,-0.0040999999999999995,-0.19,-0.0019,0.21,0.0021,0.8,0.008,2.42,0.0242,0.15,0.0015,1.67,0.0167,-0.64,-0.0064,-0.03,-0.0003,-0.39,-0.0039000000000000003,0.2,0.002,-0.16,-0.0016,0.81,0.008100000000000001,0.33,0.0033,0.08,0.0008,-0.16,-0.0016,1.2,0.012,0.83,0.0083,-0.52,-0.0052
2017-12-21,-0.09,-0.0009,1.1,0.011000000000000001,-0.14,-0.0014000000000000002,-0.09,-0.0009,1.03,0.0103,0.66,0.0066,-0.04,-0.0004,2.07,0.0207,-0.81,-0.008100000000000001,1.53,0.015300000000000001,-0.17,-0.0017000000000000001,-0.35,-0.0034999999999999996,-0.47,-0.004699999999999999,-0.09,-0.0009,0.18,0.0018,0.07,0.0007000000000000001,0.72,0.0072,1.84,0.0184,0.59,0.0059,0.1,0.001
2017-12-22,0.31,0.0031,-0.98,-0.0098,-0.09,-0.0009,0.05,0.0005,-0.55,-0.0055000000000000005,0.09,0.0009,-0.62,-0.0062,0.3,0.003,0.19,0.0019,0.1,0.001,-0.21,-0.0021,-0.12,-0.0012,0.19,0.0019,0.47,0.004699999999999999,-0.1,-0.001,-0.13,-0.0013,-0.18,-0.0018,0.08,0.0008,-0.08,-0.0008,-0.14,-0.0014000000000000002
2017-12-26,0.12,0.0012,0.75,0.0075,0.15,0.0015,0.05,0.0005,0.31,0.0031,0.64,0.0064,-0.5,-0.005,1.09,0.0109,-0.44,-0.0044,0.03,0.0003,-0.24,-0.0024,-1.12,-0.011200000000000002,0.1,0.001,0.0,0.0,0.49,0.0049,0.81,0.008100000000000001,-0.29,-0.0029,1.93,0.019299999999999998,0.04,0.0004,-0.15,-0.0015
2017-12-27,0.03,0.0003,-0.45,-0.0045000000000000005,0.23,0.0023,0.15,0.0015,0.13,0.0013,0.0,0.0,-0.66,-0.0066,-0.45,-0.0045000000000000005,0.39,0.0039000000000000003,-0.53,-0.0053,0.11,0.0011,0.19,0.0019,0.26,0.0026,0.37,0.0037,0.01,0.0001,-0.16,-0.0016,0.02,0.0002,0.32,0.0032,0.41,0.0040999999999999995,0.7,0.006999999999999999
2017-12-28,-0.24,-0.0024,-0.04,-0.0004,0.07,0.0007000000000000001,0.58,0.0058,0.42,0.0042,1.49,0.0149,0.64,0.0064,0.1,0.001,0.63,0.0063,0.29,0.0029,0.06,0.0006,0.18,0.0018,-0.05,-0.0005,-0.35,-0.0034999999999999996,0.41,0.0040999999999999995,0.14,0.0014000000000000002,0.46,0.0046,0.93,0.009300000000000001,0.33,0.0033,0.35,0.0034999999999999996
2017-12-29,-0.09,-0.0009,-0.66,-0.0066,-0.81,-0.008100000000000001,-0.4,-0.004,-0.53,-0.0053,-1.13,-0.0113,-1.09,-0.0109,-0.44,-0.0044,-0.09,-0.0009,-0.59,-0.0059,-0.45,-0.0045000000000000005,-0.87,-0.0087,-0.12,-0.0012,-0.39,-0.0039000000000000003,-0.6,-0.006,-0.73,-0.0073,-0.71,-0.0070999999999999995,-0.17,-0.0017000000000000001,-0.66,-0.0066,-0.83,-0.0083
2018-01-02,-0.61,-0.0060999999999999995,1.39,0.0139,1.4,0.013999999999999999,1.41,0.0141,0.81,0.008100000000000001,4.12,0.0412,1.7,0.017,1.66,0.0166,-0.39,-0.0039000000000000003,1.53,0.015300000000000001,1.07,0.010700000000000001,1.6,0.016,0.69,0.0069,1.97,0.0197,1.05,0.0105,1.01,0.0101,0.16,0.0016,3.14,0.031400000000000004,0.61,0.0060999999999999995,0.23,0.0023
2018-01-03,-0.24,-0.0024,-0.31,-0.0031,0.89,0.0089,0.37,0.0037,1.51,0.0151,0.62,0.0062,0.83,0.0083,1.37,0.0137,-0.53,-0.0053,-0.93,-0.009300000000000001,1.28,0.0128,0.79,0.0079,0.03,0.0003,0.3,0.003,0.05,0.0005,0.67,0.0067,0.45,0.0045000000000000005,-0.06,-0.0006,1.43,0.0143,1.03,0.0103
2018-01-04,0.95,0.0095,0.74,0.0074,-0.18,-0.0018,0.22,0.0022,-0.23,-0.0023,0.57,0.005699999999999999,1.41,0.0141,0.42,0.0042,-0.61,-0.0060999999999999995,0.2,0.002,0.58,0.0058,0.42,0.0042,1.09,0.0109,0.23,0.0023,0.22,0.0022,-0.04,-0.0004,0.93,0.009300000000000001,0.4,0.004,0.56,0.005600000000000001,0.25,0.0025
2018-01-05,0.23,0.0023,0.41,0.0040999999999999995,0.59,0.0059,1.15,0.0115,0.98,0.0098,0.14,0.0014000000000000002,0.6,0.006,-0.06,-0.0006,-0.18,-0.0018,0.3,0.003,1.1,0.011000000000000001,0.83,0.0083,0.53,0.0053,0.56,0.005600000000000001,0.31,0.0031,1.26,0.0126,0.64,0.0064,0.21,0.0021,0.7,0.006999999999999999,0.22,0.0022
2018-01-08,0.28,0.0028000000000000004,0.86,0.0086,-0.48,-0.0048,0.11,0.0011,0.35,0.0034999999999999996,1.06,0.0106,1.02,0.0102,0.53,0.0053,0.81,0.008100000000000001,-0.32,-0.0032,0.44,0.0044,0.38,0.0038,0.21,0.0021,0.65,0.006500000000000001,0.64,0.0064,0.56,0.005600000000000001,-0.26,-0.0026,0.38,0.0038,0.22,0.0022,0.12,0.0012
2018-01-09,0.27,0.0027,-0.76,-0.0076,1.05,0.0105,-0.25,-0.0025,-0.18,-0.0018,-1.31,-0.0131,-0.15,-0.0015,-0.42,-0.0042,-0.85,-0.0085,-0.23,-0.0023,0.0,0.0,-0.18,-0.0018,-0.31,-0.0031,0.12,0.0012,0.1,0.001,0.02,0.0002,0.67,0.0067,-1.41,-0.0141,-1.05,-0.0105,0.15,0.0015
2018-01-10,-1.05,-0.0105,0.03,0.0003,0.04,0.0004,-0.47,-0.004699999999999999,-1.04,-0.0104,1.79,0.0179,-1.02,-0.0102,-0.19,-0.0019,-1.14,-0.011399999999999999,-0.39,-0.0039000000000000003,-0.11,-0.0011,-0.31,-0.0031,-0.42,-0.0042,0.23,0.0023,-0.6,-0.006,-0.09,-0.0009,0.63,0.0063,0.85,0.0085,-0.15,-0.0015,0.1,0.001
2018-01-11,-0.22,-0.0022,0.79,0.0079,0.43,0.0043,1.48,0.0148,2.05,0.020499999999999997,2.14,0.021400000000000002,1.93,0.019299999999999998,2.09,0.0209,0.0,0.0,1.18,0.0118,0.55,0.0055000000000000005,0.9,0.009000000000000001,0.58,0.0058,2.12,0.0212,1.37,0.0137,1.58,0.0158,0.67,0.0067,1.86,0.018600000000000002,1.55,0.0155,0.57,0.005699999999999999
2018-01-12,-0.04,-0.0004,0.41,0.0040999999999999995,0.62,0.0062,0.19,0.0019,0.22,0.0022,-0.79,-0.0079,0.33,0.0033,0.85,0.0085,-0.4,-0.004,0.45,0.0045000000000000005,0.46,0.0046,0.91,0.0091,0.46,0.0046,0.87,0.0087,1.01,0.0101,1.58,0.0158,0.79,0.0079,0.05,0.0005,0.5,0.005,0.45,0.0045000000000000005
2018-01-16,0.68,0.0068000000000000005,-1.72,-0.0172,-0.01,-0.0001,-1.91,-0.0191,-1.34,-0.0134,-0.93,-0.009300000000000001,-0.46,-0.0046,-1.32,-0.0132,-0.34,-0.0034000000000000002,-0.95,-0.0095,-0.71,-0.0070999999999999995,-0.41,-0.0040999999999999995,-0.32,-0.0032,-0.95,-0.0095,0.1,0.001,-0.47,-0.004699999999999999,-0.25,-0.0025,-1.33,-0.013300000000000001,-0.31,-0.0031,-0.33,-0.0033
2018-01-17,1.08,0.0108,1.01,0.0101,0.92,0.0092,0.19,0.0019,1.26,0.0126,1.1,0.011000000000000001,-0.17,-0.0017000000000000001,0.96,0.0096,0.7,0.006999999999999999,0.42,0.0042,1.14,0.011399999999999999,1.76,0.0176,1.19,0.011899999999999999,0.32,0.0032,0.11,0.0011,0.59,0.0059,0.9,0.009000000000000001,0.79,0.0079,0.47,0.004699999999999999,0.71,0.0070999999999999995
2018-01-18,-0.48,-0.0048,0.39,0.0039000000000000003,-0.2,-0.002,-0.41,-0.0040999999999999995,-0.33,-0.0033,-1.46,-0.0146,-0.7,-0.006999999999999999,-0.76,-0.0076,-0.88,-0.0088,0.04,0.0004,0.13,0.0013,-0.09,-0.0009,-0.59,-0.0059,-0.17,-0.0017000000000000001,-0.39,-0.0039000000000000003,0.23,0.0023,0.01,0.0001,-0.79,-0.0079,-0.42,-0.0042,0.08,0.0008
2018-01-19,0.91,0.0091,3.11,0.0311,0.58,0.0058,0.82,0.008199999999999999,0.91,0.0091,0.22,0.0022,0.44,0.0044,-0.07,-0.0007000000000000001,-0.19,-0.0019,0.62,0.0062,0.44,0.0044,0.21,0.0021,0.88,0.0088,0.22,0.0022,1.0,0.01,0.89,0.0089,0.76,0.0076,1.24,0.0124,0.27,0.0027,1.09,0.0109
2018-01-22,0.64,0.0064,-0.23,-0.0023,1.2,0.012,-0.46,-0.0046,0.16,0.0016,0.35,0.0034999999999999996,0.12,0.0012,1.88,0.018799999999999997,0.42,0.0042,1.34,0.0134,1.17,0.011699999999999999,0.11,0.0011,-0.24,-0.0024,0.3,0.003,0.55,0.0055000000000000005,1.49,0.0149,0.63,0.0063,-0.16,-0.0016,0.37,0.0037,0.11,0.0011
2018-01-23,0.16,0.0016,0.83,0.0083,-0.35,-0.0034999999999999996,0.09,0.0009,-0.35,-0.0034999999999999996,0.11,0.0011,-0.15,-0.0015,-0.06,-0.0006,0.86,0.0086,-0.69,-0.0069,0.82,0.008199999999999999,0.32,0.0032,-0.11,-0.0011,-0.18,-0.0018,-0.19,-0.0019,0.79,0.0079,0.05,0.0005,-0.22,-0.0022,-0.36,-0.0036,0.69,0.0069
2018-01-24,0.0,0.0,0.32,0.0032,0.1,0.001,0.31,0.0031,-0.04,-0.0004,0.11,0.0011,0.45,0.0045000000000000005,-0.29,-0.0029,-0.49,-0.0049,0.74,0.0074,-0.41,-0.0040999999999999995,-1.24,-0.0124,0.55,0.0055000000000000005,-1.61,-0.0161,1.7,0.017,-0.12,-0.0012,0.4,0.004,1.2,0.012,-0.8,-0.008,-0.68,-0.0068000000000000005
2018-01-25,0.12,0.0012,-0.14,-0.0014000000000000002,1.09,0.0109,0.93,0.009300000000000001,-1.13,-0.0113,-0.53,-0.0053,-1.83,-0.0183,-0.83,-0.0083,1.03,0.0103,-0.01,-0.0001,0.37,0.0037,-0.64,-0.0064,1.39,0.0139,-2.07,-0.0207,0.41,0.0040999999999999995,0.61,0.0060999999999999995,-0.07,-0.0007000000000000001,0.19,0.0019,-0.12,-0.0012,0.14,0.0014000000000000002
2018-01-26,0.69,0.0069,0.54,0.0054,2.33,0.0233,0.13,0.0013,0.01,0.0001,1.38,0.0138,0.82,0.008199999999999999,0.66,0.0066,-0.02,-0.0002,1.17,0.011699999999999999,1.37,0.0137,1.99,0.0199,1.22,0.012199999999999999,0.99,0.009899999999999999,0.69,0.0069,1.32,0.0132,0.72,0.0072,0.4,0.004,1.18,0.0118,-0.06,-0.0006
2018-01-29,-0.5,-0.005,-0.13,-0.0013,-0.13,-0.0013,-1.09,-0.0109,-2.0,-0.02,-0.39,-0.0039000000000000003,-0.41,-0.0040999999999999995,-1.57,-0.015700000000000002,-1.29,-0.0129,-1.04,-0.0104,-0.79,-0.0079,-0.78,-0.0078000000000000005,-0.84,-0.0084,-0.33,-0.0033,-0.82,-0.008199999999999999,0.42,0.0042,-0.44,-0.0044,-1.5,-0.015,-1.29,-0.0129,-0.47,-0.004699999999999999
2018-01-30,-0.39,-0.0039000000000000003,-0.67,-0.0067,-1.67,-0.0167,-0.94,-0.009399999999999999,-0.81,-0.008100000000000001,-3.09,-0.030899999999999997,-1.04,-0.0104,-2.12,-0.0212,-0.13,-0.0013,-0.13,-0.0013,-0.74,-0.0074,-1.22,-0.012199999999999999,-1.06,-0.0106,-1.01,-0.0101,-1.27,-0.0127,-0.87,-0.0087,-1.47,-0.0147,-1.54,-0.0154,-0.73,-0.0073,-1.45,-0.014499999999999999
2018-01-31,-0.01,-0.0001,0.14,0.0014000000000000002,-1.95,-0.0195,-0.09,-0.0009,-0.73,-0.0073,-1.45,-0.014499999999999999,-0.13,-0.0013,0.19,0.0019,0.81,0.008100000000000001,-0.14,-0.0014000000000000002,0.89,0.0089,0.11,0.0011,-0.59,-0.0059,0.05,0.0005,-1.33,-0.013300000000000001,-0.4,-0.004,0.07,0.0007000000000000001,-0.14,-0.0014000000000000002,-0.31,-0.0031,-0.42,-0.0042
2018-02-01,-0.07,-0.0007000000000000001,-0.74,-0.0074,0.51,0.0051,-0.98,-0.0098,-0.52,-0.0052,-0.24,-0.0024,-0.28,-0.0028000000000000004,0.96,0.0096,-1.21,-0.0121,0.75,0.0075,-0.12,-0.0012,-0.05,-0.0005,-0.85,-0.0085,-1.07,-0.010700000000000001,-0.79,-0.0079,-1.45,-0.014499999999999999,0.95,0.0095,-0.15,-0.0015,0.57,0.005699999999999999,-0.14,-0.0014000000000000002
2018-02-02,-1.87,-0.0187,-1.04,-0.0104,-1.32,-0.0132,-2.36,-0.0236,-2.91,-0.0291,-3.9,-0.039,-2.71,-0.0271,-4.36,-0.0436,-1.02,-0.0102,-1.37,-0.0137,-2.63,-0.0263,-2.75,-0.0275,-1.1,-0.011000000000000001,-2.36,-0.0236,-2.36,-0.0236,-0.77,-0.0077,-1.94,-0.0194,-4.21,-0.0421,-2.48,-0.0248,-1.88,-0.018799999999999997
2018-02-05,-3.14,-0.031400000000000004,-3.09,-0.030899999999999997,-4.52,-0.0452,-3.34,-0.0334,-3.97,-0.0397,-2.39,-0.0239,-3.68,-0.0368,-4.26,-0.0426,-2.08,-0.0208,-3.64,-0.0364,-3.91,-0.0391,-4.08,-0.0408,-4.59,-0.045899999999999996,-3.56,-0.0356,-3.79,-0.0379,-3.67,-0.036699999999999997,-4.54,-0.0454,-2.29,-0.0229,-3.69,-0.0369,-2.97,-0.0297
2018-02-06,0.52,0.0052,1.62,0.016200000000000003,1.12,0.011200000000000002,2.24,0.022400000000000003,2.09,0.0209,1.9,0.019,2.82,0.0282,0.77,0.0077,-0.94,-0.009399999999999999,0.59,0.0059,2.04,0.0204,2.85,0.0285,0.88,0.0088,2.01,0.020099999999999996,1.19,0.011899999999999999,2.64,0.0264,1.59,0.0159,2.25,0.0225,1.34,0.0134,1.07,0.010700000000000001
2018-02-07,-0.34,-0.0034000000000000002,1.15,0.0115,0.03,0.0003,-0.76,-0.0076,-0.13,-0.0013,-1.1,-0.011000000000000001,0.83,0.0083,-1.84,-0.0184,-0.39,-0.0039000000000000003,0.03,0.0003,-0.91,-0.0091,-0.99,-0.009899999999999999,0.12,0.0012,-0.11,-0.0011,-0.35,-0.0034999999999999996,-0.33,-0.0033,0.13,0.0013,-1.36,-0.013600000000000001,-0.29,-0.0029,-0.33,-0.0033
2018-02-08,-2.17,-0.0217,-4.34,-0.0434,-3.67,-0.036699999999999997,-3.86,-0.038599999999999995,-3.86,-0.038599999999999995,-3.39,-0.0339,-4.46,-0.0446,-3.15,-0.0315,-1.45,-0.014499999999999999,-3.62,-0.0362,-4.16,-0.0416,-3.72,-0.037200000000000004,-3.79,-0.0379,-3.8,-0.038,-2.05,-0.020499999999999997,-3.88,-0.0388,-4.16,-0.0416,-3.6,-0.036000000000000004,-2.8,-0.027999999999999997,-3.36,-0.0336
2018-02-09,0.3,0.003,2.72,0.027200000000000002,1.46,0.0146,1.97,0.0197,0.46,0.0046,1.36,0.013600000000000001,0.62,0.0062,0.08,0.0008,2.13,0.0213,1.01,0.0101,2.31,0.0231,1.97,0.0197,0.7,0.006999999999999999,-0.68,-0.0068000000000000005,0.92,0.0092,0.35,0.0034999999999999996,1.78,0.0178,1.79,0.0179,1.39,0.0139,1.46,0.0146
2018-02-12,0.95,0.0095,0.86,0.0086,0.94,0.009399999999999999,2.0,0.02,1.35,0.013500000000000002,2.53,0.0253,1.26,0.0126,1.74,0.0174,0.84,0.0084,0.7,0.006999999999999999,1.19,0.011899999999999999,2.37,0.023700000000000002,1.49,0.0149,1.68,0.0168,0.71,0.0070999999999999995,1.11,0.0111,1.31,0.0131,1.02,0.0102,0.98,0.0098,1.42,0.014199999999999999
2018-02-13,0.1,0.001,0.91,0.0091,0.13,0.0013,0.1,0.001,0.08,0.0008,0.89,0.0089,-0.32,-0.0032,-0.56,-0.005600000000000001,0.32,0.0032,0.51,0.0051,0.26,0.0026,0.53,0.0053,0.25,0.0025,0.68,0.0068000000000000005,0.28,0.0028000000000000004,0.94,0.009399999999999999,0.53,0.0053,1.74,0.0174,-0.4,-0.004,-0.03,-0.0003
2018-02-14,0.55,0.0055000000000000005,2.95,0.029500000000000002,1.29,0.0129,1.57,0.015700000000000002,1.68,0.0168,2.88,0.0288,1.13,0.0113,1.83,0.0183,-0.74,-0.0074,0.34,0.0034000000000000002,2.03,0.0203,1.97,0.0197,0.66,0.0066,1.14,0.011399999999999999,1.21,0.0121,1.58,0.0158,2.17,0.0217,4.36,0.0436,1.77,0.0177,0.88,0.0088
2018-02-15,1.48,0.0148,0.38,0.0038,1.59,0.0159,0.57,0.005699999999999999,0.47,0.004699999999999999,0.32,0.0032,0.62,0.0062,-0.34,-0.0034000000000000002,1.99,0.0199,1.28,0.0128,1.66,0.0166,2.11,0.021099999999999997,1.47,0.0147,0.87,0.0087,1.45,0.014499999999999999,0.91,0.0091,0.44,0.0044,0.71,0.0070999999999999995,0.43,0.0043,0.41,0.0040999999999999995
2018-02-16,-0.17,-0.0017000000000000001,-2.0,-0.02,0.56,0.005600000000000001,-0.51,-0.0051,0.64,0.0064,4.18,0.0418,-1.0,-0.01,-0.13,-0.0013,0.48,0.0048,0.23,0.0023,-0.1,-0.001,-0.41,-0.0040999999999999995,0.63,0.0063,0.03,0.0003,0.49,0.0049,0.12,0.0012,0.12,0.0012,-1.49,-0.0149,0.5,0.005,-1.03,-0.0103
2018-02-20,-1.39,-0.0139,-1.2,-0.012,-1.03,-0.0103,0.1,0.001,-1.07,-0.010700000000000001,-1.19,-0.011899999999999999,-0.16,-0.0016,-0.53,-0.0053,-1.14,-0.011399999999999999,-0.92,-0.0092,0.05,0.0005,0.14,0.0014000000000000002,-0.96,-0.0096,-1.66,-0.0166,-1.1,-0.011000000000000001,-1.68,-0.0168,-0.37,-0.0037,-1.29,-0.0129,-1.55,-0.0155,-0.23,-0.0023
2018-02-21,-1.33,-0.013300000000000001,0.12,0.0012,-0.34,-0.0034000000000000002,-0.04,-0.0004,-0.54,-0.0054,-1.06,-0.0106,-0.22,-0.0022,-1.68,-0.0168,-1.32,-0.0132,-1.07,-0.010700000000000001,-0.17,-0.0017000000000000001,-0.65,-0.006500000000000001,-0.6,-0.006,0.79,0.0079,-0.22,-0.0022,-0.51,-0.0051,-0.01,-0.0001,-0.99,-0.009899999999999999,0.25,0.0025,0.67,0.0067
2018-02-22,0.11,0.0011,0.26,0.0026,-0.2,-0.002,0.46,0.0046,0.16,0.0016,0.41,0.0040999999999999995,1.12,0.011200000000000002,1.13,0.0113,0.44,0.0044,-0.31,-0.0031,-0.02,-0.0002,0.09,0.0009,0.79,0.0079,0.05,0.0005,-0.43,-0.0043,0.46,0.0046,-0.74,-0.0074,0.79,0.0079,0.51,0.0051,0.05,0.0005
2018-02-23,1.05,0.0105,1.16,0.0116,1.62,0.016200000000000003,1.47,0.0147,-0.02,-0.0002,-0.1,-0.001,0.64,0.0064,2.31,0.0231,2.51,0.025099999999999997,1.49,0.0149,1.96,0.0196,1.98,0.019799999999999998,0.68,0.0068000000000000005,1.34,0.0134,1.17,0.011699999999999999,1.09,0.0109,1.47,0.0147,1.81,0.0181,0.19,0.0019,1.25,0.0125
2018-02-26,0.49,0.0049,1.46,0.0146,1.18,0.0118,-0.11,-0.0011,0.42,0.0042,1.13,0.0113,1.22,0.012199999999999999,0.74,0.0074,-0.32,-0.0032,1.19,0.011899999999999999,0.93,0.009300000000000001,1.98,0.019799999999999998,1.97,0.0197,1.93,0.019299999999999998,1.0,0.01,0.71,0.0070999999999999995,1.16,0.0116,1.23,0.0123,1.42,0.014199999999999999,0.3,0.003
2018-02-27,-1.22,-0.012199999999999999,-1.72,-0.0172,-1.05,-0.0105,-1.37,-0.0137,-2.24,-0.022400000000000003,-1.13,-0.0113,-2.17,-0.0217,-1.56,-0.015600000000000001,-1.7,-0.017,-2.93,-0.029300000000000003,-1.35,-0.013500000000000002,-0.36,-0.0036,-1.36,-0.013600000000000001,-2.19,-0.0219,-1.23,-0.0123,-1.41,-0.0141,-0.95,-0.0095,-1.69,-0.0169,-1.28,-0.0128,-1.58,-0.0158
2018-02-28,-0.7,-0.006999999999999999,-1.06,-0.0106,-1.59,-0.0159,-2.18,-0.0218,-2.15,-0.0215,-2.68,-0.0268,-1.45,-0.014499999999999999,-2.35,-0.0235,-0.88,-0.0088,-1.35,-0.013500000000000002,-0.5,-0.005,-0.65,-0.006500000000000001,-1.54,-0.0154,-1.31,-0.0131,-1.46,-0.0146,-0.52,-0.0052,-1.23,-0.0123,-1.6,-0.016,-2.34,-0.023399999999999997,0.11,0.0011
2018-03-01,-0.78,-0.0078000000000000005,-0.84,-0.0084,-1.46,-0.0146,-0.52,-0.0052,-0.56,-0.005600000000000001,2.63,0.0263,-2.74,-0.0274,0.06,0.0006,0.02,0.0002,-0.15,-0.0015,-1.33,-0.013300000000000001,-1.83,-0.0183,-1.35,-0.013500000000000002,-0.33,-0.0033,-1.17,-0.011699999999999999,-1.01,-0.0101,-1.37,-0.0137,0.31,0.0031,-1.77,-0.0177,-1.37,-0.0137
2018-03-02,0.83,0.0083,0.46,0.0046,1.61,0.0161,0.24,0.0024,0.6,0.006,0.54,0.0054,-0.01,-0.0001,0.66,0.0066,-0.22,-0.0022,0.53,0.0053,1.05,0.0105,1.08,0.0108,0.17,0.0017000000000000001,-0.07,-0.0007000000000000001,1.08,0.0108,0.17,0.0017000000000000001,0.55,0.0055000000000000005,-0.09,-0.0009,0.96,0.0096,-0.63,-0.0063
2018-03-05,0.75,0.0075,-0.33,-0.0033,0.85,0.0085,1.87,0.0187,0.72,0.0072,-0.45,-0.0045000000000000005,0.95,0.0095,1.2,0.012,1.81,0.0181,1.0,0.01,1.23,0.0123,0.74,0.0074,0.76,0.0076,0.75,0.0075,1.05,0.0105,1.1,0.011000000000000001,1.26,0.0126,0.29,0.0029,1.14,0.011399999999999999,0.2,0.002
2018-03-06,0.52,0.0052,0.51,0.0051,-0.17,-0.0017000000000000001,1.36,0.013600000000000001,1.35,0.013500000000000002,0.71,0.0070999999999999995,0.28,0.0028000000000000004,-0.09,-0.0009,-1.12,-0.011200000000000002,0.43,0.0043,0.18,0.0018,0.71,0.0070999999999999995,0.48,0.0048,0.86,0.0086,1.08,0.0108,0.35,0.0034999999999999996,0.37,0.0037,2.16,0.0216,0.55,0.0055000000000000005,0.37,0.0037
2018-03-07,-0.66,-0.0066,-0.97,-0.0097,0.57,0.005699999999999999,0.26,0.0026,0.16,0.0016,1.64,0.016399999999999998,0.05,0.0005,-0.9,-0.009000000000000001,-0.56,-0.005600000000000001,-0.48,-0.0048,1.13,0.0113,0.2,0.002,-0.12,-0.0012,-0.07,-0.0007000000000000001,0.11,0.0011,-0.98,-0.0098,0.09,0.0009,-1.17,-0.011699999999999999,-1.17,-0.011699999999999999,0.46,0.0046
2018-03-08,0.74,0.0074,0.13,0.0013,1.07,0.010700000000000001,-0.02,-0.0002,-0.1,-0.001,-2.12,-0.0212,-0.11,-0.0011,-0.12,-0.0012,0.56,0.005600000000000001,0.6,0.006,0.52,0.0052,0.37,0.0037,0.17,0.0017000000000000001,0.51,0.0051,-0.31,-0.0031,-0.01,-0.0001,-0.12,-0.0012,-1.0,-0.01,0.81,0.008100000000000001,0.71,0.0070999999999999995
2018-03-09,0.61,0.0060999999999999995,1.66,0.0166,1.48,0.0148,2.33,0.0233,1.9,0.019,0.48,0.0048,0.92,0.0092,1.85,0.018500000000000003,0.53,0.0053,0.47,0.004699999999999999,1.88,0.018799999999999997,1.83,0.0183,1.63,0.0163,2.7,0.027000000000000003,1.81,0.0181,1.57,0.015700000000000002,2.11,0.021099999999999997,1.4,0.013999999999999999,2.24,0.022400000000000003,1.85,0.018500000000000003
2018-03-12,0.06,0.0006,-0.07,-0.0007000000000000001,-0.2,-0.002,-0.17,-0.0017000000000000001,-0.12,-0.0012,0.89,0.0089,0.45,0.0045000000000000005,-0.02,-0.0002,0.6,0.006,0.43,0.0043,0.13,0.0013,0.44,0.0044,-0.19,-0.0019,-0.32,-0.0032,0.27,0.0027,0.05,0.0005,-0.42,-0.0042,0.17,0.0017000000000000001,-0.59,-0.0059,0.22,0.0022
2018-03-13,-0.04,-0.0004,-0.43,-0.0043,-0.07,-0.0007000000000000001,-0.56,-0.005600000000000001,0.22,0.0022,-0.8,-0.008,-0.28,-0.0028000000000000004,-0.68,-0.0068000000000000005,0.14,0.0014000000000000002,-0.83,-0.0083,-1.39,-0.0139,-0.81,-0.008100000000000001,-0.39,-0.0039000000000000003,0.3,0.003,-0.01,-0.0001,-0.43,-0.0043,-0.8,-0.008,-0.04,-0.0004,-0.46,-0.0046,-0.11,-0.0011
2018-03-14,-0.57,-0.005699999999999999,-0.07,-0.0007000000000000001,-0.53,-0.0053,-1.37,-0.0137,-1.13,-0.0113,-2.4,-0.024,-1.18,-0.0118,-0.58,-0.0058,0.76,0.0076,-0.59,-0.0059,0.24,0.0024,-0.4,-0.004,-1.24,-0.0124,-1.32,-0.0132,-0.7,-0.006999999999999999,-0.45,-0.0045000000000000005,-1.0,-0.01,0.01,0.0001,-0.78,-0.0078000000000000005,-0.32,-0.0032
2018-03-15,-1.5,-0.015,-0.09,-0.0009,-0.39,-0.0039000000000000003,-0.76,-0.0076,-0.87,-0.0087,-0.26,-0.0026,0.01,0.0001,-0.29,-0.0029,-0.25,-0.0025,-0.32,-0.0032,0.01,0.0001,-0.18,-0.0018,0.17,0.0017000000000000001,0.25,0.0025,-0.68,-0.0068000000000000005,-0.35,-0.0034999999999999996,0.17,0.0017000000000000001,-1.24,-0.0124,-0.33,-0.0033,0.84,0.0084
2018-03-16,-0.01,-0.0001,0.33,0.0033,0.21,0.0021,0.18,0.0018,0.85,0.0085,1.27,0.0127,0.66,0.0066,1.02,0.0102,1.07,0.010700000000000001,0.01,0.0001,-0.07,-0.0007000000000000001,0.1,0.001,0.37,0.0037,0.89,0.0089,0.84,0.0084,0.27,0.0027,0.34,0.0034000000000000002,0.24,0.0024,1.64,0.016399999999999998,0.12,0.0012
2018-03-19,-0.69,-0.0069,-0.75,-0.0075,-1.78,-0.0178,-1.43,-0.0143,-0.72,-0.0072,-1.97,-0.0197,-1.8,-0.018000000000000002,-1.69,-0.0169,-0.92,-0.0092,-1.37,-0.0137,-2.19,-0.0219,-1.43,-0.0143,-1.69,-0.0169,-0.76,-0.0076,-1.5,-0.015,-1.46,-0.0146,-0.76,-0.0076,-1.12,-0.011200000000000002,-1.25,-0.0125,-1.21,-0.0121
2018-03-20,-0.27,-0.0027,1.09,0.0109,0.2,0.002,-0.55,-0.0055000000000000005,-0.39,-0.0039000000000000003,-1.2,-0.012,-0.33,-0.0033,1.0,0.01,-0.48,-0.0048,-0.9,-0.009000000000000001,-0.45,-0.0045000000000000005,0.68,0.0068000000000000005,-0.09,-0.0009,0.39,0.0039000000000000003,-1.16,-0.0116,1.08,0.0108,0.24,0.0024,0.57,0.005699999999999999,-0.26,-0.0026,0.5,0.005
2018-03-21,-1.35,-0.013500000000000002,-0.39,-0.0039000000000000003,-0.11,-0.0011,0.87,0.0087,1.19,0.011899999999999999,1.79,0.0179,1.25,0.0125,2.85,0.0285,-0.01,-0.0001,-0.24,-0.0024,-0.18,-0.0018,-0.85,-0.0085,0.28,0.0028000000000000004,-0.5,-0.005,0.47,0.004699999999999999,-0.17,-0.0017000000000000001,-0.16,-0.0016,2.16,0.0216,0.22,0.0022,-0.23,-0.0023
2018-03-22,-1.25,-0.0125,-2.56,-0.0256,-2.92,-0.0292,-3.12,-0.031200000000000002,-2.5,-0.025,-6.85,-0.06849999999999999,-3.11,-0.0311,-1.94,-0.0194,0.05,0.0005,-1.66,-0.0166,-2.79,-0.0279,-2.27,-0.0227,-3.5,-0.035,-2.81,-0.0281,-2.44,-0.024399999999999998,-1.88,-0.018799999999999997,-3.43,-0.034300000000000004,-2.97,-0.0297,-3.25,-0.0325,-1.54,-0.0154
2018-03-23,-0.77,-0.0077,-0.1,-0.001,-2.19,-0.0219,-1.7,-0.017,-1.8,-0.018000000000000002,-2.02,-0.0202,-2.42,-0.0242,-0.39,-0.0039000000000000003,-1.46,-0.0146,-1.69,-0.0169,-2.5,-0.025,-2.39,-0.0239,-2.8,-0.027999999999999997,-1.93,-0.019299999999999998,-1.99,-0.0199,-2.08,-0.0208,-2.81,-0.0281,-0.21,-0.0021,-2.14,-0.021400000000000002,-1.84,-0.0184
2018-03-26,1.6,0.016,2.43,0.024300000000000002,1.97,0.0197,1.9,0.019,2.69,0.0269,2.27,0.0227,2.32,0.0232,1.95,0.0195,1.08,0.0108,1.37,0.0137,3.5,0.035,3.87,0.0387,2.42,0.0242,1.91,0.0191,1.68,0.0168,3.22,0.0322,3.08,0.0308,1.33,0.013300000000000001,2.57,0.025699999999999997,2.36,0.0236
2018-03-27,-0.21,-0.0021,-0.49,-0.0049,-1.6,-0.016,-1.1,-0.011000000000000001,-1.54,-0.0154,-1.82,-0.0182,-2.83,-0.028300000000000002,-1.17,-0.011699999999999999,1.11,0.0111,-0.5,-0.005,-3.54,-0.0354,-2.76,-0.0276,-0.96,-0.0096,-1.76,-0.0176,-1.05,-0.0105,-2.43,-0.024300000000000002,-1.94,-0.0194,-1.88,-0.018799999999999997,-1.82,-0.0182,-0.78,-0.0078000000000000005
2018-03-28,0.25,0.0025,-0.06,-0.0006,0.42,0.0042,-1.18,-0.0118,-0.47,-0.004699999999999999,-0.7,-0.006999999999999999,-1.14,-0.011399999999999999,-1.75,-0.0175,-0.11,-0.0011,0.4,0.004,-0.46,-0.0046,-1.41,-0.0141,0.23,0.0023,-0.11,-0.0011,0.32,0.0032,-0.89,-0.0089,0.18,0.0018,-1.99,-0.0199,-0.06,-0.0006,0.26,0.0026
2018-03-29,0.95,0.0095,1.32,0.0132,0.75,0.0075,1.76,0.0176,1.15,0.0115,2.84,0.028399999999999998,2.36,0.0236,2.31,0.0231,0.59,0.0059,0.98,0.0098,2.08,0.0208,1.82,0.0182,1.39,0.0139,2.21,0.022099999999999998,1.39,0.0139,1.13,0.0113,1.13,0.0113,3.15,0.0315,2.51,0.025099999999999997,-0.04,-0.0004
2018-04-02,-2.21,-0.022099999999999998,-2.5,-0.025,-2.73,-0.0273,-2.38,-0.023799999999999998,-2.61,-0.026099999999999998,-2.39,-0.0239,-2.7,-0.027000000000000003,-2.2,-0.022000000000000002,-0.95,-0.0095,-1.6,-0.016,-2.3,-0.023,-2.47,-0.024700000000000003,-2.8,-0.027999999999999997,-2.22,-0.0222,-2.6,-0.026000000000000002,-3.65,-0.0365,-1.74,-0.0174,-1.14,-0.011399999999999999,-3.11,-0.0311,-1.37,-0.0137
2018-04-03,1.03,0.0103,2.66,0.026600000000000002,1.29,0.0129,1.36,0.013600000000000001,1.48,0.0148,1.86,0.018600000000000002,2.97,0.0297,2.16,0.0216,0.51,0.0051,0.67,0.0067,0.76,0.0076,1.19,0.011899999999999999,1.71,0.0171,1.82,0.0182,1.52,0.0152,1.15,0.0115,1.37,0.0137,0.57,0.005699999999999999,1.62,0.016200000000000003,1.6,0.016
2018-04-04,1.81,0.0181,2.13,0.0213,1.62,0.016200000000000003,0.77,0.0077,2.81,0.0281,0.82,0.008199999999999999,2.8,0.027999999999999997,-0.12,-0.0012,0.17,0.0017000000000000001,1.43,0.0143,1.42,0.014199999999999999,1.3,0.013000000000000001,0.87,0.0087,0.02,0.0002,1.44,0.0144,1.78,0.0178,1.06,0.0106,0.91,0.0091,0.34,0.0034000000000000002,1.34,0.0134
2018-04-05,0.22,0.0022,1.76,0.0176,-0.31,-0.0031,1.84,0.0184,1.19,0.011899999999999999,2.7,0.027000000000000003,1.81,0.0181,1.92,0.0192,0.95,0.0095,0.79,0.0079,0.62,0.0062,0.25,0.0025,0.53,0.0053,0.52,0.0052,0.97,0.0097,1.37,0.0137,0.79,0.0079,2.04,0.0204,0.86,0.0086,0.77,0.0077
2018-04-06,-0.86,-0.0086,-2.32,-0.0232,-2.46,-0.0246,-2.59,-0.0259,-2.48,-0.0248,-3.03,-0.030299999999999997,-1.82,-0.0182,-1.95,-0.0195,-0.86,-0.0086,-1.33,-0.013300000000000001,-2.15,-0.0215,-2.69,-0.0269,-2.32,-0.0232,-2.52,-0.0252,-2.04,-0.0204,-2.25,-0.0225,-2.39,-0.0239,-2.51,-0.025099999999999997,-2.69,-0.0269,-1.63,-0.0163
2018-04-09,0.73,0.0073,-0.33,-0.0033,1.27,0.0127,0.23,0.0023,-0.59,-0.0059,1.11,0.0111,-0.53,-0.0053,0.5,0.005,0.09,0.0009,0.01,0.0001,0.59,0.0059,0.68,0.0068000000000000005,0.2,0.002,-0.42,-0.0042,0.08,0.0008,-0.49,-0.0049,0.35,0.0034999999999999996,-0.72,-0.0072,-0.05,-0.0005,-0.05,-0.0005
2018-04-10,0.17,0.0017000000000000001,1.02,0.0102,1.85,0.018500000000000003,1.76,0.0176,1.36,0.013600000000000001,3.57,0.035699999999999996,2.84,0.028399999999999998,3.37,0.0337,-0.21,-0.0021,1.54,0.0154,2.17,0.0217,2.52,0.0252,1.73,0.0173,0.57,0.005699999999999999,1.95,0.0195,1.4,0.013999999999999999,1.61,0.0161,3.28,0.032799999999999996,1.76,0.0176,0.55,0.0055000000000000005
2018-04-11,0.13,0.0013,-0.14,-0.0014000000000000002,-0.53,-0.0053,-0.67,-0.0067,-0.94,-0.009399999999999999,-1.51,-0.0151,-0.46,-0.0046,1.2,0.012,-0.12,-0.0012,-0.93,-0.009300000000000001,-0.48,-0.0048,-0.3,-0.003,-0.62,-0.0062,-0.31,-0.0031,-0.77,-0.0077,-0.5,-0.005,-1.14,-0.011399999999999999,-0.04,-0.0004,-0.39,-0.0039000000000000003,0.59,0.0059
2018-04-12,-0.09,-0.0009,0.9,0.009000000000000001,0.72,0.0072,0.93,0.009300000000000001,-0.04,-0.0004,1.46,0.0146,-0.29,-0.0029,-0.07,-0.0007000000000000001,-1.15,-0.0115,-0.17,-0.0017000000000000001,0.98,0.0098,1.48,0.0148,0.44,0.0044,1.77,0.0177,0.33,0.0033,0.69,0.0069,1.63,0.0163,0.02,0.0002,1.12,0.011200000000000002,-0.14,-0.0014000000000000002
2018-04-13,0.4,0.004,-1.07,-0.010700000000000001,-0.21,-0.0021,-0.01,-0.0001,-0.15,-0.0015,-0.22,-0.0022,-0.07,-0.0007000000000000001,1.27,0.0127,0.64,0.0064,-0.21,-0.0021,-0.45,-0.0045000000000000005,-0.4,-0.004,-0.1,-0.001,-0.03,-0.0003,-0.85,-0.0085,-0.78,-0.0078000000000000005,-1.31,-0.0131,-0.69,-0.0069,-0.12,-0.0012,-0.3,-0.003
2018-04-16,0.59,0.0059,0.44,0.0044,0.3,0.003,1.66,0.0166,0.96,0.0096,0.99,0.009899999999999999,0.7,0.006999999999999999,1.05,0.0105,1.48,0.0148,1.19,0.011899999999999999,0.88,0.0088,0.6,0.006,0.9,0.009000000000000001,2.03,0.0203,1.76,0.0176,1.14,0.011399999999999999,0.67,0.0067,1.07,0.010700000000000001,0.86,0.0086,0.7,0.006999999999999999
2018-04-17,0.24,0.0024,0.62,0.0062,0.73,0.0073,1.62,0.016200000000000003,0.94,0.009399999999999999,2.4,0.024,0.01,0.0001,0.46,0.0046,1.03,0.0103,0.36,0.0036,2.21,0.022099999999999998,1.69,0.0169,0.78,0.0078000000000000005,0.14,0.0014000000000000002,1.08,0.0108,1.94,0.0194,0.26,0.0026,1.19,0.011899999999999999,0.82,0.008199999999999999,0.9,0.009000000000000001
2018-04-18,-0.63,-0.0063,-1.07,-0.010700000000000001,0.02,0.0002,0.62,0.0062,0.33,0.0033,2.2,0.022000000000000002,0.28,0.0028000000000000004,1.74,0.0174,-0.29,-0.0029,-0.09,-0.0009,-0.14,-0.0014000000000000002,0.07,0.0007000000000000001,-0.03,-0.0003,2.01,0.020099999999999996,0.44,0.0044,1.02,0.0102,-0.32,-0.0032,1.57,0.015700000000000002,1.01,0.0101,0.07,0.0007000000000000001
2018-04-19,-1.01,-0.0101,-0.53,-0.0053,-0.76,-0.0076,-1.23,-0.0123,-1.86,-0.018600000000000002,-0.07,-0.0007000000000000001,-1.31,-0.0131,0.11,0.0011,-0.05,-0.0005,-0.35,-0.0034999999999999996,-0.12,-0.0012,-2.17,-0.0217,-0.74,-0.0074,-0.78,-0.0078000000000000005,-0.72,-0.0072,0.08,0.0008,1.2,0.012,0.09,0.0009,-0.59,-0.0059,-0.7,-0.006999999999999999
2018-04-20,-1.23,-0.0123,-0.92,-0.0092,-0.59,-0.0059,-0.59,-0.0059,-1.12,-0.011200000000000002,-1.36,-0.013600000000000001,-1.25,-0.0125,-0.4,-0.004,-0.74,-0.0074,-0.79,-0.0079,-1.11,-0.0111,-1.71,-0.0171,-0.85,-0.0085,-1.0,-0.01,-1.01,-0.0101,-1.25,-0.0125,0.03,0.0003,-1.12,-0.011200000000000002,-0.88,-0.0088,-0.59,-0.0059
2018-04-23,0.37,0.0037,1.04,0.0104,0.24,0.0024,-0.04,-0.0004,0.19,0.0019,-2.89,-0.028900000000000002,-0.05,-0.0005,0.71,0.0070999999999999995,0.29,0.0029,0.55,0.0055000000000000005,-0.14,-0.0014000000000000002,-0.6,-0.006,-0.55,-0.0055000000000000005,0.21,0.0021,0.38,0.0038,0.04,0.0004,0.0,0.0,-1.39,-0.0139,-0.91,-0.0091,0.03,0.0003
2018-04-24,-1.02,-0.0102,-0.09,-0.0009,-0.87,-0.0087,-2.09,-0.0209,-1.91,-0.0191,-0.49,-0.0049,-1.54,-0.0154,-1.11,-0.0111,0.4,0.004,-0.2,-0.002,-2.38,-0.023799999999999998,-1.3,-0.013000000000000001,-3.38,-0.0338,-1.79,-0.0179,-0.86,-0.0086,-1.42,-0.014199999999999999,-0.51,-0.0051,-3.73,-0.0373,-2.46,-0.0246,-0.75,-0.0075
2018-04-25,-0.21,-0.0021,-0.02,-0.0002,0.33,0.0033,0.88,0.0088,0.88,0.0088,1.16,0.0116,0.05,0.0005,0.82,0.008199999999999999,0.03,0.0003,1.15,0.0115,-0.36,-0.0036,-0.14,-0.0014000000000000002,0.15,0.0015,1.17,0.011699999999999999,0.71,0.0070999999999999995,0.44,0.0044,-0.05,-0.0005,-1.44,-0.0144,0.79,0.0079,-0.13,-0.0013
2018-04-26,0.49,0.0049,1.62,0.016200000000000003,1.36,0.013600000000000001,0.88,0.0088,0.04,0.0004,1.07,0.010700000000000001,0.85,0.0085,1.56,0.015600000000000001,1.08,0.0108,-1.98,-0.019799999999999998,2.36,0.0236,1.08,0.0108,-0.47,-0.004699999999999999,-1.11,-0.0111,-0.43,-0.0043,2.49,0.024900000000000002,0.38,0.0038,0.51,0.0051,-2.68,-0.0268,2.31,0.0231
2018-04-27,0.6,0.006,1.36,0.013600000000000001,0.38,0.0038,-0.53,-0.0053,0.2,0.002,-2.69,-0.0269,-0.45,-0.0045000000000000005,-1.34,-0.0134,0.73,0.0073,-0.74,-0.0074,-0.21,-0.0021,-0.7,-0.006999999999999999,-0.46,-0.0046,1.53,0.015300000000000001,0.96,0.0096,1.6,0.016,0.13,0.0013,-0.39,-0.0039000000000000003,-0.41,-0.0040999999999999995,-0.55,-0.0055000000000000005
2018-04-30,-1.06,-0.0106,-1.13,-0.0113,-1.55,-0.0155,-1.44,-0.0144,-1.64,-0.016399999999999998,-0.71,-0.0070999999999999995,-1.45,-0.014499999999999999,0.14,0.0014000000000000002,-0.25,-0.0025,-1.52,-0.0152,-0.71,-0.0070999999999999995,-0.26,-0.0026,-1.11,-0.0111,-1.15,-0.0115,-1.34,-0.0134,-0.54,-0.0054,-0.75,-0.0075,-1.2,-0.012,-1.46,-0.0146,1.03,0.0103
2018-05-01,-0.76,-0.0076,-1.2,-0.012,0.25,0.0025,0.06,0.0006,1.2,0.012,-1.41,-0.0141,0.37,0.0037,-0.61,-0.0060999999999999995,-0.08,-0.0008,-0.09,-0.0009,1.03,0.0103,1.29,0.0129,0.0,0.0,-0.29,-0.0029,-0.26,-0.0026,-0.05,-0.0005,0.21,0.0021,-0.91,-0.0091,1.83,0.0183,-0.21,-0.0021
2018-05-02,-1.86,-0.018600000000000002,-0.35,-0.0034999999999999996,-1.22,-0.012199999999999999,-0.1,-0.001,-0.71,-0.0070999999999999995,1.02,0.0102,-0.27,-0.0027,0.49,0.0049,0.02,0.0002,-1.48,-0.0148,-0.78,-0.0078000000000000005,0.67,0.0067,-0.99,-0.009899999999999999,-1.03,-0.0103,0.57,0.005699999999999999,-0.57,-0.005699999999999999,-0.87,-0.0087,0.73,0.0073,-0.25,-0.0025,-2.2,-0.022000000000000002
2018-05-03,-0.36,-0.0036,-1.41,-0.0141,-0.55,-0.0055000000000000005,-0.17,-0.0017000000000000001,0.33,0.0033,0.48,0.0048,-1.2,-0.012,-0.28,-0.0028000000000000004,-0.11,-0.0011,-0.5,-0.005,0.19,0.0019,0.36,0.0036,0.42,0.0042,-0.18,-0.0018,-2.67,-0.026699999999999998,-0.61,-0.0060999999999999995,-0.61,-0.0060999999999999995,1.39,0.0139,-0.38,-0.0038,-0.14,-0.0014000000000000002
2018-05-04,1.97,0.0197,0.48,0.0048,0.92,0.0092,1.72,0.0172,0.25,0.0025,2.2,0.022000000000000002,1.82,0.0182,0.47,0.004699999999999999,0.58,0.0058,1.78,0.0178,1.45,0.014499999999999999,2.27,0.0227,1.55,0.0155,1.25,0.0125,1.59,0.0159,0.77,0.0077,1.09,0.0109,1.28,0.0128,1.42,0.014199999999999999,2.03,0.0203
2018-05-07,0.11,0.0011,0.92,0.0092,0.06,0.0006,-0.06,-0.0006,0.42,0.0042,0.53,0.0053,0.63,0.0063,0.24,0.0024,-0.36,-0.0036,0.16,0.0016,0.84,0.0084,0.94,0.009399999999999999,-0.03,-0.0003,0.21,0.0021,0.25,0.0025,-0.42,-0.0042,0.53,0.0053,-0.42,-0.0042,1.04,0.0104,0.09,0.0009
2018-05-08,-0.24,-0.0024,0.02,0.0002,-0.57,-0.005699999999999999,0.07,0.0007000000000000001,1.02,0.0102,-0.14,-0.0014000000000000002,-0.4,-0.004,1.03,0.0103,-2.04,-0.0204,-1.85,-0.018500000000000003,0.14,0.0014000000000000002,0.59,0.0059,0.04,0.0004,0.75,0.0075,-0.18,-0.0018,0.03,0.0003,0.6,0.006,0.55,0.0055000000000000005,0.58,0.0058,0.73,0.0073
2018-05-09,-0.22,-0.0022,0.2,0.002,0.99,0.009899999999999999,0.99,0.009899999999999999,-0.68,-0.0068000000000000005,0.4,0.004,0.06,0.0006,2.03,0.0203,-0.4,-0.004,-0.44,-0.0044,1.55,0.0155,1.06,0.0106,0.83,0.0083,0.75,0.0075,0.74,0.0074,0.33,0.0033,1.0,0.01,0.78,0.0078000000000000005,1.84,0.0184,-0.51,-0.0051
2018-05-10,0.77,0.0077,0.13,0.0013,0.82,0.008199999999999999,0.38,0.0038,0.44,0.0044,1.37,0.0137,0.93,0.009300000000000001,0.79,0.0079,1.2,0.012,1.6,0.016,0.96,0.0096,1.35,0.013500000000000002,0.78,0.0078000000000000005,1.13,0.0113,0.69,0.0069,0.15,0.0015,0.77,0.0077,1.03,0.0103,0.79,0.0079,0.48,0.0048
2018-05-11,-0.02,-0.0002,0.51,0.0051,1.52,0.0152,-0.35,-0.0034999999999999996,0.4,0.004,-0.1,-0.001,-0.51,-0.0051,-0.07,-0.0007000000000000001,0.21,0.0021,0.98,0.0098,-0.11,-0.0011,-0.33,-0.0033,0.3,0.003,0.98,0.0098,0.56,0.005600000000000001,0.57,0.005699999999999999,0.25,0.0025,0.12,0.0012,0.13,0.0013,0.02,0.0002
2018-05-14,-0.3,-0.003,0.2,0.002,0.49,0.0049,0.59,0.0059,-0.36,-0.0036,-0.54,-0.0054,-0.66,-0.0066,0.65,0.006500000000000001,-0.27,-0.0027,0.07,0.0007000000000000001,-0.33,-0.0033,0.09,0.0009,0.2,0.002,-0.43,-0.0043,0.1,0.001,0.61,0.0060999999999999995,-0.03,-0.0003,-0.21,-0.0021,0.26,0.0026,-0.73,-0.0073
2018-05-15,-0.39,-0.0039000000000000003,0.85,0.0085,-0.93,-0.009300000000000001,0.14,0.0014000000000000002,-1.67,-0.0167,0.26,0.0026,0.02,0.0002,0.1,0.001,-0.76,-0.0076,-0.33,-0.0033,-0.78,-0.0078000000000000005,-1.11,-0.0111,-1.22,-0.012199999999999999,-0.39,-0.0039000000000000003,-0.23,-0.0023,-0.76,-0.0076,-0.05,-0.0005,-0.3,-0.003,-0.46,-0.0046,-0.46,-0.0046
2018-05-16,0.26,0.0026,1.84,0.0184,0.63,0.0063,0.77,0.0077,0.87,0.0087,2.36,0.0236,1.55,0.0155,0.28,0.0028000000000000004,-0.67,-0.0067,0.84,0.0084,0.17,0.0017000000000000001,0.86,0.0086,0.49,0.0049,0.94,0.009399999999999999,0.79,0.0079,0.84,0.0084,0.23,0.0023,1.17,0.011699999999999999,0.72,0.0072,0.6,0.006
2018-05-17,0.33,0.0033,-0.02,-0.0002,-0.11,-0.0011,0.69,0.0069,0.78,0.0078000000000000005,1.01,0.0101,0.44,0.0044,1.73,0.0173,-0.58,-0.0058,-0.69,-0.0069,-0.19,-0.0019,-0.49,-0.0049,0.48,0.0048,0.31,0.0031,0.39,0.0039000000000000003,-0.18,-0.0018,0.02,0.0002,-0.31,-0.0031,1.17,0.011699999999999999,-0.63,-0.0063
2018-05-18,-0.86,-0.0086,0.41,0.0040999999999999995,0.31,0.0031,0.33,0.0033,0.87,0.0087,-0.41,-0.0040999999999999995,-0.61,-0.0060999999999999995,-0.85,-0.0085,-0.13,-0.0013,0.35,0.0034999999999999996,-0.01,-0.0001,-0.35,-0.0034999999999999996,-0.34,-0.0034000000000000002,0.2,0.002,-0.49,-0.0049,-0.48,-0.0048,-0.65,-0.006500000000000001,0.16,0.0016,0.1,0.001,-0.38,-0.0038
2018-05-21,0.1,0.001,0.46,0.0046,-0.24,-0.0024,0.64,0.0064,0.76,0.0076,-0.56,-0.005600000000000001,1.39,0.0139,1.18,0.0118,0.56,0.005600000000000001,0.35,0.0034999999999999996,0.77,0.0077,0.8,0.008,0.9,0.009000000000000001,1.21,0.0121,0.37,0.0037,0.72,0.0072,0.8,0.008,0.0,0.0,1.43,0.0143,0.48,0.0048
2018-05-22,-0.12,-0.0012,-0.64,-0.0064,-0.24,-0.0024,-1.29,-0.0129,-2.05,-0.020499999999999997,-0.34,-0.0034000000000000002,-0.84,-0.0084,-1.49,-0.0149,0.26,0.0026,0.1,0.001,-0.62,-0.0062,-0.2,-0.002,-0.45,-0.0045000000000000005,-1.26,-0.0126,-1.04,-0.0104,-0.83,-0.0083,0.38,0.0038,0.05,0.0005,-0.84,-0.0084,-0.84,-0.0084
2018-05-23,0.4,0.004,0.94,0.009399999999999999,0.56,0.005600000000000001,-0.04,-0.0004,0.26,0.0026,-1.09,-0.0109,-0.66,-0.0066,-0.07,-0.0007000000000000001,0.9,0.009000000000000001,-0.52,-0.0052,0.96,0.0096,0.47,0.004699999999999999,-0.29,-0.0029,-0.08,-0.0008,-0.13,-0.0013,0.9,0.009000000000000001,-0.34,-0.0034000000000000002,0.36,0.0036,-0.24,-0.0024,0.65,0.006500000000000001
2018-05-24,0.06,0.0006,1.03,0.0103,-0.28,-0.0028000000000000004,-0.58,-0.0058,-0.03,-0.0003,0.43,0.0043,0.35,0.0034999999999999996,-1.49,-0.0149,0.45,0.0045000000000000005,-0.09,-0.0009,-0.12,-0.0012,0.01,0.0001,0.1,0.001,1.14,0.011399999999999999,0.15,0.0015,0.18,0.0018,-0.6,-0.006,0.01,0.0001,0.13,0.0013,0.39,0.0039000000000000003
2018-05-25,0.49,0.0049,0.1,0.001,-0.11,-0.0011,0.06,0.0006,0.76,0.0076,-1.24,-0.0124,-0.38,-0.0038,-2.83,-0.028300000000000002,0.3,0.003,-0.09,-0.0009,-0.17,-0.0017000000000000001,0.14,0.0014000000000000002,-0.15,-0.0015,0.57,0.005699999999999999,0.33,0.0033,0.0,0.0,-0.29,-0.0029,-1.59,-0.0159,-0.47,-0.004699999999999999,0.05,0.0005
2018-05-29,-0.04,-0.0004,-1.14,-0.011399999999999999,-0.77,-0.0077,-1.23,-0.0123,-0.04,-0.0004,-1.0,-0.01,-1.22,-0.012199999999999999,-0.13,-0.0013,0.13,0.0013,-0.92,-0.0092,-0.72,-0.0072,-0.59,-0.0059,-1.42,-0.014199999999999999,-1.27,-0.0127,-0.61,-0.0060999999999999995,-0.25,-0.0025,-2.75,-0.0275,-1.64,-0.016399999999999998,-1.04,-0.0104,-1.32,-0.0132
2018-05-30,1.22,0.012199999999999999,1.25,0.0125,1.5,0.015,0.82,0.008199999999999999,0.64,0.0064,2.61,0.026099999999999998,1.27,0.0127,3.25,0.0325,1.07,0.010700000000000001,0.54,0.0054,1.12,0.011200000000000002,0.46,0.0046,1.07,0.010700000000000001,1.63,0.0163,1.72,0.0172,1.31,0.0131,1.66,0.0166,1.48,0.0148,1.6,0.016,1.03,0.0103
2018-05-31,-1.28,-0.0128,-0.69,-0.0069,-0.62,-0.0062,-1.14,-0.011399999999999999,-1.43,-0.0143,-0.26,-0.0026,1.56,0.015600000000000001,-0.95,-0.0095,0.03,0.0003,-1.0,-0.01,0.34,0.0034000000000000002,-0.72,-0.0072,-1.42,-0.014199999999999999,-1.22,-0.012199999999999999,-0.98,-0.0098,-0.95,-0.0095,-0.87,-0.0087,-0.59,-0.0059,-1.55,-0.0155,-1.14,-0.011399999999999999
2018-06-01,0.21,0.0021,2.03,0.0203,1.2,0.012,0.97,0.0097,0.58,0.0058,1.3,0.013000000000000001,1.38,0.0138,0.44,0.0044,-1.28,-0.0128,0.25,0.0025,1.75,0.0175,1.95,0.0195,1.09,0.0109,1.4,0.013999999999999999,0.73,0.0073,0.68,0.0068000000000000005,1.12,0.011200000000000002,0.52,0.0052,0.93,0.009300000000000001,0.69,0.0069
2018-06-04,0.86,0.0086,1.66,0.0166,0.37,0.0037,0.18,0.0018,0.54,0.0054,-0.12,-0.0012,0.97,0.0097,-1.26,-0.0126,-0.72,-0.0072,0.31,0.0031,0.89,0.0089,0.66,0.0066,0.91,0.0091,-0.75,-0.0075,0.59,0.0059,1.81,0.0181,0.59,0.0059,0.12,0.0012,0.13,0.0013,0.55,0.0055000000000000005
2018-06-05,-0.56,-0.005600000000000001,0.74,0.0074,-0.07,-0.0007000000000000001,0.65,0.006500000000000001,0.59,0.0059,0.82,0.008199999999999999,0.15,0.0015,-0.3,-0.003,-0.62,-0.0062,0.09,0.0009,0.42,0.0042,0.59,0.0059,0.02,0.0002,-0.32,-0.0032,0.89,0.0089,0.99,0.009899999999999999,-0.25,-0.0025,1.55,0.0155,0.78,0.0078000000000000005,-0.26,-0.0026
2018-06-06,0.34,0.0034000000000000002,0.94,0.009399999999999999,0.92,0.0092,1.89,0.0189,0.66,0.0066,1.27,0.0127,2.8,0.027999999999999997,0.48,0.0048,-1.8,-0.018000000000000002,1.85,0.018500000000000003,0.45,0.0045000000000000005,0.68,0.0068000000000000005,0.86,0.0086,0.53,0.0053,0.23,0.0023,0.33,0.0033,1.79,0.0179,1.79,0.0179,0.7,0.006999999999999999,1.86,0.018600000000000002
2018-06-07,-0.08,-0.0008,-0.17,-0.0017000000000000001,-0.46,-0.0046,-0.7,-0.006999999999999999,0.43,0.0043,-1.11,-0.0111,-0.03,-0.0003,1.71,0.0171,0.66,0.0066,0.65,0.006500000000000001,-1.3,-0.013000000000000001,-0.56,-0.005600000000000001,0.44,0.0044,-0.16,-0.0016,-0.03,-0.0003,0.4,0.004,-0.03,-0.0003,-0.75,-0.0075,0.18,0.0018,1.22,0.012199999999999999
2018-06-08,1.42,0.014199999999999999,0.69,0.0069,0.69,0.0069,0.48,0.0048,1.34,0.0134,-0.02,-0.0002,0.42,0.0042,-0.23,-0.0023,-0.15,-0.0015,0.42,0.0042,0.54,0.0054,-0.36,-0.0036,0.69,0.0069,0.96,0.0096,0.26,0.0026,0.17,0.0017000000000000001,0.28,0.0028000000000000004,-0.18,-0.0018,-0.05,-0.0005,-0.35,-0.0034999999999999996
2018-06-11,1.17,0.011699999999999999,-0.34,-0.0034000000000000002,-0.2,-0.002,-0.02,-0.0002,-0.3,-0.003,0.45,0.0045000000000000005,1.29,0.0129,0.26,0.0026,-0.2,-0.002,0.62,0.0062,0.25,0.0025,-0.16,-0.0016,-0.04,-0.0004,1.05,0.0105,0.43,0.0043,0.5,0.005,-0.21,-0.0021,0.26,0.0026,-0.01,-0.0001,-0.37,-0.0037
2018-06-12,0.36,0.0036,0.32,0.0032,0.11,0.0011,-0.11,-0.0011,0.64,0.0064,-0.41,-0.0040999999999999995,0.17,0.0017000000000000001,-0.67,-0.0067,1.03,0.0103,0.42,0.0042,0.83,0.0083,0.29,0.0029,-0.1,-0.001,0.26,0.0026,0.11,0.0011,0.38,0.0038,-0.29,-0.0029,-0.14,-0.0014000000000000002,0.42,0.0042,0.37,0.0037
2018-06-13,-0.42,-0.0042,-0.74,-0.0074,-0.15,-0.0015,-0.66,-0.0066,-2.41,-0.0241,-0.86,-0.0086,-0.39,-0.0039000000000000003,-0.32,-0.0032,-0.28,-0.0028000000000000004,-0.73,-0.0073,-0.14,-0.0014000000000000002,-0.37,-0.0037,-0.81,-0.008100000000000001,-0.81,-0.008100000000000001,0.01,0.0001,-0.08,-0.0008,-0.25,-0.0025,-0.51,-0.0051,-0.49,-0.0049,-0.5,-0.005
2018-06-14,0.23,0.0023,0.16,0.0016,0.58,0.0058,0.29,0.0029,0.06,0.0006,0.76,0.0076,0.2,0.002,-0.5,-0.005,1.13,0.0113,2.03,0.0203,0.74,0.0074,0.38,0.0038,-0.34,-0.0034000000000000002,0.14,0.0014000000000000002,0.77,0.0077,0.27,0.0027,-0.47,-0.004699999999999999,-0.08,-0.0008,0.15,0.0015,0.55,0.0055000000000000005
2018-06-15,1.2,0.012,0.89,0.0089,0.23,0.0023,-0.1,-0.001,-0.13,-0.0013,-2.84,-0.028399999999999998,0.26,0.0026,-2.21,-0.022099999999999998,0.38,0.0038,0.94,0.009399999999999999,-0.23,-0.0023,-0.52,-0.0052,0.2,0.002,0.67,0.0067,0.6,0.006,0.11,0.0011,0.05,0.0005,-2.24,-0.022400000000000003,-0.4,-0.004,0.21,0.0021
2018-06-18,-1.09,-0.0109,0.34,0.0034000000000000002,-0.78,-0.0078000000000000005,-0.58,-0.0058,-0.53,-0.0053,0.82,0.008199999999999999,0.83,0.0083,1.3,0.013000000000000001,0.58,0.0058,-1.51,-0.0151,0.84,0.0084,-0.47,-0.004699999999999999,-0.42,-0.0042,-0.23,-0.0023,-0.63,-0.0063,-0.06,-0.0006,0.05,0.0005,0.02,0.0002,-0.02,-0.0002,0.16,0.0016
2018-06-19,0.54,0.0054,-1.17,-0.011699999999999999,0.48,0.0048,-1.75,-0.0175,-0.54,-0.0054,-2.15,-0.0215,-2.44,-0.024399999999999998,-0.09,-0.0009,1.04,0.0104,0.34,0.0034000000000000002,-0.46,-0.0046,-1.22,-0.012199999999999999,-1.47,-0.0147,-1.8,-0.018000000000000002,-0.12,-0.0012,0.38,0.0038,-0.25,-0.0025,-1.82,-0.0182,-1.63,-0.0163,-0.57,-0.005699999999999999
2018-06-20,0.14,0.0014000000000000002,0.35,0.0034999999999999996,0.53,0.0053,-0.21,-0.0021,0.45,0.0045000000000000005,1.22,0.012199999999999999,0.67,0.0067,0.58,0.0058,0.18,0.0018,0.68,0.0068000000000000005,0.26,0.0026,0.27,0.0027,-0.33,-0.0033,0.05,0.0005,0.63,0.0063,0.69,0.0069,-0.07,-0.0007000000000000001,0.06,0.0006,0.05,0.0005,-2.42,-0.0242
2018-06-21,-0.32,-0.0032,-0.5,-0.005,-0.68,-0.0068000000000000005,-0.41,-0.0040999999999999995,-1.58,-0.0158,-1.52,-0.0152,-2.2,-0.022000000000000002,-2.12,-0.0212,0.13,0.0013,-0.82,-0.008199999999999999,-0.85,-0.0085,-0.92,-0.0092,-1.54,-0.0154,-0.47,-0.004699999999999999,-0.83,-0.0083,-0.16,-0.0016,-0.3,-0.003,-1.28,-0.0128,-1.41,-0.0141,-0.83,-0.0083
2018-06-22,0.77,0.0077,-1.23,-0.0123,0.17,0.0017000000000000001,1.02,0.0102,-0.47,-0.004699999999999999,2.07,0.0207,-0.88,-0.0088,2.46,0.0246,0.71,0.0070999999999999995,1.38,0.0138,-0.51,-0.0051,-0.35,-0.0034999999999999996,0.45,0.0045000000000000005,-0.33,-0.0033,0.73,0.0073,-0.4,-0.004,-0.32,-0.0032,0.85,0.0085,0.71,0.0070999999999999995,1.1,0.011000000000000001
2018-06-25,0.77,0.0077,-0.99,-0.009899999999999999,-1.11,-0.0111,-1.44,-0.0144,-1.34,-0.0134,-4.13,-0.041299999999999996,-1.06,-0.0106,-2.34,-0.023399999999999997,1.11,0.0111,-1.01,-0.0101,-2.14,-0.021400000000000002,-2.14,-0.021400000000000002,0.26,0.0026,-2.2,-0.022000000000000002,-1.46,-0.0146,-1.31,-0.0131,-1.3,-0.013000000000000001,-1.95,-0.0195,-1.29,-0.0129,-2.21,-0.022099999999999998
2018-06-26,-0.3,-0.003,0.87,0.0087,-0.03,-0.0003,0.23,0.0023,1.01,0.0101,1.38,0.0138,0.82,0.008199999999999999,1.57,0.015700000000000002,0.17,0.0017000000000000001,-0.36,-0.0036,0.32,0.0032,0.55,0.0055000000000000005,0.25,0.0025,-0.23,-0.0023,0.04,0.0004,0.41,0.0040999999999999995,-0.25,-0.0025,0.75,0.0075,0.27,0.0027,0.43,0.0043
2018-06-27,-0.92,-0.0092,-1.51,-0.0151,-1.38,-0.0138,-0.38,-0.0038,-1.24,-0.0124,-1.88,-0.018799999999999997,-0.81,-0.008100000000000001,1.46,0.0146,0.47,0.004699999999999999,-0.36,-0.0036,-1.69,-0.0169,-1.22,-0.012199999999999999,-0.85,-0.0085,-1.39,-0.0139,-0.8,-0.008,-0.91,-0.0091,-1.33,-0.013300000000000001,-0.21,-0.0021,-0.53,-0.0053,-1.7,-0.017
2018-06-28,0.65,0.006500000000000001,0.61,0.0060999999999999995,0.69,0.0069,0.72,0.0072,0.18,0.0018,-0.07,-0.0007000000000000001,-0.13,-0.0013,-0.19,-0.0019,0.01,0.0001,1.46,0.0146,1.15,0.0115,0.87,0.0087,0.07,0.0007000000000000001,-0.21,-0.0021,-1.31,-0.0131,0.25,0.0025,0.61,0.0060999999999999995,-0.3,-0.003,-0.4,-0.004,-1.06,-0.0106
2018-06-29,0.24,0.0024,3.77,0.0377,0.4,0.004,0.35,0.0034999999999999996,0.61,0.0060999999999999995,-0.07,-0.0007000000000000001,-1.23,-0.0123,0.61,0.0060999999999999995,0.07,0.0007000000000000001,-0.29,-0.0029,0.07,0.0007000000000000001,0.13,0.0013,0.27,0.0027,0.37,0.0037,-0.45,-0.0045000000000000005,-0.33,-0.0033,-0.16,-0.0016,1.83,0.0183,0.48,0.0048,0.3,0.003
2018-07-02,-0.65,-0.006500000000000001,-0.56,-0.005600000000000001,0.45,0.0045000000000000005,-0.28,-0.0028000000000000004,0.17,0.0017000000000000001,0.38,0.0038,-0.42,-0.0042,-1.55,-0.0155,0.51,0.0051,0.3,0.003,1.22,0.012199999999999999,0.78,0.0078000000000000005,-0.3,-0.003,0.8,0.008,0.27,0.0027,-0.01,-0.0001,0.68,0.0068000000000000005,-1.28,-0.0128,0.27,0.0027,0.28,0.0028000000000000004
2018-07-03,0.45,0.0045000000000000005,-1.08,-0.0108,0.32,0.0032,-0.35,-0.0034999999999999996,0.15,0.0015,-1.35,-0.013500000000000002,-2.26,-0.0226,0.77,0.0077,0.34,0.0034000000000000002,0.2,0.002,-1.0,-0.01,-1.15,-0.0115,0.07,0.0007000000000000001,-0.77,-0.0077,-0.12,-0.0012,-0.24,-0.0024,-0.76,-0.0076,-0.22,-0.0022,1.04,0.0104,-0.28,-0.0028000000000000004
2018-07-05,1.78,0.0178,0.13,0.0013,1.07,0.010700000000000001,1.11,0.0111,1.18,0.0118,2.43,0.024300000000000002,1.15,0.0115,-0.25,-0.0025,0.67,0.0067,0.66,0.0066,1.35,0.013500000000000002,1.34,0.0134,0.92,0.0092,0.62,0.0062,1.0,0.01,0.45,0.0045000000000000005,0.47,0.004699999999999999,1.02,0.0102,1.36,0.013600000000000001,0.47,0.004699999999999999
2018-07-06,0.37,0.0037,0.4,0.004,1.79,0.0179,0.45,0.0045000000000000005,0.38,0.0038,0.45,0.0045000000000000005,0.13,0.0013,0.79,0.0079,0.88,0.0088,0.93,0.009300000000000001,1.38,0.0138,1.02,0.0102,0.22,0.0022,0.56,0.005600000000000001,0.62,0.0062,0.58,0.0058,0.54,0.0054,0.78,0.0078000000000000005,0.53,0.0053,0.93,0.009300000000000001
2018-07-09,-0.36,-0.0036,0.66,0.0066,0.39,0.0039000000000000003,1.04,0.0104,1.14,0.011399999999999999,1.32,0.0132,1.79,0.0179,1.62,0.016200000000000003,-2.55,-0.0255,0.43,0.0043,0.7,0.006999999999999999,1.03,0.0103,0.92,0.0092,1.89,0.0189,0.95,0.0095,1.13,0.0113,2.04,0.0204,1.04,0.0104,1.0,0.01,0.86,0.0086
2018-07-10,0.52,0.0052,0.5,0.005,0.23,0.0023,0.95,0.0095,-0.23,-0.0023,0.5,0.005,0.49,0.0049,0.53,0.0053,0.85,0.0085,0.32,0.0032,-0.11,-0.0011,0.46,0.0046,0.4,0.004,-0.32,-0.0032,0.06,0.0006,0.42,0.0042,-0.34,-0.0034000000000000002,-0.38,-0.0038,0.1,0.001,0.18,0.0018
2018-07-11,-0.1,-0.001,-0.67,-0.0067,-0.72,-0.0072,-1.85,-0.018500000000000003,-1.06,-0.0106,-1.04,-0.0104,-1.73,-0.0173,-2.35,-0.0235,0.48,0.0048,-0.62,-0.0062,0.14,0.0014000000000000002,-1.55,-0.0155,-1.08,-0.0108,-2.03,-0.0203,-0.57,-0.005699999999999999,-0.21,-0.0021,-0.36,-0.0036,-2.53,-0.0253,-1.57,-0.015700000000000002,-0.51,-0.0051
2018-07-12,-0.09,-0.0009,0.05,0.0005,1.26,0.0126,0.26,0.0026,0.09,0.0009,-0.12,-0.0012,-0.09,-0.0009,0.24,0.0024,0.06,0.0006,0.78,0.0078000000000000005,2.11,0.021099999999999997,1.34,0.0134,0.53,0.0053,0.64,0.0064,0.49,0.0049,0.95,0.0095,0.23,0.0023,0.15,0.0015,0.66,0.0066,0.38,0.0038
2018-07-13,0.13,0.0013,0.37,0.0037,0.01,0.0001,0.14,0.0014000000000000002,0.67,0.0067,0.41,0.0040999999999999995,0.55,0.0055000000000000005,0.5,0.005,0.08,0.0008,-0.05,-0.0005,0.18,0.0018,-0.39,-0.0039000000000000003,0.35,0.0034999999999999996,0.44,0.0044,0.75,0.0075,0.9,0.009000000000000001,-0.45,-0.0045000000000000005,-0.54,-0.0054,0.38,0.0038,0.44,0.0044
2018-07-16,-0.77,-0.0077,0.98,0.0098,-0.73,-0.0073,-0.97,-0.0097,-0.77,-0.0077,-0.53,-0.0053,-1.05,-0.0105,-1.34,-0.0134,-0.24,-0.0024,-0.05,-0.0005,-0.41,-0.0040999999999999995,-0.25,-0.0025,-0.46,-0.0046,-0.83,-0.0083,-0.69,-0.0069,0.11,0.0011,1.21,0.0121,-0.93,-0.009300000000000001,-1.41,-0.0141,-0.46,-0.0046
2018-07-17,0.84,0.0084,0.48,0.0048,1.02,0.0102,1.63,0.0163,1.35,0.013500000000000002,1.0,0.01,1.49,0.0149,-0.26,-0.0026,-0.11,-0.0011,-0.65,-0.006500000000000001,0.87,0.0087,0.64,0.0064,0.79,0.0079,0.34,0.0034000000000000002,0.5,0.005,0.86,0.0086,0.15,0.0015,0.57,0.005699999999999999,0.29,0.0029,0.36,0.0036
2018-07-18,-1.21,-0.0121,-0.41,-0.0040999999999999995,-0.12,-0.0012,-0.02,-0.0002,0.11,0.0011,1.53,0.015300000000000001,0.21,0.0021,0.05,0.0005,-0.31,-0.0031,-0.26,-0.0026,-0.13,-0.0013,-0.05,-0.0005,-0.26,-0.0026,2.52,0.0252,0.64,0.0064,0.0,0.0,1.1,0.011000000000000001,1.01,0.0101,0.88,0.0088,0.39,0.0039000000000000003
2018-07-19,0.3,0.003,0.79,0.0079,-0.55,-0.0055000000000000005,-0.16,-0.0016,1.08,0.0108,-2.76,-0.0276,-0.64,-0.0064,-0.01,-0.0001,1.01,0.0101,-0.29,-0.0029,-0.43,-0.0043,0.37,0.0037,-0.06,-0.0006,0.29,0.0029,0.54,0.0054,-0.52,-0.0052,-1.03,-0.0103,-2.89,-0.028900000000000002,0.63,0.0063,-0.12,-0.0012
2018-07-20,0.04,0.0004,0.47,0.004699999999999999,-0.19,-0.0019,-0.49,-0.0049,-1.26,-0.0126,0.47,0.004699999999999999,-1.02,-0.0102,-0.25,-0.0025,-0.73,-0.0073,-0.73,-0.0073,0.28,0.0028000000000000004,-0.44,-0.0044,-0.17,-0.0017000000000000001,-0.11,-0.0011,-0.2,-0.002,-0.21,-0.0021,0.26,0.0026,0.11,0.0011,-0.37,-0.0037,-0.19,-0.0019
2018-07-23,-0.77,-0.0077,-0.3,-0.003,0.19,0.0019,-0.76,-0.0076,-1.06,-0.0106,1.04,0.0104,-1.0,-0.01,-0.44,-0.0044,-0.53,-0.0053,-0.3,-0.003,0.76,0.0076,0.01,0.0001,-0.69,-0.0069,0.93,0.009300000000000001,0.08,0.0008,-0.07,-0.0007000000000000001,1.04,0.0104,0.38,0.0038,-0.69,-0.0069,0.04,0.0004
2018-07-24,0.01,0.0001,-1.19,-0.011899999999999999,0.59,0.0059,1.05,0.0105,-1.03,-0.0103,2.22,0.0222,-0.37,-0.0037,1.43,0.0143,0.18,0.0018,-0.04,-0.0004,0.33,0.0033,0.0,0.0,1.02,0.0102,-1.64,-0.016399999999999998,-0.95,-0.0095,0.28,0.0028000000000000004,0.09,0.0009,1.68,0.0168,1.11,0.0111,-0.99,-0.009899999999999999
2018-07-25,0.8,0.008,1.68,0.0168,1.21,0.0121,1.05,0.0105,-0.88,-0.0088,0.38,0.0038,-0.64,-0.0064,0.83,0.0083,0.28,0.0028000000000000004,-1.1,-0.011000000000000001,1.69,0.0169,1.06,0.0106,0.63,0.0063,2.54,0.0254,0.4,0.004,0.89,0.0089,0.38,0.0038,0.4,0.004,2.28,0.022799999999999997,0.46,0.0046
2018-07-26,1.16,0.0116,0.73,0.0073,-0.32,-0.0032,1.47,0.0147,1.65,0.0165,-0.49,-0.0049,-1.24,-0.0124,0.92,0.0092,0.97,0.0097,1.48,0.0148,-2.33,-0.0233,0.64,0.0064,0.62,0.0062,0.83,0.0083,-0.13,-0.0013,-1.06,-0.0106,-0.05,-0.0005,-0.81,-0.008100000000000001,1.51,0.0151,-0.64,-0.0064
2018-07-27,-0.19,-0.0019,-2.26,-0.0226,-1.14,-0.011399999999999999,-0.38,-0.0038,-0.3,-0.003,-0.74,-0.0074,0.16,0.0016,-0.8,-0.008,-0.71,-0.0070999999999999995,0.51,0.0051,-2.2,-0.022000000000000002,-1.8,-0.018000000000000002,-0.17,-0.0017000000000000001,0.25,0.0025,-0.79,-0.0079,-0.32,-0.0032,-0.14,-0.0014000000000000002,-0.06,-0.0006,-0.72,-0.0072,0.16,0.0016
2018-07-30,-0.33,-0.0033,-0.78,-0.0078000000000000005,-0.18,-0.0018,-0.44,-0.0044,-0.61,-0.0060999999999999995,-0.61,-0.0060999999999999995,-0.02,-0.0002,1.07,0.010700000000000001,-0.38,-0.0038,0.94,0.009399999999999999,-2.35,-0.0235,-1.05,-0.0105,-0.11,-0.0011,-0.38,-0.0038,-1.38,-0.0138,-0.42,-0.0042,-0.47,-0.004699999999999999,-0.35,-0.0034999999999999996,-0.52,-0.0052,-0.55,-0.0055000000000000005
2018-07-31,0.46,0.0046,0.81,0.008100000000000001,1.25,0.0125,1.38,0.0138,1.87,0.0187,-0.18,-0.0018,1.48,0.0148,-0.29,-0.0029,1.0,0.01,0.29,0.0029,0.35,0.0034999999999999996,0.8,0.008,2.69,0.0269,1.13,0.0113,0.92,0.0092,-0.13,-0.0013,-0.38,-0.0038,0.71,0.0070999999999999995,2.42,0.0242,0.2,0.002
2018-08-01,-1.03,-0.0103,-0.82,-0.008199999999999999,0.34,0.0034000000000000002,-1.13,-0.0113,-0.89,-0.0089,-1.5,-0.015,-1.52,-0.0152,-1.36,-0.013600000000000001,-0.89,-0.0089,-0.52,-0.0052,0.21,0.0021,1.61,0.0161,-1.58,-0.0158,-0.92,-0.0092,-1.07,-0.010700000000000001,-0.42,-0.0042,0.34,0.0034000000000000002,-2.48,-0.0248,-1.27,-0.0127,-0.26,-0.0026
2018-08-02,0.56,0.005600000000000001,1.38,0.0138,0.45,0.0045000000000000005,-1.0,-0.01,0.5,0.005,-1.5,-0.015,3.12,0.031200000000000002,-0.42,-0.0042,0.62,0.0062,0.01,0.0001,1.21,0.0121,1.6,0.016,0.04,0.0004,0.61,0.0060999999999999995,0.63,0.0063,1.35,0.013500000000000002,0.36,0.0036,-0.77,-0.0077,-0.28,-0.0028000000000000004,0.17,0.0017000000000000001
2018-08-03,2.36,0.0236,0.01,0.0001,0.22,0.0022,0.78,0.0078000000000000005,0.36,0.0036,-0.07,-0.0007000000000000001,1.17,0.011699999999999999,-0.59,-0.0059,0.78,0.0078000000000000005,1.13,0.0113,0.16,0.0016,0.2,0.002,1.07,0.010700000000000001,0.32,0.0032,0.36,0.0036,0.04,0.0004,0.27,0.0027,1.05,0.0105,-0.31,-0.0031,0.22,0.0022
2018-08-06,-0.39,-0.0039000000000000003,0.81,0.008100000000000001,0.29,0.0029,0.11,0.0011,0.88,0.0088,0.02,0.0002,-0.27,-0.0027,0.44,0.0044,0.37,0.0037,0.79,0.0079,0.89,0.0089,0.54,0.0054,-0.11,-0.0011,0.49,0.0049,0.89,0.0089,0.68,0.0068000000000000005,0.09,0.0009,-1.2,-0.012,0.5,0.005,0.4,0.004
2018-08-07,-0.53,-0.0053,0.79,0.0079,-0.04,-0.0004,0.2,0.002,0.63,0.0063,0.28,0.0028000000000000004,2.79,0.0279,0.52,0.0052,-0.09,-0.0009,0.06,0.0006,0.43,0.0043,0.35,0.0034999999999999996,0.19,0.0019,0.35,0.0034999999999999996,0.52,0.0052,0.7,0.006999999999999999,0.28,0.0028000000000000004,-0.36,-0.0036,0.66,0.0066,-0.61,-0.0060999999999999995
2018-08-08,-0.96,-0.0096,0.52,0.0052,-0.14,-0.0014000000000000002,-0.17,-0.0017000000000000001,-0.53,-0.0053,-0.26,-0.0026,-0.87,-0.0087,-0.88,-0.0088,-0.43,-0.0043,-0.38,-0.0038,0.22,0.0022,0.06,0.0006,-0.79,-0.0079,0.05,0.0005,-0.48,-0.0048,0.82,0.008199999999999999,0.36,0.0036,-0.4,-0.004,-1.05,-0.0105,0.35,0.0034999999999999996
2018-08-09,0.17,0.0017000000000000001,1.05,0.0105,-0.09,-0.0009,0.74,0.0074,0.25,0.0025,-1.22,-0.012199999999999999,-1.63,-0.0163,-0.8,-0.008,0.44,0.0044,0.92,0.0092,0.15,0.0015,-0.07,-0.0007000000000000001,-0.59,-0.0059,-0.24,-0.0024,0.26,0.0026,0.3,0.003,-0.34,-0.0034000000000000002,-0.36,-0.0036,-1.13,-0.0113,0.22,0.0022
2018-08-10,-0.46,-0.0046,-0.17,-0.0017000000000000001,-0.34,-0.0034000000000000002,-1.54,-0.0154,-1.02,-0.0102,0.08,0.0008,-1.24,-0.0124,0.53,0.0053,-0.28,-0.0028000000000000004,-0.81,-0.008100000000000001,-0.43,-0.0043,-0.94,-0.009399999999999999,-1.36,-0.013600000000000001,-0.45,-0.0045000000000000005,-0.97,-0.0097,-0.14,-0.0014000000000000002,-0.87,-0.0087,-1.09,-0.0109,-0.69,-0.0069,-0.4,-0.004
2018-08-13,-0.37,-0.0037,-1.06,-0.0106,-0.12,-0.0012,-1.14,-0.011399999999999999,-2.07,-0.0207,-0.62,-0.0062,-0.87,-0.0087,-1.31,-0.0131,-0.23,-0.0023,-0.16,-0.0016,-0.53,-0.0053,0.03,0.0003,-0.8,-0.008,-0.59,-0.0059,0.62,0.0062,-0.18,-0.0018,-0.71,-0.0070999999999999995,-1.46,-0.0146,-0.32,-0.0032,-0.17,-0.0017000000000000001
2018-08-14,0.5,0.005,1.23,0.0123,0.26,0.0026,0.85,0.0085,0.9,0.009000000000000001,0.16,0.0016,0.02,0.0002,0.43,0.0043,0.36,0.0036,0.81,0.008100000000000001,0.79,0.0079,0.43,0.0043,0.56,0.005600000000000001,0.87,0.0087,1.43,0.0143,1.44,0.0144,1.01,0.0101,-1.15,-0.0115,0.87,0.0087,1.42,0.014199999999999999
2018-08-15,0.2,0.002,-1.42,-0.014199999999999999,-0.24,-0.0024,-1.27,-0.0127,-0.7,-0.006999999999999999,-3.99,-0.039900000000000005,-1.2,-0.012,-3.87,-0.0387,0.36,0.0036,-0.31,-0.0031,-1.29,-0.0129,-0.68,-0.0068000000000000005,0.41,0.0040999999999999995,-0.09,-0.0009,-0.49,-0.0049,-1.38,-0.0138,-0.76,-0.0076,-4.26,-0.0426,-0.99,-0.009899999999999999,0.04,0.0004
2018-08-16,0.82,0.008199999999999999,0.13,0.0013,1.0,0.01,0.84,0.0084,0.79,0.0079,1.74,0.0174,0.69,0.0069,0.9,0.009000000000000001,1.12,0.011200000000000002,1.37,0.0137,-0.08,-0.0008,0.81,0.008100000000000001,0.85,0.0085,0.57,0.005699999999999999,0.54,0.0054,1.53,0.015300000000000001,1.16,0.0116,0.46,0.0046,1.04,0.0104,0.85,0.0085
2018-08-17,1.05,0.0105,0.23,0.0023,0.56,0.005600000000000001,0.55,0.0055000000000000005,0.62,0.0062,1.11,0.0111,-1.22,-0.012199999999999999,0.29,0.0029,0.48,0.0048,0.11,0.0011,-0.1,-0.001,0.66,0.0066,0.73,0.0073,0.4,0.004,0.81,0.008100000000000001,0.24,0.0024,0.18,0.0018,1.25,0.0125,0.27,0.0027,0.36,0.0036
2018-08-20,0.27,0.0027,2.16,0.0216,0.22,0.0022,0.8,0.008,0.31,0.0031,1.01,0.0101,1.09,0.0109,0.73,0.0073,-0.24,-0.0024,-0.07,-0.0007000000000000001,0.09,0.0009,-0.17,-0.0017000000000000001,0.03,0.0003,1.3,0.013000000000000001,0.78,0.0078000000000000005,0.18,0.0018,0.33,0.0033,0.11,0.0011,0.57,0.005699999999999999,0.34,0.0034000000000000002
2018-08-21,-1.14,-0.011399999999999999,0.37,0.0037,0.03,0.0003,0.39,0.0039000000000000003,2.37,0.023700000000000002,1.69,0.0169,1.45,0.014499999999999999,0.6,0.006,-0.51,-0.0051,0.88,0.0088,0.11,0.0011,0.62,0.0062,0.28,0.0028000000000000004,0.57,0.005699999999999999,0.59,0.0059,0.54,0.0054,0.27,0.0027,0.94,0.009399999999999999,0.83,0.0083,0.04,0.0004
2018-08-22,-0.57,-0.005699999999999999,-0.35,-0.0034999999999999996,0.37,0.0037,-0.44,-0.0044,-0.95,-0.0095,0.22,0.0022,-1.5,-0.015,1.37,0.0137,-0.49,-0.0049,-1.18,-0.0118,0.7,0.006999999999999999,0.26,0.0026,-0.9,-0.009000000000000001,-1.07,-0.010700000000000001,-0.1,-0.001,0.51,0.0051,-0.06,-0.0006,1.07,0.010700000000000001,-0.46,-0.0046,-0.55,-0.0055000000000000005
2018-08-23,-0.52,-0.0052,0.03,0.0003,-0.17,-0.0017000000000000001,-0.53,-0.0053,-0.87,-0.0087,-2.33,-0.0233,-0.94,-0.009399999999999999,-0.45,-0.0045000000000000005,-0.23,-0.0023,-0.48,-0.0048,0.16,0.0016,0.11,0.0011,-0.25,-0.0025,-0.23,-0.0023,-0.24,-0.0024,0.21,0.0021,-0.39,-0.0039000000000000003,-2.13,-0.0213,-0.37,-0.0037,-0.61,-0.0060999999999999995
2018-08-24,0.34,0.0034000000000000002,-0.24,-0.0024,0.35,0.0034999999999999996,1.21,0.0121,-0.05,-0.0005,1.57,0.015700000000000002,0.79,0.0079,0.89,0.0089,0.38,0.0038,0.89,0.0089,1.34,0.0134,0.82,0.008199999999999999,0.95,0.0095,0.35,0.0034999999999999996,0.19,0.0019,-0.02,-0.0002,0.41,0.0040999999999999995,1.81,0.0181,0.81,0.008100000000000001,0.43,0.0043
2018-08-27,0.08,0.0008,-0.09,-0.0009,0.49,0.0049,1.51,0.0151,0.99,0.009899999999999999,1.18,0.0118,2.1,0.021,0.81,0.008100000000000001,-0.56,-0.005600000000000001,0.34,0.0034000000000000002,0.81,0.008100000000000001,1.03,0.0103,1.03,0.0103,1.14,0.011399999999999999,0.06,0.0006,0.29,0.0029,1.02,0.0102,1.52,0.0152,1.32,0.0132,0.22,0.0022
2018-08-28,-0.73,-0.0073,0.42,0.0042,0.01,0.0001,-0.29,-0.0029,-0.32,-0.0032,0.13,0.0013,-0.65,-0.006500000000000001,-0.47,-0.004699999999999999,-0.29,-0.0029,-0.23,-0.0023,-0.02,-0.0002,0.53,0.0053,0.12,0.0012,-0.23,-0.0023,-0.18,-0.0018,0.37,0.0037,-0.07,-0.0007000000000000001,-0.45,-0.0045000000000000005,-0.3,-0.003,0.45,0.0045000000000000005
2018-08-29,0.41,0.0040999999999999995,0.16,0.0016,0.83,0.0083,0.63,0.0063,0.23,0.0023,0.77,0.0077,-0.74,-0.0074,0.8,0.008,0.57,0.005699999999999999,0.07,0.0007000000000000001,1.01,0.0101,0.77,0.0077,0.32,0.0032,0.08,0.0008,0.18,0.0018,1.28,0.0128,0.07,0.0007000000000000001,-0.04,-0.0004,0.38,0.0038,0.6,0.006
2018-08-30,-0.65,-0.006500000000000001,-1.81,-0.0181,0.03,0.0003,-0.98,-0.0098,-0.71,-0.0070999999999999995,-1.71,-0.0171,-1.42,-0.014199999999999999,-0.31,-0.0031,0.09,0.0009,-0.35,-0.0034999999999999996,-0.45,-0.0045000000000000005,-0.06,-0.0006,-0.55,-0.0055000000000000005,-0.43,-0.0043,-0.82,-0.008199999999999999,-0.29,-0.0029,-0.58,-0.0058,-2.68,-0.0268,-0.84,-0.0084,-0.24,-0.0024
2018-08-31,0.11,0.0011,1.75,0.0175,0.12,0.0012,-0.02,-0.0002,-0.17,-0.0017000000000000001,0.17,0.0017000000000000001,-0.69,-0.0069,-0.64,-0.0064,-0.39,-0.0039000000000000003,0.0,0.0,-0.21,-0.0021,0.7,0.006999999999999999,0.05,0.0005,0.05,0.0005,0.15,0.0015,0.68,0.0068000000000000005,0.1,0.001,-0.51,-0.0051,0.64,0.0064,0.33,0.0033
2018-09-04,-0.14,-0.0014000000000000002,-1.27,-0.0127,-0.67,-0.0067,-0.65,-0.006500000000000001,-0.46,-0.0046,-1.33,-0.013300000000000001,-1.42,-0.014199999999999999,-0.22,-0.0022,0.27,0.0027,-0.82,-0.008199999999999999,-0.49,-0.0049,0.1,0.001,-1.01,-0.0101,0.29,0.0029,-0.38,-0.0038,0.96,0.0096,0.38,0.0038,-2.4,-0.024,-0.4,-0.004,-0.06,-0.0006
2018-09-05,0.93,0.009300000000000001,-0.52,-0.0052,0.02,0.0002,0.36,0.0036,0.85,0.0085,0.91,0.0091,-0.17,-0.0017000000000000001,-0.22,-0.0022,1.1,0.011000000000000001,-0.07,-0.0007000000000000001,-1.96,-0.0196,-0.65,-0.006500000000000001,1.5,0.015,0.28,0.0028000000000000004,0.12,0.0012,-0.8,-0.008,-0.38,-0.0038,0.29,0.0029,0.31,0.0031,0.11,0.0011
2018-09-06,0.64,0.0064,0.11,0.0011,-0.48,-0.0048,-0.04,-0.0004,-0.34,-0.0034000000000000002,-0.77,-0.0077,-0.6,-0.006,-2.15,-0.0215,0.24,0.0024,0.18,0.0018,-0.31,-0.0031,-1.12,-0.011200000000000002,0.25,0.0025,-0.22,-0.0022,-0.17,-0.0017000000000000001,-0.68,-0.0068000000000000005,-0.35,-0.0034999999999999996,-0.76,-0.0076,-0.58,-0.0058,0.35,0.0034999999999999996
2018-09-07,-0.36,-0.0036,-0.72,-0.0072,0.07,0.0007000000000000001,-0.46,-0.0046,-0.96,-0.0096,-0.71,-0.0070999999999999995,-1.6,-0.016,-0.02,-0.0002,-0.95,-0.0095,0.01,0.0001,-0.04,-0.0004,-0.43,-0.0043,-0.15,-0.0015,0.18,0.0018,-0.18,-0.0018,0.01,0.0001,-0.2,-0.002,-1.35,-0.013500000000000002,-0.22,-0.0022,0.71,0.0070999999999999995
2018-09-10,0.57,0.005699999999999999,1.54,0.0154,0.11,0.0011,0.25,0.0025,0.79,0.0079,-0.52,-0.0052,2.07,0.0207,0.07,0.0007000000000000001,0.33,0.0033,0.47,0.004699999999999999,0.61,0.0060999999999999995,0.03,0.0003,0.46,0.0046,1.39,0.0139,0.56,0.005600000000000001,0.29,0.0029,-0.35,-0.0034999999999999996,-1.43,-0.0143,0.47,0.004699999999999999,0.26,0.0026
2018-09-11,-0.21,-0.0021,0.32,0.0032,0.03,0.0003,0.07,0.0007000000000000001,0.41,0.0040999999999999995,-0.5,-0.005,-1.04,-0.0104,1.17,0.011699999999999999,-0.03,-0.0003,0.41,0.0040999999999999995,0.98,0.0098,0.29,0.0029,-0.51,-0.0051,-0.09,-0.0009,-0.01,-0.0001,1.16,0.0116,0.22,0.0022,-0.05,-0.0005,0.48,0.0048,-0.11,-0.0011
2018-09-12,0.98,0.0098,0.08,0.0008,0.33,0.0033,-0.55,-0.0055000000000000005,0.97,0.0097,1.51,0.0151,0.84,0.0084,0.62,0.0062,0.02,0.0002,0.81,0.008100000000000001,-0.15,-0.0015,-0.59,-0.0059,-0.66,-0.0066,-0.21,-0.0021,0.1,0.001,-0.02,-0.0002,-0.7,-0.006999999999999999,2.36,0.0236,0.12,0.0012,-0.03,-0.0003
2018-09-13,0.31,0.0031,0.32,0.0032,1.03,0.0103,0.38,0.0038,-0.7,-0.006999999999999999,0.06,0.0006,0.23,0.0023,-0.16,-0.0016,0.72,0.0072,1.01,0.0101,0.56,0.005600000000000001,1.61,0.0161,0.87,0.0087,-0.43,-0.0043,-0.22,-0.0022,-0.49,-0.0049,0.05,0.0005,0.04,0.0004,0.91,0.0091,-0.12,-0.0012
2018-09-14,0.07,0.0007000000000000001,-0.18,-0.0018,-0.26,-0.0026,-0.14,-0.0014000000000000002,0.68,0.0068000000000000005,0.17,0.0017000000000000001,1.32,0.0132,0.63,0.0063,-0.44,-0.0044,-0.42,-0.0042,0.26,0.0026,-0.06,-0.0006,0.29,0.0029,0.63,0.0063,-0.29,-0.0029,-0.58,-0.0058,0.58,0.0058,0.71,0.0070999999999999995,0.94,0.009399999999999999,-0.22,-0.0022
2018-09-17,-0.18,-0.0018,-0.08,-0.0008,-0.69,-0.0069,0.32,0.0032,-0.86,-0.0086,0.63,0.0063,0.17,0.0017000000000000001,0.07,0.0007000000000000001,0.32,0.0032,0.01,0.0001,-1.51,-0.0151,-1.46,-0.0146,0.3,0.003,-0.45,-0.0045000000000000005,-0.22,-0.0022,-1.34,-0.0134,-0.54,-0.0054,0.06,0.0006,-0.4,-0.004,-0.94,-0.009399999999999999
2018-09-18,-1.29,-0.0129,1.44,0.0144,0.73,0.0073,-0.28,-0.0028000000000000004,0.4,0.004,1.11,0.0111,-0.57,-0.005699999999999999,0.94,0.009399999999999999,-0.1,-0.001,0.56,0.005600000000000001,0.6,0.006,0.63,0.0063,0.69,0.0069,0.8,0.008,0.58,0.0058,1.1,0.011000000000000001,0.33,0.0033,1.6,0.016,0.52,0.0052,0.49,0.0049
2018-09-19,-0.42,-0.0042,-0.85,-0.0085,-0.39,-0.0039000000000000003,1.07,0.010700000000000001,-0.21,-0.0021,0.45,0.0045000000000000005,2.12,0.0212,0.45,0.0045000000000000005,-1.71,-0.0171,-0.66,-0.0066,-0.5,-0.005,-0.08,-0.0008,0.24,0.0024,-0.07,-0.0007000000000000001,-0.45,-0.0045000000000000005,-0.22,-0.0022,1.21,0.0121,1.4,0.013999999999999999,-0.41,-0.0040999999999999995,0.48,0.0048
2018-09-20,1.09,0.0109,0.92,0.0092,1.06,0.0106,1.41,0.0141,-0.17,-0.0017000000000000001,-0.21,-0.0021,0.79,0.0079,-0.05,-0.0005,0.15,0.0015,0.75,0.0075,1.24,0.0124,0.76,0.0076,0.85,0.0085,0.15,0.0015,0.87,0.0087,0.57,0.005699999999999999,0.92,0.0092,0.79,0.0079,1.51,0.0151,0.76,0.0076
2018-09-21,-0.2,-0.002,0.17,0.0017000000000000001,0.01,0.0001,-0.4,-0.004,-0.21,-0.0021,-0.5,-0.005,-0.61,-0.0060999999999999995,0.87,0.0087,0.35,0.0034999999999999996,0.22,0.0022,-0.42,-0.0042,-0.3,-0.003,0.15,0.0015,0.44,0.0044,-0.64,-0.0064,-0.48,-0.0048,-0.23,-0.0023,0.78,0.0078000000000000005,-0.16,-0.0016,0.8,0.008
2018-09-24,-1.1,-0.011000000000000001,-1.13,-0.0113,0.47,0.004699999999999999,-1.31,-0.0131,-0.94,-0.009399999999999999,-1.03,-0.0103,-1.54,-0.0154,1.85,0.018500000000000003,-0.84,-0.0084,-1.22,-0.012199999999999999,0.34,0.0034000000000000002,0.45,0.0045000000000000005,-1.43,-0.0143,-1.39,-0.0139,-1.16,-0.0116,-0.25,-0.0025,-0.86,-0.0086,-1.44,-0.0144,-1.33,-0.013300000000000001,-0.82,-0.008199999999999999
2018-09-25,-0.75,-0.0075,0.32,0.0032,-0.02,-0.0002,-0.39,-0.0039000000000000003,-0.28,-0.0028000000000000004,1.14,0.011399999999999999,-1.83,-0.0183,0.57,0.005699999999999999,-1.03,-0.0103,-0.35,-0.0034999999999999996,0.47,0.004699999999999999,-0.12,-0.0012,-1.56,-0.015600000000000001,-0.5,-0.005,-0.01,-0.0001,0.69,0.0069,-0.35,-0.0034999999999999996,0.54,0.0054,-0.67,-0.0067,0.79,0.0079
2018-09-26,-0.15,-0.0015,-0.26,-0.0026,0.05,0.0005,-0.97,-0.0097,-1.09,-0.0109,-1.73,-0.0173,0.3,0.003,-1.01,-0.0101,-1.11,-0.0111,0.0,0.0,-0.1,-0.001,-0.66,-0.0066,0.0,0.0,0.39,0.0039000000000000003,-0.22,-0.0022,0.24,0.0024,-1.1,-0.011000000000000001,-1.92,-0.0192,-0.95,-0.0095,0.25,0.0025
2018-09-27,-0.57,-0.005699999999999999,0.6,0.006,0.38,0.0038,-1.12,-0.011200000000000002,-0.5,-0.005,0.2,0.002,-0.42,-0.0042,0.19,0.0019,0.89,0.0089,0.52,0.0052,0.46,0.0046,0.8,0.008,-0.54,-0.0054,0.28,0.0028000000000000004,-0.1,-0.001,0.6,0.006,-0.2,-0.002,-0.41,-0.0040999999999999995,-0.07,-0.0007000000000000001,0.49,0.0049
2018-09-28,0.47,0.004699999999999999,0.35,0.0034999999999999996,0.33,0.0033,-0.66,-0.0066,-0.49,-0.0049,0.47,0.004699999999999999,-3.07,-0.030699999999999998,-0.14,-0.0014000000000000002,1.29,0.0129,0.38,0.0038,-0.22,-0.0022,0.67,0.0067,-0.04,-0.0004,-0.2,-0.002,0.37,0.0037,-0.19,-0.0019,-0.49,-0.0049,-0.41,-0.0040999999999999995,-0.23,-0.0023,-0.22,-0.0022
2018-10-01,-0.32,-0.0032,-0.51,-0.0051,-0.03,-0.0003,0.96,0.0096,-0.4,-0.004,0.45,0.0045000000000000005,3.28,0.032799999999999996,1.41,0.0141,-0.09,-0.0009,-0.18,-0.0018,-0.09,-0.0009,0.29,0.0029,0.36,0.0036,0.1,0.001,-0.38,-0.0038,-0.02,-0.0002,0.14,0.0014000000000000002,0.14,0.0014000000000000002,-0.5,-0.005,-1.46,-0.0146
2018-10-02,0.64,0.0064,-1.97,-0.0197,-0.39,-0.0039000000000000003,0.02,0.0002,0.25,0.0025,0.3,0.003,-1.13,-0.0113,0.06,0.0006,0.96,0.0096,0.98,0.0098,-0.8,-0.008,0.39,0.0039000000000000003,0.94,0.009399999999999999,-1.19,-0.011899999999999999,-0.33,-0.0033,-1.2,-0.012,-0.13,-0.0013,0.98,0.0098,-0.23,-0.0023,-0.99,-0.009899999999999999
2018-10-03,-0.81,-0.008100000000000001,0.39,0.0039000000000000003,-0.07,-0.0007000000000000001,-0.49,-0.0049,-0.22,-0.0022,0.49,0.0049,0.27,0.0027,0.98,0.0098,-0.84,-0.0084,-0.27,-0.0027,0.39,0.0039000000000000003,0.5,0.005,-0.69,-0.0069,0.52,0.0052,0.07,0.0007000000000000001,-0.57,-0.005699999999999999,0.85,0.0085,0.09,0.0009,-0.53,-0.0053,-0.3,-0.003
2018-10-04,0.03,0.0003,-2.63,-0.0263,-1.28,-0.0128,-0.53,-0.0053,-1.36,-0.013600000000000001,-0.78,-0.0078000000000000005,-1.25,-0.0125,-0.85,-0.0085,0.34,0.0034000000000000002,0.16,0.0016,-2.12,-0.0212,-1.46,-0.0146,-0.51,-0.0051,-0.37,-0.0037,-0.74,-0.0074,-1.46,-0.0146,0.09,0.0009,-1.51,-0.0151,-0.6,-0.006,-0.01,-0.0001
2018-10-05,0.4,0.004,-0.35,-0.0034999999999999996,-0.17,-0.0017000000000000001,-1.02,-0.0102,-1.01,-0.0101,-1.34,-0.0134,-2.63,-0.0263,-0.08,-0.0008,1.25,0.0125,-1.0,-0.01,-0.68,-0.0068000000000000005,-1.76,-0.0176,-0.24,-0.0024,-0.93,-0.009300000000000001,-0.19,-0.0019,-1.02,-0.0102,-0.52,-0.0052,-1.08,-0.0108,-1.91,-0.0191,0.06,0.0006
2018-10-08,1.4,0.013999999999999999,0.19,0.0019,-0.33,-0.0033,0.22,0.0022,0.39,0.0039000000000000003,-0.44,-0.0044,-0.12,-0.0012,-0.18,-0.0018,0.74,0.0074,0.58,0.0058,-1.35,-0.013500000000000002,-0.77,-0.0077,-0.04,-0.0004,0.04,0.0004,-0.03,-0.0003,0.15,0.0015,0.14,0.0014000000000000002,0.29,0.0029,-0.36,-0.0036,0.59,0.0059
2018-10-09,-0.67,-0.0067,0.04,0.0004,0.07,0.0007000000000000001,-3.76,-0.037599999999999995,-2.11,-0.021099999999999997,-1.17,-0.011699999999999999,-1.82,-0.0182,1.02,0.0102,0.48,0.0048,0.23,0.0023,-0.12,-0.0012,0.21,0.0021,-2.4,-0.024,-1.48,-0.0148,-0.73,-0.0073,0.24,0.0024,-0.27,-0.0027,-0.98,-0.0098,-0.97,-0.0097,0.89,0.0089
2018-10-10,-1.27,-0.0127,-6.3,-0.063,-2.66,-0.026600000000000002,-2.42,-0.0242,-2.25,-0.0225,-3.72,-0.037200000000000004,-2.37,-0.023700000000000002,-3.86,-0.038599999999999995,-0.81,-0.008100000000000001,-2.49,-0.024900000000000002,-4.72,-0.0472,-4.21,-0.0421,-3.2,-0.032,-4.04,-0.0404,-2.62,-0.0262,-3.35,-0.0335,-2.79,-0.0279,-2.27,-0.0227,-3.3,-0.033,-2.03,-0.0203
2018-10-11,-2.22,-0.0222,-0.75,-0.0075,-2.45,-0.0245,-1.44,-0.0144,-2.62,-0.0262,-1.49,-0.0149,-1.14,-0.011399999999999999,-3.09,-0.030899999999999997,-2.12,-0.0212,-1.93,-0.019299999999999998,-0.6,-0.006,-1.63,-0.0163,-2.46,-0.0246,-1.32,-0.0132,-2.52,-0.0252,-1.89,-0.0189,-2.55,-0.0255,1.63,0.0163,-2.38,-0.023799999999999998,-2.2,-0.022000000000000002
2018-10-12,0.41,0.0040999999999999995,1.97,0.0197,1.63,0.0163,0.63,0.0063,-0.54,-0.0054,0.25,0.0025,-0.5,-0.005,0.49,0.0049,-0.05,-0.0005,1.64,0.016399999999999998,2.62,0.0262,2.59,0.0259,0.45,0.0045000000000000005,0.96,0.0096,0.77,0.0077,2.5,0.025,0.37,0.0037,-1.35,-0.013500000000000002,1.08,0.0108,1.45,0.014499999999999999
2018-10-15,0.58,0.0058,-0.37,-0.0037,-0.74,-0.0074,-0.51,-0.0051,-0.08,-0.0008,-1.74,-0.0174,0.8,0.008,-0.75,-0.0075,0.38,0.0038,0.48,0.0048,-1.07,-0.010700000000000001,-1.18,-0.0118,0.45,0.0045000000000000005,0.34,0.0034000000000000002,0.64,0.0064,-0.68,-0.0068000000000000005,-0.46,-0.0046,0.52,0.0052,-0.06,-0.0006,-0.09,-0.0009
2018-10-16,1.42,0.014199999999999999,2.86,0.0286,2.98,0.0298,2.25,0.0225,2.07,0.0207,0.87,0.0087,2.12,0.0212,0.92,0.0092,1.33,0.013300000000000001,1.43,0.0143,3.33,0.0333,2.7,0.027000000000000003,1.62,0.016200000000000003,1.87,0.0187,1.09,0.0109,2.32,0.0232,1.94,0.0194,0.0,0.0,2.87,0.0287,1.28,0.0128
2018-10-17,0.15,0.0015,-1.27,-0.0127,0.61,0.0060999999999999995,-0.84,-0.0084,-1.83,-0.0183,0.45,0.0045000000000000005,-1.45,-0.014499999999999999,-0.9,-0.009000000000000001,-0.16,-0.0016,0.46,0.0046,-0.41,-0.0040999999999999995,-0.32,-0.0032,-0.12,-0.0012,-0.7,-0.006999999999999999,-0.02,-0.0002,-0.56,-0.005600000000000001,0.54,0.0054,-1.68,-0.0168,-0.69,-0.0069,0.97,0.0097
2018-10-18,-0.59,-0.0059,-1.56,-0.015600000000000001,-1.35,-0.013500000000000002,-1.21,-0.0121,-2.5,-0.025,-0.96,-0.0096,-2.75,-0.0275,-0.61,-0.0060999999999999995,0.02,0.0002,-0.27,-0.0027,-2.29,-0.0229,-1.99,-0.0199,-0.98,-0.0098,-2.34,-0.023399999999999997,-0.96,-0.0096,-1.89,-0.0189,-1.52,-0.0152,-2.54,-0.0254,-2.19,-0.0219,-1.02,-0.0102
2018-10-19,1.71,0.0171,-3.2,-0.032,-1.16,-0.0116,-0.82,-0.008199999999999999,-1.6,-0.016,-0.8,-0.008,-0.31,-0.0031,-0.93,-0.009300000000000001,1.35,0.013500000000000002,0.86,0.0086,-0.32,-0.0032,-0.4,-0.004,-0.1,-0.001,0.29,0.0029,-0.62,-0.0062,-0.41,-0.0040999999999999995,-0.06,-0.0006,-1.95,-0.0195,-1.42,-0.014199999999999999,-0.71,-0.0070999999999999995
2018-10-22,-0.76,-0.0076,0.93,0.009300000000000001,-0.81,-0.008100000000000001,-0.66,-0.0066,-0.71,-0.0070999999999999995,1.11,0.0111,0.46,0.0046,-1.0,-0.01,-0.84,-0.0084,-0.4,-0.004,0.77,0.0077,0.59,0.0059,-0.78,-0.0078000000000000005,-0.17,-0.0017000000000000001,-0.83,-0.0083,0.63,0.0063,-1.68,-0.0168,-0.6,-0.006,-0.09,-0.0009,-0.11,-0.0011
2018-10-23,0.49,0.0049,-1.21,-0.0121,-0.59,-0.0059,-1.63,-0.0163,-0.06,-0.0006,-2.08,-0.0208,2.67,0.026699999999999998,-2.84,-0.028399999999999998,-0.87,-0.0087,0.59,0.0059,-0.5,-0.005,-0.35,-0.0034999999999999996,-2.3,-0.023,-1.71,-0.0171,-0.2,-0.002,-0.4,-0.004,-0.62,-0.0062,-1.52,-0.0152,-2.75,-0.0275,1.7,0.017
2018-10-24,-0.01,-0.0001,-1.71,-0.0171,-3.74,-0.0374,-3.59,-0.0359,-3.75,-0.0375,-5.69,-0.056900000000000006,-4.12,-0.0412,-4.1,-0.040999999999999995,1.37,0.0137,-4.38,-0.0438,-4.6,-0.046,-4.34,-0.0434,-3.2,-0.032,-3.2,-0.032,-3.2,-0.032,-3.2,-0.032,-3.05,-0.0305,-3.68,-0.0368,-4.34,-0.0434,-2.01,-0.020099999999999996
2018-10-25,-0.45,-0.0045000000000000005,1.54,0.0154,1.08,0.0108,1.34,0.0134,2.56,0.0256,3.3,0.033,4.96,0.0496,1.53,0.015300000000000001,-1.36,-0.013600000000000001,1.05,0.0105,3.57,0.035699999999999996,2.19,0.0219,1.08,0.0108,1.71,0.0171,1.08,0.0108,3.54,0.0354,2.25,0.0225,0.27,0.0027,1.61,0.0161,1.07,0.010700000000000001
2018-10-26,-1.71,-0.0171,-1.02,-0.0102,-0.85,-0.0085,-0.79,-0.0079,-0.49,-0.0049,-2.31,-0.0231,1.65,0.0165,-0.65,-0.006500000000000001,-1.68,-0.0168,-2.26,-0.0226,-2.11,-0.021099999999999997,-1.56,-0.015600000000000001,-0.38,-0.0038,-1.09,-0.0109,-1.58,-0.0158,-3.8,-0.038,-1.31,-0.0131,0.17,0.0017000000000000001,0.1,0.001,-0.76,-0.0076
2018-10-29,1.3,0.013000000000000001,0.94,0.009399999999999999,0.03,0.0003,-0.27,-0.0027,-1.49,-0.0149,-0.16,-0.0016,1.34,0.0134,-2.2,-0.022000000000000002,0.92,0.0092,1.08,0.0108,-2.2,-0.022000000000000002,-1.59,-0.0159,-0.11,-0.0011,-0.58,-0.0058,0.33,0.0033,-1.69,-0.0169,0.33,0.0033,-2.49,-0.024900000000000002,-0.69,-0.0069,-0.06,-0.0006
2018-10-30,2.33,0.0233,3.62,0.0362,1.25,0.0125,1.7,0.017,3.81,0.0381,0.95,0.0095,0.8,0.008,2.41,0.0241,0.47,0.004699999999999999,2.72,0.027200000000000002,1.4,0.013999999999999999,2.26,0.0226,2.73,0.0273,3.04,0.0304,2.21,0.022099999999999998,1.25,0.0125,1.17,0.011699999999999999,4.79,0.0479,3.83,0.0383,2.04,0.0204
2018-10-31,-0.91,-0.0091,0.26,0.0026,0.04,0.0004,1.41,0.0141,0.38,0.0038,2.64,0.0264,2.76,0.0276,0.83,0.0083,-0.75,-0.0075,0.8,0.008,2.9,0.028999999999999998,1.74,0.0174,-0.2,-0.002,0.27,0.0027,0.76,0.0076,1.05,0.0105,1.62,0.016200000000000003,2.28,0.022799999999999997,1.39,0.0139,0.22,0.0022
2018-11-01,0.77,0.0077,2.08,0.0208,2.15,0.0215,4.42,0.044199999999999996,3.24,0.032400000000000005,2.34,0.023399999999999997,1.92,0.0192,0.86,0.0086,-0.07,-0.0007000000000000001,0.13,0.0013,0.24,0.0024,2.15,0.0215,2.17,0.0217,1.52,0.0152,1.94,0.0194,2.23,0.0223,0.63,0.0063,3.5,0.035,3.96,0.039599999999999996,0.25,0.0025
2018-11-02,-1.66,-0.0166,-0.04,-0.0004,-0.66,-0.0066,-0.05,-0.0005,0.15,0.0015,1.56,0.015600000000000001,-0.57,-0.005699999999999999,-0.09,-0.0009,-0.63,-0.0063,-0.27,-0.0027,-0.52,-0.0052,-2.63,-0.0263,0.02,0.0002,-0.07,-0.0007000000000000001,-0.38,-0.0038,0.16,0.0016,-0.13,-0.0013,0.84,0.0084,-0.35,-0.0034999999999999996,2.13,0.0213
2018-11-05,1.58,0.0158,0.82,0.008199999999999999,0.67,0.0067,-0.08,-0.0008,1.15,0.0115,0.6,0.006,-0.22,-0.0022,1.73,0.0173,1.52,0.0152,0.71,0.0070999999999999995,-0.23,-0.0023,-0.76,-0.0076,0.34,0.0034000000000000002,-0.03,-0.0003,-1.01,-0.0101,-0.16,-0.0016,0.69,0.0069,-1.1,-0.011000000000000001,0.63,0.0063,0.65,0.006500000000000001
2018-11-06,1.04,0.0104,-1.15,-0.0115,0.08,0.0008,1.34,0.0134,0.72,0.0072,0.96,0.0096,0.6,0.006,0.16,0.0016,0.62,0.0062,0.45,0.0045000000000000005,0.62,0.0062,0.73,0.0073,0.79,0.0079,0.95,0.0095,-0.15,-0.0015,0.78,0.0078000000000000005,0.6,0.006,1.47,0.0147,1.29,0.0129,0.56,0.005600000000000001
2018-11-07,0.38,0.0038,1.0,0.01,2.67,0.026699999999999998,2.52,0.0252,1.04,0.0104,1.69,0.0169,1.11,0.0111,1.92,0.0192,1.15,0.0115,0.97,0.0097,2.99,0.029900000000000003,2.34,0.023399999999999997,2.02,0.0202,2.28,0.022799999999999997,2.24,0.022400000000000003,3.28,0.032799999999999996,1.87,0.0187,1.05,0.0105,1.14,0.011399999999999999,1.6,0.016
2018-11-08,-0.09,-0.0009,0.56,0.005600000000000001,-0.07,-0.0007000000000000001,-0.72,-0.0072,-1.48,-0.0148,-1.23,-0.0123,-0.28,-0.0028000000000000004,-2.5,-0.025,-0.34,-0.0034000000000000002,-0.32,-0.0032,-0.58,-0.0058,-0.26,-0.0026,0.38,0.0038,-0.46,-0.0046,0.26,0.0026,0.39,0.0039000000000000003,0.31,0.0031,-1.43,-0.0143,-1.13,-0.0113,0.5,0.005
2018-11-09,0.9,0.009000000000000001,-2.25,-0.0225,-0.67,-0.0067,-1.33,-0.013300000000000001,-1.39,-0.0139,-2.66,-0.026600000000000002,-1.78,-0.0178,0.03,0.0003,0.13,0.0013,-0.31,-0.0031,-1.75,-0.0175,-1.68,-0.0168,-1.01,-0.0101,-1.4,-0.013999999999999999,-1.13,-0.0113,-1.3,-0.013000000000000001,-0.9,-0.009000000000000001,-2.73,-0.0273,-1.68,-0.0168,0.01,0.0001
2018-11-12,-0.08,-0.0008,-1.35,-0.013500000000000002,-1.67,-0.0167,-1.64,-0.016399999999999998,-1.86,-0.018600000000000002,-1.31,-0.0131,-1.42,-0.014199999999999999,-2.42,-0.0242,-0.13,-0.0013,-0.3,-0.003,-2.54,-0.0254,-4.13,-0.041299999999999996,-1.24,-0.0124,-1.43,-0.0143,-0.55,-0.0055000000000000005,-2.45,-0.0245,-1.87,-0.0187,-2.12,-0.0212,-2.12,-0.0212,-1.06,-0.0106
2018-11-13,-0.4,-0.004,0.14,0.0014000000000000002,-0.72,-0.0072,-0.28,-0.0028000000000000004,0.45,0.0045000000000000005,0.95,0.0095,1.16,0.0116,-2.39,-0.0239,0.17,0.0017000000000000001,-0.36,-0.0036,0.03,0.0003,0.02,0.0002,0.63,0.0063,0.75,0.0075,0.27,0.0027,-0.32,-0.0032,0.26,0.0026,0.15,0.0015,-0.08,-0.0008,-0.15,-0.0015
2018-11-14,-0.84,-0.0084,0.15,0.0015,-1.0,-0.01,0.09,0.0009,-0.07,-0.0007000000000000001,-1.0,-0.01,0.56,0.005600000000000001,-0.14,-0.0014000000000000002,-1.01,-0.0101,0.38,0.0038,-0.65,-0.006500000000000001,-1.12,-0.011200000000000002,0.22,0.0022,0.12,0.0012,0.03,0.0003,-1.35,-0.013500000000000002,-1.33,-0.013300000000000001,1.87,0.0187,-0.31,-0.0031,-0.02,-0.0002
2018-11-15,0.15,0.0015,-0.55,-0.0055000000000000005,1.44,0.0144,1.45,0.014499999999999999,-0.09,-0.0009,1.67,0.0167,0.51,0.0051,1.79,0.0179,-0.36,-0.0036,-0.06,-0.0006,1.92,0.0192,2.54,0.0254,1.88,0.018799999999999997,1.3,0.013000000000000001,0.64,0.0064,-0.26,-0.0026,1.42,0.014199999999999999,2.03,0.0203,1.01,0.0101,0.34,0.0034000000000000002
2018-11-16,0.58,0.0058,-0.69,-0.0069,1.14,0.011399999999999999,0.47,0.004699999999999999,0.82,0.008199999999999999,0.34,0.0034000000000000002,0.15,0.0015,1.08,0.0108,1.23,0.0123,0.77,0.0077,-0.27,-0.0027,-0.21,-0.0021,1.1,0.011000000000000001,-0.28,-0.0028000000000000004,-0.12,-0.0012,-1.07,-0.010700000000000001,0.06,0.0006,0.33,0.0033,0.04,0.0004,0.96,0.0096
2018-11-19,0.21,0.0021,-3.02,-0.0302,-1.33,-0.013300000000000001,-2.1,-0.021,-0.94,-0.009399999999999999,-2.2,-0.022000000000000002,-0.14,-0.0014000000000000002,-0.21,-0.0021,0.54,0.0054,-0.54,-0.0054,-4.18,-0.0418,-3.48,-0.0348,-1.21,-0.0121,-0.38,-0.0038,-0.82,-0.008199999999999999,-2.78,-0.0278,-0.81,-0.008100000000000001,-2.02,-0.0202,-2.36,-0.0236,-0.79,-0.0079
2018-11-20,-1.41,-0.0141,-1.95,-0.0195,-0.97,-0.0097,-2.09,-0.0209,-1.55,-0.0155,-3.46,-0.0346,-1.85,-0.018500000000000003,-3.51,-0.0351,-0.85,-0.0085,-2.85,-0.0285,-1.22,-0.012199999999999999,-1.93,-0.019299999999999998,-1.37,-0.0137,-3.21,-0.0321,-2.22,-0.0222,-2.8,-0.027999999999999997,-1.76,-0.0176,-2.82,-0.0282,-1.19,-0.011899999999999999,-1.0,-0.01
2018-11-21,-0.53,-0.0053,1.81,0.0181,-0.49,-0.0049,1.17,0.011699999999999999,1.24,0.0124,1.32,0.0132,0.6,0.006,1.67,0.0167,-1.02,-0.0102,0.95,0.0095,1.55,0.0155,0.24,0.0024,-0.01,-0.0001,1.38,0.0138,0.88,0.0088,0.84,0.0084,0.23,0.0023,1.81,0.0181,1.34,0.0134,0.14,0.0014000000000000002
2018-11-23,0.39,0.0039000000000000003,-0.91,-0.0091,0.15,0.0015,-0.48,-0.0048,-0.15,-0.0015,-1.87,-0.0187,-0.46,-0.0046,-3.33,-0.0333,-0.18,-0.0018,-0.49,-0.0049,-0.56,-0.005600000000000001,-0.84,-0.0084,-0.35,-0.0034999999999999996,0.13,0.0013,-0.26,-0.0026,-0.15,-0.0015,-0.54,-0.0054,-4.89,-0.0489,-0.55,-0.0055000000000000005,-0.34,-0.0034000000000000002
2018-11-26,-0.27,-0.0027,1.99,0.0199,0.88,0.0088,1.1,0.011000000000000001,0.93,0.009300000000000001,-0.21,-0.0021,3.47,0.0347,1.82,0.0182,0.6,0.006,1.0,0.01,2.55,0.0255,1.64,0.016399999999999998,1.15,0.0115,0.57,0.005699999999999999,1.04,0.0104,2.5,0.025,2.12,0.0212,0.9,0.009000000000000001,1.78,0.0178,0.77,0.0077
2018-11-27,0.7,0.006999999999999999,-1.34,-0.0134,0.56,0.005600000000000001,-1.35,-0.013500000000000002,-0.59,-0.0059,-3.55,-0.0355,-1.67,-0.0167,-0.43,-0.0043,0.64,0.0064,1.33,0.013300000000000001,-0.22,-0.0022,0.05,0.0005,0.12,0.0012,0.86,0.0086,0.14,0.0014000000000000002,0.61,0.0060999999999999995,-0.03,-0.0003,0.81,0.008100000000000001,-0.87,-0.0087,0.43,0.0043
2018-11-28,0.04,0.0004,2.91,0.0291,2.58,0.0258,1.4,0.013999999999999999,2.32,0.0232,3.63,0.0363,1.61,0.0161,1.8,0.018000000000000002,0.04,0.0004,1.2,0.012,3.55,0.0355,2.8,0.027999999999999997,1.13,0.0113,2.53,0.0253,2.1,0.021,3.65,0.0365,2.17,0.0217,3.39,0.0339,2.79,0.0279,1.83,0.0183
2018-11-29,-0.06,-0.0006,-0.43,-0.0043,0.17,0.0017000000000000001,0.58,0.0058,-0.94,-0.009399999999999999,-0.96,-0.0096,-1.16,-0.0116,0.67,0.0067,-0.12,-0.0012,-0.04,-0.0004,-0.18,-0.0018,-0.63,-0.0063,0.16,0.0016,-0.59,-0.0059,0.33,0.0033,-0.35,-0.0034999999999999996,-0.81,-0.008100000000000001,-1.06,-0.0106,-0.19,-0.0019,0.17,0.0017000000000000001
2018-11-30,1.31,0.0131,1.51,0.0151,1.48,0.0148,0.68,0.0068000000000000005,0.54,0.0054,0.74,0.0074,1.75,0.0175,-0.37,-0.0037,1.35,0.013500000000000002,0.21,0.0021,0.98,0.0098,0.72,0.0072,1.07,0.010700000000000001,1.66,0.0166,-0.01,-0.0001,0.71,0.0070999999999999995,0.79,0.0079,-0.5,-0.005,0.66,0.0066,-0.72,-0.0072
2018-12-03,-0.37,-0.0037,3.03,0.030299999999999997,0.37,0.0037,1.66,0.0166,1.09,0.0109,1.69,0.0169,1.58,0.0158,2.51,0.025099999999999997,0.98,0.0098,-0.4,-0.004,1.0,0.01,2.33,0.0233,0.34,0.0034000000000000002,0.4,0.004,0.93,0.009300000000000001,2.22,0.0222,0.8,0.008,1.39,0.0139,1.19,0.011899999999999999,0.21,0.0021
2018-12-04,-1.53,-0.015300000000000001,-3.71,-0.0371,-2.6,-0.026000000000000002,-3.95,-0.0395,-5.13,-0.0513,-4.08,-0.0408,-3.83,-0.0383,-2.95,-0.029500000000000002,-0.34,-0.0034000000000000002,-2.2,-0.022000000000000002,-3.52,-0.0352,-4.18,-0.0418,-2.54,-0.0254,-4.42,-0.044199999999999996,-2.87,-0.0287,-4.09,-0.0409,-4.3,-0.043,-3.08,-0.0308,-4.88,-0.048799999999999996,-1.66,-0.0166
2018-12-06,-0.52,-0.0052,-0.54,-0.0054,0.13,0.0013,-1.33,-0.013300000000000001,0.29,0.0029,-1.62,-0.016200000000000003,-0.81,-0.008100000000000001,-1.76,-0.0176,-0.11,-0.0011,0.43,0.0043,0.73,0.0073,-0.1,-0.001,-0.25,-0.0025,0.01,0.0001,-0.48,-0.0048,0.62,0.0062,-0.88,-0.0088,-1.03,-0.0103,-1.31,-0.0131,0.37,0.0037
2018-12-07,-1.25,-0.0125,-4.25,-0.0425,-2.51,-0.025099999999999997,-3.01,-0.0301,-1.99,-0.0199,-2.92,-0.0292,-2.65,-0.0265,-0.67,-0.0067,0.42,0.0042,-1.27,-0.0127,-2.98,-0.0298,-3.39,-0.0339,-1.48,-0.0148,-3.71,-0.0371,-2.24,-0.022400000000000003,-3.17,-0.0317,-2.05,-0.020499999999999997,-0.45,-0.0045000000000000005,-2.51,-0.025099999999999997,-1.96,-0.0196
2018-12-10,-0.13,-0.0013,-0.56,-0.005600000000000001,0.63,0.0063,-0.08,-0.0008,-1.35,-0.013500000000000002,-1.32,-0.0132,-0.91,-0.0091,-1.76,-0.0176,0.1,0.001,-0.14,-0.0014000000000000002,1.38,0.0138,1.15,0.0115,-0.46,-0.0046,-0.44,-0.0044,-0.61,-0.0060999999999999995,0.38,0.0038,-1.17,-0.011699999999999999,-0.95,-0.0095,-0.49,-0.0049,0.27,0.0027
2018-12-11,0.69,0.0069,0.46,0.0046,0.32,0.0032,-0.82,-0.008199999999999999,-1.05,-0.0105,-0.66,-0.0066,0.31,0.0031,0.14,0.0014000000000000002,0.33,0.0033,-0.2,-0.002,0.38,0.0038,-0.02,-0.0002,-0.15,-0.0015,-0.4,-0.004,-0.19,-0.0019,0.13,0.0013,-0.77,-0.0077,-0.63,-0.0063,-0.8,-0.008,-0.82,-0.008199999999999999
2018-12-12,0.04,0.0004,0.82,0.008199999999999999,0.78,0.0078000000000000005,0.96,0.0096,1.15,0.0115,1.16,0.0116,1.09,0.0109,0.34,0.0034000000000000002,-0.32,-0.0032,0.09,0.0009,1.08,0.0108,0.94,0.009399999999999999,0.53,0.0053,-0.15,-0.0015,0.8,0.008,0.92,0.0092,0.73,0.0073,0.97,0.0097,1.51,0.0151,0.34,0.0034000000000000002
2018-12-13,-0.01,-0.0001,-2.35,-0.0235,-0.27,-0.0027,-1.01,-0.0101,-1.27,-0.0127,-0.89,-0.0089,-0.35,-0.0034999999999999996,0.29,0.0029,0.92,0.0092,-0.51,-0.0051,-0.22,-0.0022,0.1,0.001,0.64,0.0064,-1.78,-0.0178,-0.85,-0.0085,-0.46,-0.0046,-0.7,-0.006999999999999999,-0.96,-0.0096,-0.88,-0.0088,0.91,0.0091
2018-12-14,-1.19,-0.011899999999999999,-0.77,-0.0077,-3.42,-0.0342,-1.23,-0.0123,-1.48,-0.0148,-0.75,-0.0075,-1.26,-0.0126,-2.48,-0.0248,-0.5,-0.005,-0.34,-0.0034000000000000002,-2.12,-0.0212,-2.15,-0.0215,-1.39,-0.0139,-1.79,-0.0179,-2.27,-0.0227,-2.62,-0.0262,-1.36,-0.013600000000000001,-1.38,-0.0138,-1.13,-0.0113,-1.69,-0.0169
2018-12-17,-2.17,-0.0217,-2.51,-0.025099999999999997,-2.21,-0.022099999999999998,-2.12,-0.0212,-1.1,-0.011000000000000001,-1.93,-0.019299999999999998,-2.05,-0.020499999999999997,-2.0,-0.02,-3.09,-0.030899999999999997,-1.27,-0.0127,-2.9,-0.028999999999999998,-1.81,-0.0181,-2.67,-0.026699999999999998,-1.5,-0.015,-1.89,-0.0189,-2.97,-0.0297,-1.42,-0.014199999999999999,-0.23,-0.0023,-1.88,-0.018799999999999997,-1.56,-0.015600000000000001
2018-12-18,-0.56,-0.005600000000000001,1.18,0.0118,-0.7,-0.006999999999999999,0.88,0.0088,0.78,0.0078000000000000005,0.54,0.0054,-0.38,-0.0038,-2.41,-0.0241,-0.87,-0.0087,-0.71,-0.0070999999999999995,0.96,0.0096,0.8,0.008,0.32,0.0032,0.46,0.0046,-0.46,-0.0046,0.9,0.009000000000000001,-0.54,-0.0054,0.57,0.005699999999999999,0.07,0.0007000000000000001,0.21,0.0021
2018-12-19,-0.81,-0.008100000000000001,-2.47,-0.024700000000000003,-1.48,-0.0148,-0.81,-0.008100000000000001,-1.26,-0.0126,-3.07,-0.030699999999999998,-1.24,-0.0124,-1.51,-0.0151,-0.19,-0.0019,-0.52,-0.0052,-1.2,-0.012,-2.88,-0.0288,-1.55,-0.0155,-3.02,-0.0302,-1.1,-0.011000000000000001,-2.1,-0.021,-1.53,-0.015300000000000001,-3.87,-0.0387,-2.31,-0.0231,-1.11,-0.0111
2018-12-20,-1.11,-0.0111,-1.93,-0.019299999999999998,-0.96,-0.0096,-1.19,-0.011899999999999999,-1.27,-0.0127,-1.92,-0.0192,-1.71,-0.0171,-2.95,-0.029500000000000002,0.07,0.0007000000000000001,-2.16,-0.0216,-1.73,-0.0173,-1.88,-0.018799999999999997,-1.62,-0.016200000000000003,-1.35,-0.013500000000000002,-1.84,-0.0184,-2.5,-0.025,-1.12,-0.011200000000000002,0.49,0.0049,-1.77,-0.0177,-2.84,-0.028399999999999998
2018-12-21,-0.98,-0.0098,2.27,0.0227,-1.53,-0.015300000000000001,-0.88,-0.0088,-2.26,-0.0226,-1.29,-0.0129,-1.53,-0.015300000000000001,-1.29,-0.0129,-0.76,-0.0076,-2.04,-0.0204,-3.64,-0.0364,-2.49,-0.024900000000000002,-1.43,-0.0143,-1.73,-0.0173,-1.83,-0.0183,-3.05,-0.0305,-2.1,-0.021,-0.97,-0.0097,-1.78,-0.0178,-0.55,-0.0055000000000000005
2018-12-24,-3.12,-0.031200000000000002,-3.69,-0.0369,-2.37,-0.023700000000000002,-2.56,-0.0256,-2.04,-0.0204,-3.3,-0.033,-3.81,-0.0381,-4.05,-0.0405,-4.44,-0.0444,-2.83,-0.028300000000000002,-1.99,-0.0199,-2.7,-0.027000000000000003,-3.56,-0.0356,-2.92,-0.0292,-1.87,-0.0187,-1.73,-0.0173,-2.11,-0.021099999999999997,-0.67,-0.0067,-2.5,-0.025,-1.82,-0.0182
2018-12-26,2.28,0.022799999999999997,6.36,0.0636,4.8,0.048,5.37,0.0537,4.49,0.0449,4.92,0.0492,5.3,0.053,6.69,0.0669,2.02,0.0202,3.59,0.0359,6.15,0.061500000000000006,5.63,0.056299999999999996,4.13,0.041299999999999996,5.61,0.056100000000000004,3.85,0.0385,6.88,0.0688,4.83,0.0483,3.55,0.0355,5.19,0.0519,3.41,0.0341
2018-12-27,0.82,0.008199999999999999,0.74,0.0074,0.93,0.009300000000000001,1.83,0.0183,0.78,0.0078000000000000005,0.23,0.0023,-0.1,-0.001,0.78,0.0078000000000000005,0.73,0.0073,0.42,0.0042,0.99,0.009899999999999999,0.58,0.0058,1.99,0.0199,0.6,0.006,0.48,0.0048,0.17,0.0017000000000000001,0.86,0.0086,1.07,0.010700000000000001,0.74,0.0074,0.62,0.0062
2018-12-28,-0.49,-0.0049,-0.37,-0.0037,0.26,0.0026,-0.41,-0.0040999999999999995,-0.22,-0.0022,-0.35,-0.0034999999999999996,1.02,0.0102,-1.02,-0.0102,-0.04,-0.0004,0.39,0.0039000000000000003,-0.5,-0.005,0.23,0.0023,-0.53,-0.0053,-0.47,-0.004699999999999999,0.15,0.0015,0.48,0.0048,-0.07,-0.0007000000000000001,-1.37,-0.0137,-0.15,-0.0015,0.33,0.0033
2018-12-31,0.25,0.0025,0.76,0.0076,1.6,0.016,0.98,0.0098,0.54,0.0054,0.01,0.0001,-0.24,-0.0024,0.52,0.0052,0.4,0.004,0.77,0.0077,0.58,0.0058,0.93,0.009300000000000001,0.92,0.0092,0.65,0.006500000000000001,0.65,0.006500000000000001,1.21,0.0121,0.95,0.0095,0.47,0.004699999999999999,1.05,0.0105,1.11,0.0111
2019-01-02,-0.64,-0.0064,0.42,0.0042,-0.98,-0.0098,0.81,0.008100000000000001,1.16,0.0116,1.13,0.0113,-0.68,-0.0068000000000000005,2.19,0.0219,-1.45,-0.014499999999999999,1.16,0.0116,0.27,0.0027,-0.08,-0.0008,-0.06,-0.0006,0.18,0.0018,-0.17,-0.0017000000000000001,1.13,0.0113,0.62,0.0062,-0.32,-0.0032,0.55,0.0055000000000000005,-0.47,-0.004699999999999999
2019-01-03,-0.12,-0.0012,-2.08,-0.0208,-2.13,-0.0213,-3.31,-0.0331,-1.44,-0.0144,-2.1,-0.021,-2.98,-0.0298,-1.2,-0.012,0.05,0.0005,-0.19,-0.0019,-3.04,-0.0304,-6.03,-0.0603,-2.39,-0.0239,-3.72,-0.037200000000000004,-1.64,-0.016399999999999998,-1.6,-0.016,-1.82,-0.0182,-1.6,-0.016,-2.89,-0.028900000000000002,-2.38,-0.023799999999999998
2019-01-04,1.97,0.0197,3.0,0.03,3.46,0.0346,4.18,0.0418,4.16,0.0416,5.94,0.0594,4.32,0.0432,3.7,0.037000000000000005,1.72,0.0172,2.5,0.025,4.64,0.0464,4.11,0.041100000000000005,3.48,0.0348,3.9,0.039,2.51,0.025099999999999997,3.07,0.030699999999999998,3.31,0.0331,4.67,0.0467,3.67,0.036699999999999997,2.96,0.0296
2019-01-07,0.08,0.0008,1.89,0.0189,1.17,0.011699999999999999,0.34,0.0034000000000000002,1.81,0.0181,0.11,0.0011,2.68,0.0268,1.35,0.013500000000000002,-0.4,-0.004,0.76,0.0076,0.86,0.0086,0.98,0.0098,0.74,0.0074,0.62,0.0062,0.77,0.0077,2.55,0.0255,0.35,0.0034999999999999996,0.86,0.0086,1.0,0.01,1.16,0.0116
2019-01-08,1.43,0.0143,1.57,0.015700000000000002,0.96,0.0096,1.12,0.011200000000000002,1.03,0.0103,2.04,0.0204,1.47,0.0147,0.66,0.0066,1.47,0.0147,1.27,0.0127,1.35,0.013500000000000002,0.92,0.0092,1.04,0.0104,2.39,0.0239,1.43,0.0143,1.13,0.0113,0.41,0.0040999999999999995,0.68,0.0068000000000000005,1.78,0.0178,0.68,0.0068000000000000005
2019-01-09,-0.68,-0.0068000000000000005,0.45,0.0045000000000000005,0.3,0.003,0.26,0.0026,2.28,0.022799999999999997,1.61,0.0161,1.68,0.0168,1.62,0.016200000000000003,-0.49,-0.0049,-0.61,-0.0060999999999999995,0.64,0.0064,1.5,0.015,0.06,0.0006,1.11,0.0111,0.87,0.0087,0.23,0.0023,0.71,0.0070999999999999995,1.28,0.0128,0.96,0.0096,-0.02,-0.0002
2019-01-10,1.02,0.0102,-1.25,-0.0125,0.26,0.0026,0.46,0.0046,0.26,0.0026,0.5,0.005,0.52,0.0052,0.32,0.0032,1.27,0.0127,0.24,0.0024,0.23,0.0023,0.85,0.0085,1.69,0.0169,0.78,0.0078000000000000005,1.23,0.0123,-0.38,-0.0038,0.1,0.001,0.1,0.001,0.69,0.0069,0.7,0.006999999999999999
2019-01-11,0.39,0.0039000000000000003,-0.16,-0.0016,0.06,0.0006,-0.4,-0.004,0.28,0.0028000000000000004,0.04,0.0004,1.68,0.0168,-0.82,-0.008199999999999999,-0.47,-0.004699999999999999,0.54,0.0054,-0.47,-0.004699999999999999,0.12,0.0012,0.16,0.0016,-0.2,-0.002,0.26,0.0026,-0.24,-0.0024,0.28,0.0028000000000000004,-0.42,-0.0042,0.47,0.004699999999999999,0.05,0.0005
2019-01-14,-0.11,-0.0011,0.32,0.0032,-1.42,-0.014199999999999999,-0.4,-0.004,-0.93,-0.009300000000000001,-0.66,-0.0066,-0.06,-0.0006,-0.19,-0.0019,-1.83,-0.0183,-0.46,-0.0046,-0.63,-0.0063,-1.1,-0.011000000000000001,-0.44,-0.0044,0.08,0.0008,-0.63,-0.0063,-0.85,-0.0085,0.47,0.004699999999999999,-1.1,-0.011000000000000001,-0.32,-0.0032,-0.9,-0.009000000000000001
2019-01-15,1.14,0.011399999999999999,1.17,0.011699999999999999,1.88,0.018799999999999997,-0.95,-0.0095,-0.3,-0.003,-0.64,-0.0064,0.19,0.0019,0.32,0.0032,1.25,0.0125,-0.07,-0.0007000000000000001,2.14,0.021400000000000002,1.05,0.0105,-0.39,-0.0039000000000000003,-0.42,-0.0042,0.59,0.0059,1.36,0.013600000000000001,0.89,0.0089,-2.31,-0.0231,-0.28,-0.0028000000000000004,0.69,0.0069
2019-01-16,-0.69,-0.0069,-0.11,-0.0011,-0.45,-0.0045000000000000005,0.79,0.0079,-0.47,-0.004699999999999999,1.54,0.0154,-0.26,-0.0026,-0.14,-0.0014000000000000002,0.41,0.0040999999999999995,-0.51,-0.0051,0.04,0.0004,-0.02,-0.0002,-0.17,-0.0017000000000000001,0.31,0.0031,-0.05,-0.0005,0.19,0.0019,2.09,0.0209,1.4,0.013999999999999999,0.3,0.003,-0.62,-0.0062
2019-01-17,0.63,0.0063,1.96,0.0196,1.21,0.0121,2.17,0.0217,1.03,0.0103,1.47,0.0147,1.17,0.011699999999999999,0.94,0.009399999999999999,0.62,0.0062,0.02,0.0002,0.81,0.008100000000000001,0.82,0.008199999999999999,0.93,0.009300000000000001,1.53,0.015300000000000001,0.86,0.0086,0.37,0.0037,0.42,0.0042,1.37,0.0137,1.31,0.0131,0.78,0.0078000000000000005
2019-01-18,1.08,0.0108,3.33,0.0333,0.89,0.0089,1.47,0.0147,0.97,0.0097,1.57,0.015700000000000002,-1.31,-0.0131,1.66,0.0166,0.34,0.0034000000000000002,0.65,0.006500000000000001,1.49,0.0149,1.52,0.0152,1.9,0.019,2.17,0.0217,1.54,0.0154,1.15,0.0115,1.49,0.0149,1.65,0.0165,1.97,0.0197,0.9,0.009000000000000001
2019-01-22,-0.41,-0.0040999999999999995,-0.66,-0.0066,-0.98,-0.0098,-2.13,-0.0213,-1.97,-0.0197,-1.65,-0.0165,-1.56,-0.015600000000000001,-2.45,-0.0245,-0.14,-0.0014000000000000002,-1.3,-0.013000000000000001,-1.79,-0.0179,-2.05,-0.020499999999999997,-1.08,-0.0108,-1.68,-0.0168,-0.92,-0.0092,-2.04,-0.0204,-0.89,-0.0089,-1.06,-0.0106,-1.82,-0.0182,0.07,0.0007000000000000001
2019-01-23,0.55,0.0055000000000000005,0.09,0.0009,-0.31,-0.0031,-0.65,-0.006500000000000001,-0.35,-0.0034999999999999996,-0.34,-0.0034000000000000002,-1.91,-0.0191,-1.01,-0.0101,0.75,0.0075,1.37,0.0137,0.4,0.004,0.19,0.0019,-0.56,-0.005600000000000001,-0.77,-0.0077,-0.23,-0.0023,0.37,0.0037,0.01,0.0001,-1.32,-0.0132,-0.83,-0.0083,0.92,0.0092
2019-01-24,-1.51,-0.0151,0.15,0.0015,-0.76,-0.0076,0.15,0.0015,1.45,0.014499999999999999,-0.48,-0.0048,1.44,0.0144,0.59,0.0059,0.92,0.0092,-0.53,-0.0053,0.3,0.003,1.51,0.0151,0.31,0.0031,1.44,0.0144,-0.29,-0.0029,0.17,0.0017000000000000001,0.19,0.0019,-2.26,-0.0226,0.57,0.005699999999999999,-0.11,-0.0011
2019-01-25,-0.39,-0.0039000000000000003,1.08,0.0108,0.15,0.0015,2.19,0.0219,0.54,0.0054,2.49,0.024900000000000002,1.78,0.0178,1.19,0.011899999999999999,-1.09,-0.0109,-0.09,-0.0009,1.5,0.015,1.5,0.015,1.08,0.0108,0.83,0.0083,0.94,0.009399999999999999,0.74,0.0074,0.95,0.0095,3.05,0.0305,1.36,0.013600000000000001,0.35,0.0034999999999999996
2019-01-28,0.28,0.0028000000000000004,-0.32,-0.0032,-1.51,-0.0151,0.27,0.0027,-0.24,-0.0024,-0.69,-0.0069,-0.86,-0.0086,-1.1,-0.011000000000000001,-0.45,-0.0045000000000000005,-0.74,-0.0074,-1.17,-0.011699999999999999,-1.28,-0.0128,-0.91,-0.0091,-0.07,-0.0007000000000000001,-0.21,-0.0021,-0.79,-0.0079,-0.29,-0.0029,-1.49,-0.0149,-1.23,-0.0123,-0.07,-0.0007000000000000001
2019-01-29,0.32,0.0032,-0.16,-0.0016,0.69,0.0069,0.88,0.0088,0.98,0.0098,1.25,0.0125,0.66,0.0066,0.25,0.0025,0.48,0.0048,-0.43,-0.0043,-1.26,-0.0126,-0.43,-0.0043,0.97,0.0097,0.39,0.0039000000000000003,0.27,0.0027,-1.14,-0.011399999999999999,-0.31,-0.0031,1.36,0.013600000000000001,3.12,0.031200000000000002,-0.36,-0.0036
2019-01-30,0.57,0.005699999999999999,1.04,0.0104,1.37,0.0137,1.14,0.011399999999999999,0.98,0.0098,2.08,0.0208,1.45,0.014499999999999999,1.51,0.0151,0.72,0.0072,-0.86,-0.0086,2.42,0.0242,3.16,0.0316,0.59,0.0059,1.18,0.0118,0.47,0.004699999999999999,1.88,0.018799999999999997,0.65,0.006500000000000001,2.51,0.025099999999999997,-0.36,-0.0036,0.69,0.0069
2019-01-31,1.58,0.0158,0.22,0.0022,1.51,0.0151,-2.72,-0.027200000000000002,1.5,0.015,0.92,0.0092,0.2,0.002,0.65,0.006500000000000001,1.71,0.0171,2.7,0.027000000000000003,1.53,0.015300000000000001,0.38,0.0038,1.06,0.0106,-0.3,-0.003,0.99,0.009899999999999999,1.48,0.0148,-0.07,-0.0007000000000000001,0.69,0.0069,0.97,0.0097,-0.42,-0.0042
2019-02-01,0.05,0.0005,-0.11,-0.0011,0.5,0.005,0.51,0.0051,-0.19,-0.0019,0.04,0.0004,0.06,0.0006,1.86,0.018600000000000002,-0.18,-0.0018,0.13,0.0013,0.0,0.0,0.65,0.006500000000000001,-0.46,-0.0046,0.78,0.0078000000000000005,-0.22,-0.0022,-2.5,-0.025,0.55,0.0055000000000000005,0.43,0.0043,0.26,0.0026,-0.42,-0.0042
2019-02-04,0.5,0.005,0.57,0.005699999999999999,-0.23,-0.0023,-0.02,-0.0002,0.26,0.0026,0.93,0.009300000000000001,0.18,0.0018,0.23,0.0023,0.23,0.0023,-0.44,-0.0044,1.72,0.0172,1.36,0.013600000000000001,0.25,0.0025,1.08,0.0108,2.03,0.0203,0.78,0.0078000000000000005,0.54,0.0054,1.21,0.0121,0.63,0.0063,0.46,0.0046
2019-02-05,-0.11,-0.0011,1.19,0.011899999999999999,0.02,0.0002,0.98,0.0098,0.33,0.0033,-0.29,-0.0029,0.91,0.0091,-0.04,-0.0004,0.1,0.001,0.12,0.0012,0.95,0.0095,0.83,0.0083,0.6,0.006,0.45,0.0045000000000000005,0.18,0.0018,0.85,0.0085,-0.14,-0.0014000000000000002,0.43,0.0043,0.95,0.0095,0.79,0.0079
2019-02-06,-0.3,-0.003,0.05,0.0005,0.08,0.0008,-0.64,-0.0064,-0.69,-0.0069,-0.44,-0.0044,-0.06,-0.0006,-0.81,-0.008100000000000001,-0.42,-0.0042,-0.33,-0.0033,-0.91,-0.0091,0.85,0.0085,0.68,0.0068000000000000005,-0.08,-0.0008,0.32,0.0032,-0.66,-0.0066,0.01,0.0001,-0.57,-0.005699999999999999,0.26,0.0026,-0.15,-0.0015
2019-02-07,-0.19,-0.0019,-0.47,-0.004699999999999999,-1.31,-0.0131,-1.7,-0.017,-0.58,-0.0058,-2.4,-0.024,-2.71,-0.0271,-2.28,-0.022799999999999997,1.02,0.0102,0.01,0.0001,-1.06,-0.0106,-1.76,-0.0176,-1.11,-0.0111,-0.12,-0.0012,-0.17,-0.0017000000000000001,-0.58,-0.0058,-0.58,-0.0058,-1.5,-0.015,-1.95,-0.0195,0.05,0.0005
2019-02-08,0.32,0.0032,0.64,0.0064,0.62,0.0062,-0.27,-0.0027,0.05,0.0005,-0.36,-0.0036,-0.58,-0.0058,-0.47,-0.004699999999999999,0.52,0.0052,0.33,0.0033,0.67,0.0067,0.53,0.0053,0.24,0.0024,-0.03,-0.0003,-0.57,-0.005699999999999999,-0.94,-0.009399999999999999,-0.58,-0.0058,0.4,0.004,-0.17,-0.0017000000000000001,-0.07,-0.0007000000000000001
2019-02-11,0.4,0.004,1.26,0.0126,0.06,0.0006,0.51,0.0051,0.55,0.0055000000000000005,0.74,0.0074,0.48,0.0048,0.5,0.005,0.0,0.0,-0.61,-0.0060999999999999995,-0.06,-0.0006,0.12,0.0012,0.45,0.0045000000000000005,1.06,0.0106,0.94,0.009399999999999999,0.22,0.0022,0.03,0.0003,-0.58,-0.0058,0.23,0.0023,0.22,0.0022
2019-02-12,0.86,0.0086,1.65,0.0165,1.16,0.0116,2.31,0.0231,3.4,0.034,2.2,0.022000000000000002,1.38,0.0138,1.32,0.0132,0.31,0.0031,0.55,0.0055000000000000005,1.4,0.013999999999999999,1.52,0.0152,2.04,0.0204,1.17,0.011699999999999999,1.73,0.0173,2.0,0.02,1.51,0.0151,-0.86,-0.0086,2.17,0.0217,-0.24,-0.0024
2019-02-13,-0.07,-0.0007000000000000001,0.13,0.0013,0.18,0.0018,-0.01,-0.0001,0.01,0.0001,0.03,0.0003,-0.02,-0.0002,1.34,0.0134,-0.05,-0.0005,0.04,0.0004,0.06,0.0006,0.12,0.0012,0.86,0.0086,0.7,0.006999999999999999,0.44,0.0044,0.61,0.0060999999999999995,0.36,0.0036,1.08,0.0108,1.21,0.0121,1.1,0.011000000000000001
2019-02-14,-3.19,-0.0319,-0.51,-0.0051,0.21,0.0021,-0.6,-0.006,-0.23,-0.0023,-1.14,-0.011399999999999999,-0.33,-0.0033,0.45,0.0045000000000000005,-0.13,-0.0013,0.13,0.0013,0.14,0.0014000000000000002,0.28,0.0028000000000000004,-0.79,-0.0079,0.18,0.0018,-0.04,-0.0004,-0.34,-0.0034000000000000002,-0.71,-0.0070999999999999995,1.75,0.0175,-0.53,-0.0053,0.57,0.005699999999999999
2019-02-15,0.48,0.0048,0.63,0.0063,1.42,0.014199999999999999,1.77,0.0177,1.15,0.0115,0.61,0.0060999999999999995,1.6,0.016,1.74,0.0174,0.51,0.0051,1.92,0.0192,0.47,0.004699999999999999,0.98,0.0098,1.29,0.0129,-0.08,-0.0008,1.01,0.0101,0.68,0.0068000000000000005,1.94,0.0194,1.51,0.0151,1.9,0.019,1.09,0.0109
2019-02-19,-0.18,-0.0018,-0.55,-0.0055000000000000005,-0.4,-0.004,0.43,0.0043,0.82,0.008199999999999999,0.87,0.0087,0.78,0.0078000000000000005,0.11,0.0011,0.79,0.0079,0.28,0.0028000000000000004,0.11,0.0011,0.01,0.0001,0.2,0.002,0.59,0.0059,0.3,0.003,0.89,0.0089,0.18,0.0018,3.56,0.0356,0.3,0.003,-0.23,-0.0023
2019-02-20,0.65,0.006500000000000001,-0.14,-0.0014000000000000002,0.02,0.0002,2.01,0.020099999999999996,0.19,0.0019,2.98,0.0298,0.71,0.0070999999999999995,0.57,0.005699999999999999,0.28,0.0028000000000000004,0.48,0.0048,-0.42,-0.0042,0.58,0.0058,0.45,0.0045000000000000005,-0.17,-0.0017000000000000001,-0.29,-0.0029,-0.82,-0.008199999999999999,0.51,0.0051,2.55,0.0255,0.86,0.0086,0.76,0.0076
2019-02-21,0.66,0.0066,-0.41,-0.0040999999999999995,-0.79,-0.0079,-0.6,-0.006,0.39,0.0039000000000000003,0.22,0.0022,-1.55,-0.0155,-1.6,-0.016,0.61,0.0060999999999999995,0.43,0.0043,-0.02,-0.0002,-0.48,-0.0048,-0.51,-0.0051,-0.26,-0.0026,-0.16,-0.0016,-0.54,-0.0054,-0.55,-0.0055000000000000005,-0.83,-0.0083,-0.29,-0.0029,0.41,0.0040999999999999995
2019-02-22,-3.58,-0.0358,0.91,0.0091,1.12,0.011200000000000002,0.27,0.0027,0.92,0.0092,0.6,0.006,1.09,0.0109,0.45,0.0045000000000000005,0.57,0.005699999999999999,0.72,0.0072,1.24,0.0124,1.19,0.011899999999999999,0.51,0.0051,-0.26,-0.0026,0.5,0.005,0.51,0.0051,0.31,0.0031,0.9,0.009000000000000001,0.74,0.0074,0.64,0.0064
2019-02-25,-0.97,-0.0097,0.46,0.0046,0.52,0.0052,0.84,0.0084,-0.35,-0.0034999999999999996,0.28,0.0028000000000000004,0.35,0.0034999999999999996,-0.02,-0.0002,-0.56,-0.005600000000000001,-0.55,-0.0055000000000000005,0.26,0.0026,0.9,0.009000000000000001,0.23,0.0023,-0.05,-0.0005,-0.24,-0.0024,-0.22,-0.0022,0.1,0.001,0.04,0.0004,0.37,0.0037,-0.68,-0.0068000000000000005
2019-02-26,-0.29,-0.0029,0.2,0.002,-0.27,-0.0027,-0.68,-0.0068000000000000005,-0.49,-0.0049,-0.62,-0.0062,-0.06,-0.0006,-0.29,-0.0029,-0.46,-0.0046,-0.13,-0.0013,0.26,0.0026,-0.18,-0.0018,-0.61,-0.0060999999999999995,-0.1,-0.001,-0.75,-0.0075,0.04,0.0004,-0.27,-0.0027,-0.42,-0.0042,-0.86,-0.0086,0.0,0.0
2019-02-27,0.27,0.0027,0.55,0.0055000000000000005,0.37,0.0037,0.32,0.0032,-0.38,-0.0038,-0.12,-0.0012,0.76,0.0076,0.47,0.004699999999999999,0.16,0.0016,-0.3,-0.003,0.13,0.0013,0.14,0.0014000000000000002,-0.27,-0.0027,-0.37,-0.0037,-0.2,-0.002,0.07,0.0007000000000000001,-0.08,-0.0008,-0.94,-0.009399999999999999,0.23,0.0023,-0.45,-0.0045000000000000005
2019-02-28,1.21,0.0121,-0.6,-0.006,-0.01,-0.0001,-1.49,-0.0149,-1.1,-0.011000000000000001,-1.73,-0.0173,-0.24,-0.0024,-1.0,-0.01,0.22,0.0022,0.26,0.0026,-0.4,-0.004,-0.47,-0.004699999999999999,-0.98,-0.0098,-0.37,-0.0037,-0.32,-0.0032,0.0,0.0,-0.37,-0.0037,-1.58,-0.0158,-0.93,-0.009300000000000001,0.37,0.0037
2019-03-01,0.17,0.0017000000000000001,1.21,0.0121,1.47,0.0147,0.27,0.0027,0.61,0.0060999999999999995,0.43,0.0043,-1.22,-0.012199999999999999,1.69,0.0169,0.64,0.0064,0.33,0.0033,0.85,0.0085,0.77,0.0077,0.15,0.0015,-0.07,-0.0007000000000000001,0.01,0.0001,0.49,0.0049,0.7,0.006999999999999999,0.32,0.0032,0.38,0.0038,0.54,0.0054
2019-03-04,-0.11,-0.0011,-1.77,-0.0177,-0.78,-0.0078000000000000005,0.35,0.0034999999999999996,0.6,0.006,0.1,0.001,-0.83,-0.0083,0.28,0.0028000000000000004,0.27,0.0027,-1.01,-0.0101,-0.57,-0.005699999999999999,-0.24,-0.0024,0.08,0.0008,-0.67,-0.0067,-1.08,-0.0108,-0.1,-0.001,-0.95,-0.0095,0.65,0.006500000000000001,-0.46,-0.0046,-0.87,-0.0087
2019-03-05,-0.13,-0.0013,-0.2,-0.002,-0.18,-0.0018,-0.9,-0.009000000000000001,-1.2,-0.012,-0.66,-0.0066,-0.84,-0.0084,-0.35,-0.0034999999999999996,-0.23,-0.0023,-0.23,-0.0023,0.25,0.0025,-0.42,-0.0042,-0.43,-0.0043,-0.51,-0.0051,-0.89,-0.0089,0.1,0.001,-0.06,-0.0006,0.07,0.0007000000000000001,-1.07,-0.010700000000000001,0.47,0.004699999999999999
2019-03-06,-0.34,-0.0034000000000000002,-0.6,-0.006,-1.84,-0.0184,0.03,0.0003,-0.82,-0.008199999999999999,-2.55,-0.0255,-1.7,-0.017,-1.41,-0.0141,-0.12,-0.0012,-0.34,-0.0034000000000000002,-0.36,-0.0036,-0.91,-0.0091,-0.7,-0.006999999999999999,-0.59,-0.0059,-1.31,-0.0131,-0.73,-0.0073,-1.01,-0.0101,-1.24,-0.0124,-1.04,-0.0104,-0.18,-0.0018
2019-03-07,-0.41,-0.0040999999999999995,-0.06,-0.0006,-0.68,-0.0068000000000000005,-0.87,-0.0087,0.25,0.0025,-1.86,-0.018600000000000002,-0.76,-0.0076,-0.5,-0.005,0.28,0.0028000000000000004,0.1,0.001,-0.84,-0.0084,-0.99,-0.009899999999999999,-1.04,-0.0104,-0.98,-0.0098,-0.9,-0.009000000000000001,-1.78,-0.0178,-1.11,-0.0111,-0.68,-0.0068000000000000005,-0.58,-0.0058,-0.94,-0.009399999999999999
2019-03-08,-0.61,-0.0060999999999999995,-0.9,-0.009000000000000001,-0.42,-0.0042,-0.1,-0.001,-0.19,-0.0019,-2.17,-0.0217,0.23,0.0023,-2.11,-0.021099999999999997,0.28,0.0028000000000000004,-0.19,-0.0019,-0.02,-0.0002,-0.05,-0.0005,0.36,0.0036,-0.42,-0.0042,-0.13,-0.0013,-0.31,-0.0031,0.12,0.0012,-0.06,-0.0006,-0.35,-0.0034999999999999996,-0.69,-0.0069
2019-03-11,1.61,0.0161,1.23,0.0123,1.17,0.011699999999999999,1.75,0.0175,1.47,0.0147,2.14,0.021400000000000002,1.65,0.0165,1.6,0.016,0.81,0.008100000000000001,1.31,0.0131,1.88,0.018799999999999997,2.36,0.0236,2.04,0.0204,1.75,0.0175,1.31,0.0131,1.83,0.0183,1.09,0.0109,1.58,0.0158,1.47,0.0147,0.47,0.004699999999999999
2019-03-12,-0.48,-0.0048,-0.27,-0.0027,0.64,0.0064,-0.33,-0.0033,-0.26,-0.0026,0.85,0.0085,-0.68,-0.0068000000000000005,0.78,0.0078000000000000005,0.62,0.0062,0.51,0.0051,0.53,0.0053,0.44,0.0044,0.05,0.0005,-0.63,-0.0063,0.34,0.0034000000000000002,0.25,0.0025,0.22,0.0022,1.24,0.0124,0.04,0.0004,0.38,0.0038
2019-03-13,0.49,0.0049,0.47,0.004699999999999999,0.87,0.0087,0.36,0.0036,-0.43,-0.0043,0.33,0.0033,0.26,0.0026,1.2,0.012,0.17,0.0017000000000000001,-0.05,-0.0005,0.58,0.0058,0.79,0.0079,0.36,0.0036,1.21,0.0121,0.93,0.009300000000000001,0.75,0.0075,0.84,0.0084,-0.16,-0.0016,1.04,0.0104,0.26,0.0026
2019-03-14,-0.14,-0.0014000000000000002,0.28,0.0028000000000000004,-0.39,-0.0039000000000000003,-1.06,-0.0106,-0.57,-0.005699999999999999,-1.86,-0.018600000000000002,-1.09,-0.0109,0.04,0.0004,-0.14,-0.0014000000000000002,0.42,0.0042,-0.16,-0.0016,-0.02,-0.0002,-0.12,-0.0012,-0.35,-0.0034999999999999996,-0.41,-0.0040999999999999995,-0.54,-0.0054,0.48,0.0048,-1.69,-0.0169,-0.64,-0.0064,0.46,0.0046
2019-03-15,0.15,0.0015,-0.38,-0.0038,0.77,0.0077,0.25,0.0025,0.22,0.0022,0.02,0.0002,-0.83,-0.0083,-0.01,-0.0001,0.33,0.0033,0.89,0.0089,0.09,0.0009,1.46,0.0146,0.02,0.0002,-0.33,-0.0033,0.2,0.002,0.68,0.0068000000000000005,0.46,0.0046,0.88,0.0088,0.29,0.0029,0.8,0.008
2019-03-18,0.25,0.0025,1.32,0.0132,-0.28,-0.0028000000000000004,0.25,0.0025,0.84,0.0084,1.04,0.0104,0.18,0.0018,1.41,0.0141,-0.12,-0.0012,-0.52,-0.0052,0.19,0.0019,0.38,0.0038,0.48,0.0048,0.85,0.0085,0.72,0.0072,1.38,0.0138,0.89,0.0089,1.11,0.0111,0.5,0.005,0.23,0.0023
2019-03-19,-0.12,-0.0012,-0.06,-0.0006,0.57,0.005699999999999999,-0.43,-0.0043,-1.14,-0.011399999999999999,0.12,0.0012,0.0,0.0,-0.48,-0.0048,-1.01,-0.0101,-1.03,-0.0103,0.51,0.0051,0.19,0.0019,0.12,0.0012,-1.37,-0.0137,-0.12,-0.0012,0.65,0.006500000000000001,-0.66,-0.0066,0.9,0.009000000000000001,-0.82,-0.008199999999999999,0.0,0.0
2019-03-20,-0.34,-0.0034000000000000002,-1.38,-0.0138,-0.37,-0.0037,-0.33,-0.0033,-1.2,-0.012,-0.57,-0.005699999999999999,-1.3,-0.013000000000000001,1.02,0.0102,0.34,0.0034000000000000002,-0.1,-0.001,0.25,0.0025,-0.1,-0.001,-0.82,-0.008199999999999999,-1.15,-0.0115,-0.71,-0.0070999999999999995,0.51,0.0051,-2.09,-0.0209,0.61,0.0060999999999999995,-1.56,-0.015600000000000001,-0.11,-0.0011
2019-03-21,1.35,0.013500000000000002,1.42,0.014199999999999999,0.26,0.0026,1.46,0.0146,1.5,0.015,1.66,0.0166,1.04,0.0104,0.73,0.0073,1.14,0.011399999999999999,0.84,0.0084,1.67,0.0167,2.63,0.0263,1.1,0.011000000000000001,1.38,0.0138,1.4,0.013999999999999999,1.29,0.0129,-0.06,-0.0006,1.23,0.0123,1.11,0.0111,1.06,0.0106
2019-03-22,0.26,0.0026,-5.02,-0.050199999999999995,-2.04,-0.0204,-3.45,-0.0345,-2.29,-0.0229,-4.74,-0.047400000000000005,-3.05,-0.0305,-2.8,-0.027999999999999997,0.28,0.0028000000000000004,-0.23,-0.0023,-2.4,-0.024,-2.58,-0.0258,-2.04,-0.0204,-2.01,-0.020099999999999996,-2.7,-0.027000000000000003,-1.92,-0.0192,-2.84,-0.028399999999999998,-3.7,-0.037000000000000005,-4.33,-0.0433,-0.29,-0.0029
2019-03-25,0.64,0.0064,0.9,0.009000000000000001,0.09,0.0009,-0.54,-0.0054,1.22,0.012199999999999999,0.15,0.0015,0.09,0.0009,-0.1,-0.001,0.18,0.0018,-0.26,-0.0026,0.03,0.0003,-0.71,-0.0070999999999999995,-0.19,-0.0019,-0.23,-0.0023,-0.27,-0.0027,0.44,0.0044,-0.27,-0.0027,1.19,0.011899999999999999,0.08,0.0008,-0.05,-0.0005
2019-03-26,1.0,0.01,0.75,0.0075,1.09,0.0109,0.23,0.0023,0.27,0.0027,0.36,0.0036,1.32,0.0132,1.66,0.0166,0.58,0.0058,1.41,0.0141,0.49,0.0049,0.42,0.0042,1.51,0.0151,0.8,0.008,0.35,0.0034999999999999996,0.43,0.0043,1.01,0.0101,1.66,0.0166,0.92,0.0092,0.66,0.0066
2019-03-27,-0.29,-0.0029,0.49,0.0049,-0.93,-0.009300000000000001,-0.02,-0.0002,1.01,0.0101,0.86,0.0086,0.37,0.0037,-0.64,-0.0064,-0.61,-0.0060999999999999995,0.03,0.0003,-0.98,-0.0098,-0.42,-0.0042,0.06,0.0006,0.73,0.0073,-0.12,-0.0012,-0.38,-0.0038,-0.38,-0.0038,-0.17,-0.0017000000000000001,-0.51,-0.0051,-0.09,-0.0009
2019-03-28,0.34,0.0034000000000000002,2.83,0.028300000000000002,0.46,0.0046,1.02,0.0102,0.26,0.0026,0.85,0.0085,0.8,0.008,0.35,0.0034999999999999996,-0.96,-0.0096,-1.19,-0.011899999999999999,0.34,0.0034000000000000002,0.32,0.0032,0.64,0.0064,1.15,0.0115,0.87,0.0087,0.33,0.0033,0.8,0.008,0.25,0.0025,1.2,0.012,1.23,0.0123
2019-03-29,0.54,0.0054,-0.28,-0.0028000000000000004,1.11,0.0111,0.65,0.006500000000000001,0.32,0.0032,0.98,0.0098,0.26,0.0026,-0.18,-0.0018,0.57,0.005699999999999999,0.02,0.0002,0.83,0.0083,1.07,0.010700000000000001,-0.1,-0.001,1.13,0.0113,1.07,0.010700000000000001,0.55,0.0055000000000000005,0.4,0.004,1.41,0.0141,0.53,0.0053,0.43,0.0043
2019-04-01,-0.71,-0.0070999999999999995,1.14,0.011399999999999999,0.04,0.0004,1.62,0.016200000000000003,1.54,0.0154,2.41,0.0241,2.47,0.024700000000000003,1.35,0.013500000000000002,-0.51,-0.0051,1.03,0.0103,1.35,0.013500000000000002,1.49,0.0149,1.62,0.016200000000000003,2.2,0.022000000000000002,1.58,0.0158,1.09,0.0109,2.05,0.020499999999999997,1.07,0.010700000000000001,2.49,0.024900000000000002,-0.15,-0.0015
2019-04-02,-0.37,-0.0037,-0.74,-0.0074,0.23,0.0023,0.37,0.0037,-0.27,-0.0027,-0.72,-0.0072,-0.37,-0.0037,-0.8,-0.008,-0.05,-0.0005,-0.53,-0.0053,0.38,0.0038,0.48,0.0048,-0.38,-0.0038,0.04,0.0004,-0.99,-0.009899999999999999,-0.75,-0.0075,-0.04,-0.0004,-0.03,-0.0003,0.24,0.0024,0.06,0.0006
2019-04-03,-0.54,-0.0054,0.4,0.004,-0.06,-0.0006,1.33,0.013300000000000001,0.71,0.0070999999999999995,1.15,0.0115,1.49,0.0149,-1.04,-0.0104,-0.23,-0.0023,0.53,0.0053,0.42,0.0042,0.92,0.0092,0.49,0.0049,0.33,0.0033,0.42,0.0042,0.67,0.0067,0.39,0.0039000000000000003,0.16,0.0016,1.33,0.013300000000000001,0.45,0.0045000000000000005
2019-04-04,0.47,0.004699999999999999,1.45,0.014499999999999999,-0.56,-0.005600000000000001,0.99,0.009899999999999999,1.55,0.0155,0.78,0.0078000000000000005,-0.53,-0.0053,1.03,0.0103,-0.25,-0.0025,0.71,0.0070999999999999995,-0.5,-0.005,-0.06,-0.0006,0.41,0.0040999999999999995,0.2,0.002,0.77,0.0077,0.64,0.0064,0.58,0.0058,1.46,0.0146,0.84,0.0084,0.39,0.0039000000000000003
2019-04-05,0.44,0.0044,-0.16,-0.0016,0.77,0.0077,0.53,0.0053,1.3,0.013000000000000001,0.98,0.0098,0.63,0.0063,1.86,0.018600000000000002,1.04,0.0104,0.56,0.005600000000000001,0.21,0.0021,0.61,0.0060999999999999995,0.22,0.0022,0.27,0.0027,1.02,0.0102,0.75,0.0075,0.22,0.0022,0.01,0.0001,0.75,0.0075,0.7,0.006999999999999999
2019-04-08,0.38,0.0038,-0.43,-0.0043,-0.2,-0.002,0.05,0.0005,0.07,0.0007000000000000001,-0.32,-0.0032,0.45,0.0045000000000000005,0.46,0.0046,-0.66,-0.0066,0.32,0.0032,-0.02,-0.0002,0.7,0.006999999999999999,-0.11,-0.0011,0.14,0.0014000000000000002,0.06,0.0006,0.45,0.0045000000000000005,0.1,0.001,1.27,0.0127,0.58,0.0058,-0.1,-0.001
2019-04-09,-0.04,-0.0004,-0.98,-0.0098,-0.69,-0.0069,-0.57,-0.005699999999999999,-1.59,-0.0159,-2.78,-0.0278,-0.93,-0.009300000000000001,-1.39,-0.0139,0.02,0.0002,0.22,0.0022,-0.16,-0.0016,-0.63,-0.0063,-1.04,-0.0104,-0.97,-0.0097,-1.3,-0.013000000000000001,-0.89,-0.0089,-0.86,-0.0086,-1.54,-0.0154,-1.7,-0.017,-0.46,-0.0046
2019-04-10,0.47,0.004699999999999999,0.65,0.006500000000000001,0.52,0.0052,0.49,0.0049,0.97,0.0097,0.33,0.0033,1.25,0.0125,0.57,0.005699999999999999,-0.27,-0.0027,0.58,0.0058,0.65,0.006500000000000001,0.78,0.0078000000000000005,0.41,0.0040999999999999995,0.51,0.0051,0.23,0.0023,0.59,0.0059,0.43,0.0043,0.31,0.0031,0.59,0.0059,0.21,0.0021
2019-04-11,0.06,0.0006,0.06,0.0006,-1.06,-0.0106,0.19,0.0019,0.93,0.009300000000000001,-1.19,-0.011899999999999999,0.01,0.0001,-0.06,-0.0006,0.5,0.005,0.19,0.0019,0.13,0.0013,-0.1,-0.001,0.58,0.0058,0.64,0.0064,0.75,0.0075,-0.04,-0.0004,-0.07,-0.0007000000000000001,-0.75,-0.0075,0.32,0.0032,0.23,0.0023
2019-04-12,-0.1,-0.001,1.27,0.0127,-0.54,-0.0054,1.06,0.0106,0.65,0.006500000000000001,0.26,0.0026,1.04,0.0104,0.49,0.0049,0.68,0.0068000000000000005,1.94,0.0194,0.61,0.0060999999999999995,0.76,0.0076,1.18,0.0118,1.1,0.011000000000000001,0.81,0.008100000000000001,0.23,0.0023,1.09,0.0109,1.55,0.0155,0.73,0.0073,0.98,0.0098
2019-04-15,0.63,0.0063,0.46,0.0046,-0.01,-0.0001,-0.41,-0.0040999999999999995,0.06,0.0006,-0.56,-0.005600000000000001,-0.6,-0.006,-0.74,-0.0074,-0.02,-0.0002,0.2,0.002,0.09,0.0009,-0.22,-0.0022,-0.61,-0.0060999999999999995,-0.95,-0.0095,0.27,0.0027,0.54,0.0054,-0.31,-0.0031,-0.28,-0.0028000000000000004,0.28,0.0028000000000000004,-0.21,-0.0021
2019-04-16,-0.19,-0.0019,0.86,0.0086,-1.48,-0.0148,1.01,0.0101,0.61,0.0060999999999999995,0.72,0.0072,1.07,0.010700000000000001,0.63,0.0063,-1.19,-0.011899999999999999,0.14,0.0014000000000000002,-0.24,-0.0024,0.83,0.0083,-0.49,-0.0049,0.23,0.0023,0.14,0.0014000000000000002,0.48,0.0048,0.66,0.0066,0.75,0.0075,0.67,0.0067,-0.11,-0.0011
2019-04-17,0.33,0.0033,0.96,0.0096,-3.28,-0.032799999999999996,-0.29,-0.0029,0.05,0.0005,0.07,0.0007000000000000001,0.53,0.0053,-0.05,-0.0005,-0.37,-0.0037,-0.25,-0.0025,-0.26,-0.0026,0.63,0.0063,-0.34,-0.0034000000000000002,1.19,0.011899999999999999,-0.83,-0.0083,0.16,0.0016,0.01,0.0001,-0.05,-0.0005,0.15,0.0015,-0.32,-0.0032
2019-04-18,0.23,0.0023,0.35,0.0034999999999999996,-0.28,-0.0028000000000000004,0.17,0.0017000000000000001,1.09,0.0109,-1.44,-0.0144,0.62,0.0062,-0.35,-0.0034999999999999996,-0.11,-0.0011,0.23,0.0023,0.27,0.0027,0.23,0.0023,0.5,0.005,0.83,0.0083,0.2,0.002,-0.26,-0.0026,-0.07,-0.0007000000000000001,-1.27,-0.0127,0.94,0.009399999999999999,1.05,0.0105
2019-04-22,-0.12,-0.0012,-1.67,-0.0167,-0.06,-0.0006,-1.08,-0.0108,-0.46,-0.0046,-0.97,-0.0097,-1.62,-0.016200000000000003,2.26,0.0226,0.2,0.002,-0.22,-0.0022,0.67,0.0067,0.11,0.0011,0.64,0.0064,-0.15,-0.0015,-1.2,-0.012,-0.08,-0.0008,-0.1,-0.001,-1.23,-0.0123,-0.94,-0.009399999999999999,-0.26,-0.0026
2019-04-23,0.76,0.0076,0.66,0.0066,1.86,0.018600000000000002,0.58,0.0058,1.05,0.0105,1.39,0.0139,0.53,0.0053,-0.01,-0.0001,0.39,0.0039000000000000003,-0.16,-0.0016,1.47,0.0147,1.08,0.0108,0.32,0.0032,0.24,0.0024,1.65,0.0165,1.27,0.0127,0.84,0.0084,-0.25,-0.0025,0.6,0.006,0.53,0.0053
2019-04-24,-0.05,-0.0005,1.1,0.011000000000000001,-0.25,-0.0025,-0.46,-0.0046,0.19,0.0019,-0.85,-0.0085,-0.14,-0.0014000000000000002,-1.99,-0.0199,0.55,0.0055000000000000005,-0.87,-0.0087,-0.4,-0.004,0.04,0.0004,-0.52,-0.0052,0.65,0.006500000000000001,0.28,0.0028000000000000004,0.04,0.0004,-0.08,-0.0008,-0.31,-0.0031,0.16,0.0016,0.74,0.0074
2019-04-25,-0.44,-0.0044,-0.92,-0.0092,1.01,0.0101,-1.48,-0.0148,-2.08,-0.0208,-1.99,-0.0199,-3.06,-0.030600000000000002,-0.32,-0.0032,0.22,0.0022,-0.03,-0.0003,1.4,0.013999999999999999,-1.19,-0.011899999999999999,-5.82,-0.0582,-2.46,-0.0246,-0.93,-0.009300000000000001,-0.29,-0.0029,0.09,0.0009,-3.65,-0.0365,-3.61,-0.0361,0.11,0.0011
2019-04-26,1.03,0.0103,0.72,0.0072,0.78,0.0078000000000000005,1.19,0.011899999999999999,0.4,0.004,-0.37,-0.0037,1.82,0.0182,-1.46,-0.0146,0.29,0.0029,1.1,0.011000000000000001,0.59,0.0059,-0.92,-0.0092,0.91,0.0091,0.34,0.0034000000000000002,0.6,0.006,0.48,0.0048,1.14,0.011399999999999999,1.59,0.0159,1.0,0.01,0.31,0.0031
2019-04-29,0.29,0.0029,0.12,0.0012,-0.31,-0.0031,-0.18,-0.0018,0.35,0.0034999999999999996,1.01,0.0101,0.38,0.0038,-0.24,-0.0024,-0.51,-0.0051,0.41,0.0040999999999999995,0.49,0.0049,-0.05,-0.0005,-0.31,-0.0031,0.01,0.0001,0.05,0.0005,-0.29,-0.0029,0.82,0.008199999999999999,-0.59,-0.0059,0.74,0.0074,-0.34,-0.0034000000000000002
2019-04-30,1.0,0.01,-0.35,-0.0034999999999999996,0.45,0.0045000000000000005,0.3,0.003,-0.11,-0.0011,-0.43,-0.0043,-0.74,-0.0074,0.02,0.0002,1.31,0.0131,-0.21,-0.0021,-1.05,-0.0105,-0.26,-0.0026,0.46,0.0046,0.54,0.0054,0.35,0.0034999999999999996,0.06,0.0006,0.07,0.0007000000000000001,0.44,0.0044,0.19,0.0019,0.11,0.0011
2019-05-01,-0.75,-0.0075,-1.63,-0.0163,-0.45,-0.0045000000000000005,-2.11,-0.021099999999999997,-0.22,-0.0022,-1.94,-0.0194,-1.29,-0.0129,-2.25,-0.0225,-1.08,-0.0108,-0.43,-0.0043,-1.45,-0.014499999999999999,0.97,0.0097,-1.72,-0.0172,-1.29,-0.0129,-1.21,-0.0121,-1.14,-0.011399999999999999,-0.95,-0.0095,-3.24,-0.032400000000000005,-1.52,-0.0152,-0.31,-0.0031
2019-05-02,-0.62,-0.0062,0.25,0.0025,0.53,0.0053,-1.86,-0.018600000000000002,-0.25,-0.0025,0.35,0.0034999999999999996,0.37,0.0037,-1.86,-0.018600000000000002,-0.44,-0.0044,-0.76,-0.0076,-0.54,-0.0054,0.01,0.0001,0.24,0.0024,0.53,0.0053,0.75,0.0075,0.1,0.001,0.17,0.0017000000000000001,0.45,0.0045000000000000005,0.58,0.0058,0.07,0.0007000000000000001
2019-05-03,0.8,0.008,0.82,0.008199999999999999,1.08,0.0108,1.31,0.0131,1.35,0.013500000000000002,4.08,0.0408,1.74,0.0174,1.0,0.01,0.78,0.0078000000000000005,0.96,0.0096,1.44,0.0144,0.99,0.009899999999999999,1.16,0.0116,1.35,0.013500000000000002,1.28,0.0128,1.43,0.0143,0.81,0.008100000000000001,1.82,0.0182,2.27,0.0227,1.23,0.0123
2019-05-06,0.04,0.0004,-1.8,-0.018000000000000002,0.39,0.0039000000000000003,-1.95,-0.0195,-0.44,-0.0044,-1.39,-0.0139,-1.09,-0.0109,0.08,0.0008,-0.56,-0.005600000000000001,-0.11,-0.0011,-0.18,-0.0018,-1.1,-0.011000000000000001,-0.74,-0.0074,-0.79,-0.0079,-0.16,-0.0016,-0.37,-0.0037,0.02,0.0002,-1.51,-0.0151,-0.81,-0.008100000000000001,0.08,0.0008
2019-05-07,-0.87,-0.0087,-1.61,-0.0161,-2.1,-0.021,-2.58,-0.0258,-1.48,-0.0148,-1.84,-0.0184,-1.14,-0.011399999999999999,-0.74,-0.0074,-0.23,-0.0023,-0.81,-0.008100000000000001,-1.94,-0.0194,-2.26,-0.0226,-1.54,-0.0154,-1.96,-0.0196,-0.88,-0.0088,-1.73,-0.0173,-1.6,-0.016,0.07,0.0007000000000000001,-1.81,-0.0181,-0.87,-0.0087
2019-05-08,-0.06,-0.0006,0.15,0.0015,-0.02,-0.0002,-0.34,-0.0034000000000000002,-0.87,-0.0087,-0.55,-0.0055000000000000005,-0.57,-0.005699999999999999,0.06,0.0006,-1.29,-0.0129,-0.22,-0.0022,-0.1,-0.001,-0.39,-0.0039000000000000003,-0.25,-0.0025,-0.27,-0.0027,0.35,0.0034999999999999996,-0.04,-0.0004,-0.24,-0.0024,-1.19,-0.011899999999999999,-0.64,-0.0064,0.19,0.0019
2019-05-09,0.02,0.0002,0.18,0.0018,-0.13,-0.0013,-1.19,-0.011899999999999999,0.31,0.0031,0.94,0.009399999999999999,-1.4,-0.013999999999999999,0.07,0.0007000000000000001,-0.08,-0.0008,0.28,0.0028000000000000004,-0.24,-0.0024,-1.01,-0.0101,-0.85,-0.0085,-0.16,-0.0016,0.25,0.0025,-0.42,-0.0042,-0.09,-0.0009,-1.01,-0.0101,-0.67,-0.0067,0.06,0.0006
2019-05-10,1.07,0.010700000000000001,-0.06,-0.0006,-0.23,-0.0023,0.68,0.0068000000000000005,0.33,0.0033,0.27,0.0027,0.29,0.0029,0.47,0.004699999999999999,1.65,0.0165,0.71,0.0070999999999999995,0.58,0.0058,-0.29,-0.0029,0.68,0.0068000000000000005,0.04,0.0004,-0.37,-0.0037,-0.03,-0.0003,0.56,0.005600000000000001,0.33,0.0033,-0.42,-0.0042,0.33,0.0033
2019-05-13,-0.94,-0.009399999999999999,-3.1,-0.031,-1.91,-0.0191,-3.18,-0.0318,-2.52,-0.0252,-4.09,-0.0409,-3.51,-0.0351,-1.75,-0.0175,0.82,0.008199999999999999,-1.68,-0.0168,-3.16,-0.0316,-4.34,-0.0434,-1.21,-0.0121,-2.69,-0.0269,-2.86,-0.0286,-3.08,-0.0308,-2.82,-0.0282,-1.93,-0.019299999999999998,-3.5,-0.035,-1.66,-0.0166
2019-05-14,0.73,0.0073,1.15,0.0115,0.67,0.0067,1.02,0.0102,1.4,0.013999999999999999,1.21,0.0121,1.47,0.0147,1.29,0.0129,-0.53,-0.0053,1.01,0.0101,1.03,0.0103,1.56,0.015600000000000001,0.45,0.0045000000000000005,1.38,0.0138,0.74,0.0074,0.72,0.0072,0.99,0.009899999999999999,0.99,0.009899999999999999,1.0,0.01,0.55,0.0055000000000000005
2019-05-15,0.66,0.0066,0.32,0.0032,0.6,0.006,-0.6,-0.006,0.44,0.0044,-0.05,-0.0005,0.42,0.0042,0.47,0.004699999999999999,0.0,0.0,0.41,0.0040999999999999995,1.71,0.0171,0.57,0.005699999999999999,-0.13,-0.0013,0.09,0.0009,0.3,0.003,0.7,0.006999999999999999,-0.23,-0.0023,0.15,0.0015,0.3,0.003,0.74,0.0074
2019-05-16,0.76,0.0076,0.76,0.0076,0.93,0.009300000000000001,1.35,0.013500000000000002,0.73,0.0073,0.0,0.0,-0.36,-0.0036,0.55,0.0055000000000000005,0.61,0.0060999999999999995,1.0,0.01,1.55,0.0155,0.25,0.0025,-0.38,-0.0038,0.98,0.0098,0.55,0.0055000000000000005,1.14,0.011399999999999999,1.07,0.010700000000000001,-0.01,-0.0001,0.87,0.0087,0.52,0.0052
2019-05-17,-0.51,-0.0051,-0.2,-0.002,-0.51,-0.0051,-0.37,-0.0037,-1.48,-0.0148,-2.37,-0.023700000000000002,-2.37,-0.023700000000000002,-1.18,-0.0118,0.29,0.0029,0.51,0.0051,-0.98,-0.0098,-1.16,-0.0116,-0.95,-0.0095,-0.89,-0.0089,-0.52,-0.0052,-0.81,-0.008100000000000001,-0.4,-0.004,-0.78,-0.0078000000000000005,-1.74,-0.0174,-0.14,-0.0014000000000000002
2019-05-20,-0.62,-0.0062,-0.99,-0.009899999999999999,-0.37,-0.0037,-1.41,-0.0141,-1.25,-0.0125,-1.7,-0.017,-0.68,-0.0068000000000000005,-0.04,-0.0004,0.1,0.001,0.36,0.0036,-1.3,-0.013000000000000001,-2.25,-0.0225,-1.52,-0.0152,-0.35,-0.0034999999999999996,0.29,0.0029,-0.21,-0.0021,0.24,0.0024,-0.75,-0.0075,-0.66,-0.0066,-0.92,-0.0092
2019-05-21,-0.27,-0.0027,1.43,0.0143,0.92,0.0092,1.91,0.0191,1.86,0.018600000000000002,2.25,0.0225,0.71,0.0070999999999999995,1.18,0.0118,0.27,0.0027,0.63,0.0063,1.01,0.0101,1.66,0.0166,0.96,0.0096,0.58,0.0058,1.18,0.0118,0.31,0.0031,0.96,0.0096,1.07,0.010700000000000001,1.6,0.016,0.8,0.008
2019-05-22,0.73,0.0073,-0.66,-0.0066,0.5,0.005,-0.67,-0.0067,-1.08,-0.0108,-2.09,-0.0209,-3.28,-0.032799999999999996,-1.79,-0.0179,0.53,0.0053,-0.62,-0.0062,0.25,0.0025,-1.36,-0.013600000000000001,-0.04,-0.0004,-1.38,-0.0138,-0.83,-0.0083,-0.6,-0.006,-0.48,-0.0048,-2.36,-0.0236,-0.59,-0.0059,-0.41,-0.0040999999999999995
2019-05-23,-0.17,-0.0017000000000000001,-1.43,-0.0143,-0.57,-0.005699999999999999,-1.9,-0.019,-1.69,-0.0169,-3.39,-0.0339,-0.95,-0.0095,-3.54,-0.0354,0.29,0.0029,-0.78,-0.0078000000000000005,-1.7,-0.017,-1.61,-0.0161,-1.06,-0.0106,-1.35,-0.013500000000000002,-1.25,-0.0125,-1.31,-0.0131,-1.66,-0.0166,-0.99,-0.009899999999999999,-2.42,-0.0242,-1.37,-0.0137
2019-05-24,-0.28,-0.0028000000000000004,-0.08,-0.0008,0.21,0.0021,0.3,0.003,1.13,0.0113,-0.07,-0.0007000000000000001,-0.06,-0.0006,0.2,0.002,-0.09,-0.0009,0.41,0.0040999999999999995,0.18,0.0018,-0.14,-0.0014000000000000002,0.24,0.0024,-0.36,-0.0036,0.29,0.0029,0.4,0.004,0.91,0.0091,0.67,0.0067,0.18,0.0018,-0.33,-0.0033
2019-05-28,-1.99,-0.0199,-1.01,-0.0101,-1.16,-0.0116,-0.59,-0.0059,-1.42,-0.014199999999999999,-0.65,-0.006500000000000001,-0.38,-0.0038,-1.05,-0.0105,-1.59,-0.0159,-0.65,-0.006500000000000001,0.15,0.0015,-0.87,-0.0087,-1.06,-0.0106,-1.12,-0.011200000000000002,-0.52,-0.0052,-0.29,-0.0029,-1.03,-0.0103,-0.43,-0.0043,-1.16,-0.0116,-0.66,-0.0066
2019-05-29,-1.24,-0.0124,-2.41,-0.0241,-1.22,-0.012199999999999999,0.12,0.0012,-0.66,-0.0066,-0.78,-0.0078000000000000005,-0.23,-0.0023,-0.5,-0.005,-1.25,-0.0125,-0.65,-0.006500000000000001,-1.11,-0.0111,-0.35,-0.0034999999999999996,-0.98,-0.0098,-0.57,-0.005699999999999999,-1.08,-0.0108,-0.97,-0.0097,-0.03,-0.0003,0.22,0.0022,-0.74,-0.0074,-0.43,-0.0043
2019-05-30,0.49,0.0049,-0.17,-0.0017000000000000001,0.5,0.005,0.07,0.0007000000000000001,0.28,0.0028000000000000004,-2.3,-0.023,-0.03,-0.0003,-1.41,-0.0141,-0.13,-0.0013,-0.18,-0.0018,0.5,0.005,0.65,0.006500000000000001,-0.1,-0.001,0.42,0.0042,0.01,0.0001,0.39,0.0039000000000000003,-0.52,-0.0052,0.0,0.0,0.76,0.0076,1.33,0.013300000000000001
2019-05-31,-0.22,-0.0022,-1.26,-0.0126,-1.03,-0.0103,-1.63,-0.0163,-1.74,-0.0174,-2.24,-0.022400000000000003,-3.03,-0.030299999999999997,-1.74,-0.0174,0.43,0.0043,-2.35,-0.0235,-1.48,-0.0148,-1.62,-0.016200000000000003,-0.72,-0.0072,-1.84,-0.0184,-2.28,-0.022799999999999997,-1.33,-0.013300000000000001,-1.32,-0.0132,-0.27,-0.0027,-3.1,-0.031,-0.16,-0.0016
2019-06-03,1.72,0.0172,0.97,0.0097,0.61,0.0060999999999999995,-3.09,-0.030899999999999997,1.58,0.0158,3.08,0.0308,0.84,0.0084,1.32,0.0132,1.16,0.0116,1.06,0.0106,-3.51,-0.0351,-0.36,-0.0036,1.1,0.011000000000000001,0.23,0.0023,1.04,0.0104,-1.53,-0.015300000000000001,0.1,0.001,2.42,0.0242,1.48,0.0148,0.07,0.0007000000000000001
2019-06-04,0.6,0.006,3.59,0.0359,1.79,0.0179,1.95,0.0195,3.09,0.030899999999999997,2.57,0.025699999999999997,4.69,0.046900000000000004,1.88,0.018799999999999997,0.31,0.0031,1.27,0.0127,2.72,0.027200000000000002,3.3,0.033,2.58,0.0258,3.26,0.0326,2.39,0.0239,2.04,0.0204,2.82,0.0282,2.9,0.028999999999999998,3.52,0.0352,2.0,0.02
2019-06-05,1.4,0.013999999999999999,1.14,0.011399999999999999,0.53,0.0053,0.66,0.0066,0.5,0.005,-0.41,-0.0040999999999999995,0.28,0.0028000000000000004,-1.41,-0.0141,1.84,0.0184,0.37,0.0037,1.08,0.0108,0.95,0.0095,0.49,0.0049,0.99,0.009899999999999999,0.31,0.0031,0.48,0.0048,0.57,0.005699999999999999,-0.24,-0.0024,0.34,0.0034000000000000002,0.55,0.0055000000000000005
2019-06-06,0.79,0.0079,-0.63,-0.0063,0.2,0.002,0.42,0.0042,0.04,0.0004,-0.3,-0.003,0.46,0.0046,1.74,0.0174,0.61,0.0060999999999999995,0.59,0.0059,0.67,0.0067,1.01,0.0101,0.81,0.008100000000000001,-0.73,-0.0073,-0.1,-0.001,0.54,0.0054,0.31,0.0031,1.23,0.0123,-0.19,-0.0019,1.3,0.013000000000000001
2019-06-07,0.63,0.0063,1.17,0.011699999999999999,1.2,0.012,0.79,0.0079,1.0,0.01,0.66,0.0066,0.64,0.0064,0.41,0.0040999999999999995,-0.55,-0.0055000000000000005,0.62,0.0062,1.89,0.0189,1.68,0.0168,0.91,0.0091,0.74,0.0074,1.19,0.011899999999999999,1.63,0.0163,0.23,0.0023,0.95,0.0095,0.71,0.0070999999999999995,1.32,0.0132
2019-06-10,-0.02,-0.0002,-0.1,-0.001,0.08,0.0008,0.16,0.0016,0.25,0.0025,0.47,0.004699999999999999,1.66,0.0166,0.37,0.0037,-0.68,-0.0068000000000000005,-0.91,-0.0091,0.83,0.0083,1.31,0.0131,0.21,0.0021,0.62,0.0062,0.89,0.0089,1.64,0.016399999999999998,0.8,0.008,0.43,0.0043,1.12,0.011200000000000002,-0.82,-0.008199999999999999
2019-06-11,0.1,0.001,0.34,0.0034000000000000002,-0.26,-0.0026,0.31,0.0031,-0.75,-0.0075,1.1,0.011000000000000001,0.47,0.004699999999999999,-0.04,-0.0004,-0.64,-0.0064,-0.18,-0.0018,-0.34,-0.0034000000000000002,0.31,0.0031,0.23,0.0023,-0.3,-0.003,0.0,0.0,0.23,0.0023,-0.05,-0.0005,-0.55,-0.0055000000000000005,-0.08,-0.0008,0.6,0.006
2019-06-12,0.36,0.0036,-0.62,-0.0062,0.86,0.0086,0.12,0.0012,-0.3,-0.003,-1.16,-0.0116,-1.23,-0.0123,-1.54,-0.0154,0.83,0.0083,0.39,0.0039000000000000003,-0.2,-0.002,-0.82,-0.008199999999999999,0.19,0.0019,0.43,0.0043,0.02,0.0002,-0.01,-0.0001,-0.7,-0.006999999999999999,-0.23,-0.0023,-0.22,-0.0022,0.31,0.0031
2019-06-13,-0.18,-0.0018,1.54,0.0154,-0.16,-0.0016,1.12,0.011200000000000002,1.43,0.0143,1.97,0.0197,1.23,0.0123,1.34,0.0134,0.23,0.0023,1.15,0.0115,0.67,0.0067,0.41,0.0040999999999999995,0.02,0.0002,0.51,0.0051,0.78,0.0078000000000000005,0.92,0.0092,0.16,0.0016,1.55,0.0155,1.35,0.013500000000000002,0.15,0.0015
2019-06-14,0.17,0.0017000000000000001,0.18,0.0018,-0.42,-0.0042,-0.67,-0.0067,-0.11,-0.0011,-1.39,-0.0139,-0.56,-0.005600000000000001,-0.8,-0.008,0.72,0.0072,0.49,0.0049,-0.2,-0.002,-1.38,-0.0138,-0.85,-0.0085,-0.46,-0.0046,-1.37,-0.0137,0.24,0.0024,0.16,0.0016,-0.42,-0.0042,-1.91,-0.0191,0.55,0.0055000000000000005
2019-06-17,-0.82,-0.008199999999999999,-0.58,-0.0058,0.97,0.0097,-0.56,-0.005600000000000001,-0.75,-0.0075,-0.41,-0.0040999999999999995,0.86,0.0086,1.03,0.0103,-0.28,-0.0028000000000000004,-0.04,-0.0004,0.69,0.0069,0.29,0.0029,-0.39,-0.0039000000000000003,-0.98,-0.0098,-0.19,-0.0019,0.46,0.0046,-0.66,-0.0066,0.87,0.0087,-0.51,-0.0051,-0.73,-0.0073
2019-06-18,-0.39,-0.0039000000000000003,1.9,0.019,0.96,0.0096,0.54,0.0054,1.0,0.01,4.04,0.0404,1.34,0.0134,1.47,0.0147,-0.09,-0.0009,0.36,0.0036,0.92,0.0092,2.44,0.024399999999999998,1.51,0.0151,0.95,0.0095,0.59,0.0059,0.52,0.0052,1.03,0.0103,1.38,0.0138,1.85,0.018500000000000003,0.29,0.0029
2019-06-19,0.81,0.008100000000000001,-0.54,-0.0054,0.73,0.0073,-0.52,-0.0052,-0.55,-0.0055000000000000005,1.71,0.0171,0.13,0.0013,-0.22,-0.0022,0.8,0.008,0.58,0.0058,0.67,0.0067,0.13,0.0013,-0.13,-0.0013,0.09,0.0009,0.39,0.0039000000000000003,0.23,0.0023,-0.05,-0.0005,0.09,0.0009,-0.02,-0.0002,0.31,0.0031
2019-06-20,0.78,0.0078000000000000005,0.96,0.0096,0.48,0.0048,1.24,0.0124,1.7,0.017,-0.13,-0.0013,0.41,0.0040999999999999995,2.25,0.0225,0.8,0.008,0.36,0.0036,1.29,0.0129,1.02,0.0102,1.08,0.0108,0.83,0.0083,0.45,0.0045000000000000005,0.59,0.0059,0.59,0.0059,2.01,0.020099999999999996,1.91,0.0191,0.69,0.0069
2019-06-21,-0.18,-0.0018,0.18,0.0018,0.21,0.0021,-0.28,-0.0028000000000000004,-1.46,-0.0146,-0.03,-0.0003,-0.3,-0.003,0.62,0.0062,0.47,0.004699999999999999,-0.69,-0.0069,-0.22,-0.0022,-0.41,-0.0040999999999999995,-0.4,-0.004,-0.36,-0.0036,-0.74,-0.0074,-0.23,-0.0023,-0.04,-0.0004,0.16,0.0016,-0.48,-0.0048,-0.56,-0.005600000000000001
2019-06-24,0.07,0.0007000000000000001,-1.0,-0.01,-0.6,-0.006,-0.05,-0.0005,-0.25,-0.0025,-0.94,-0.009399999999999999,-0.09,-0.0009,-0.93,-0.009300000000000001,-0.31,-0.0031,-0.03,-0.0003,-0.14,-0.0014000000000000002,0.02,0.0002,-0.28,-0.0028000000000000004,-1.36,-0.013600000000000001,-0.5,-0.005,-0.49,-0.0049,-0.56,-0.005600000000000001,0.39,0.0039000000000000003,-0.25,-0.0025,-0.21,-0.0021
2019-06-25,-0.27,-0.0027,-2.09,-0.0209,-0.72,-0.0072,-0.09,-0.0009,-1.26,-0.0126,0.91,0.0091,-0.21,-0.0021,-0.76,-0.0076,-0.72,-0.0072,-0.65,-0.006500000000000001,-2.16,-0.0216,-1.19,-0.011899999999999999,-0.22,-0.0022,-1.08,-0.0108,0.23,0.0023,-1.01,-0.0101,-0.71,-0.0070999999999999995,-0.78,-0.0078000000000000005,-0.66,-0.0066,0.09,0.0009
2019-06-26,-1.27,-0.0127,0.58,0.0058,-1.29,-0.0129,-0.26,-0.0026,0.2,0.002,1.83,0.0183,0.65,0.006500000000000001,1.75,0.0175,-1.78,-0.0178,-0.89,-0.0089,-0.12,-0.0012,1.66,0.0166,-0.67,-0.0067,0.63,0.0063,-0.17,-0.0017000000000000001,0.38,0.0038,-0.24,-0.0024,0.67,0.0067,0.44,0.0044,-0.35,-0.0034999999999999996
2019-06-27,0.02,0.0002,1.13,0.0113,0.78,0.0078000000000000005,0.44,0.0044,1.74,0.0174,0.49,0.0049,1.34,0.0134,-0.85,-0.0085,0.17,0.0017000000000000001,0.49,0.0049,0.6,0.006,0.37,0.0037,0.8,0.008,1.06,0.0106,1.12,0.011200000000000002,0.41,0.0040999999999999995,0.96,0.0096,0.39,0.0039000000000000003,0.73,0.0073,0.93,0.009300000000000001
2019-06-28,0.26,0.0026,0.7,0.006999999999999999,0.71,0.0070999999999999995,1.26,0.0126,1.3,0.013000000000000001,1.05,0.0105,0.61,0.0060999999999999995,1.06,0.0106,0.75,0.0075,0.71,0.0070999999999999995,0.59,0.0059,0.03,0.0003,1.16,0.0116,1.53,0.015300000000000001,0.95,0.0095,-0.01,-0.0001,1.36,0.013600000000000001,0.81,0.008100000000000001,1.15,0.0115,0.67,0.0067
2019-07-01,0.86,0.0086,0.86,0.0086,0.58,0.0058,0.86,0.0086,0.19,0.0019,0.27,0.0027,0.17,0.0017000000000000001,0.2,0.002,-0.19,-0.0019,0.39,0.0039000000000000003,1.16,0.0116,1.4,0.013999999999999999,0.97,0.0097,0.04,0.0004,0.29,0.0029,0.89,0.0089,0.84,0.0084,-0.92,-0.0092,0.96,0.0096,-0.15,-0.0015
2019-07-02,0.45,0.0045000000000000005,-0.85,-0.0085,0.18,0.0018,-0.8,-0.008,-0.2,-0.002,-1.05,-0.0105,-1.11,-0.0111,-2.12,-0.0212,0.95,0.0095,1.29,0.0129,0.64,0.0064,0.03,0.0003,0.02,0.0002,-0.57,-0.005699999999999999,-0.41,-0.0040999999999999995,0.37,0.0037,-0.09,-0.0009,-0.07,-0.0007000000000000001,-1.12,-0.011200000000000002,1.0,0.01
2019-07-03,1.36,0.013600000000000001,1.35,0.013500000000000002,0.91,0.0091,0.63,0.0063,0.62,0.0062,-0.29,-0.0029,0.79,0.0079,0.5,0.005,0.78,0.0078000000000000005,0.51,0.0051,0.92,0.0092,0.58,0.0058,0.96,0.0096,0.84,0.0084,1.11,0.0111,0.65,0.006500000000000001,0.78,0.0078000000000000005,0.94,0.009399999999999999,0.77,0.0077,1.4,0.013999999999999999
2019-07-05,-0.16,-0.0016,0.26,0.0026,-0.92,-0.0092,-0.36,-0.0036,-0.71,-0.0070999999999999995,0.59,0.0059,-0.18,-0.0018,0.21,0.0021,-0.07,-0.0007000000000000001,0.44,0.0044,0.07,0.0007000000000000001,-0.31,-0.0031,-0.86,-0.0086,-0.6,-0.006,0.0,0.0,0.2,0.002,0.44,0.0044,-0.51,-0.0051,-1.09,-0.0109,-0.11,-0.0011
2019-07-08,-0.36,-0.0036,1.21,0.0121,-1.03,-0.0103,-1.5,-0.015,-0.32,-0.0032,-2.24,-0.022400000000000003,-0.89,-0.0089,-0.01,-0.0001,0.0,0.0,-0.74,-0.0074,-0.57,-0.005699999999999999,-1.23,-0.0123,-0.96,-0.0096,-0.57,-0.005699999999999999,-0.88,-0.0088,0.4,0.004,-0.64,-0.0064,-0.78,-0.0078000000000000005,-0.69,-0.0069,-0.06,-0.0006
2019-07-09,-0.71,-0.0070999999999999995,-0.93,-0.009300000000000001,0.48,0.0048,-1.05,-0.0105,-0.78,-0.0078000000000000005,-0.35,-0.0034999999999999996,-0.53,-0.0053,-0.02,-0.0002,0.17,0.0017000000000000001,-0.16,-0.0016,0.5,0.005,0.46,0.0046,-1.21,-0.0121,-0.11,-0.0011,-0.38,-0.0038,0.62,0.0062,0.38,0.0038,-0.67,-0.0067,-0.98,-0.0098,-0.27,-0.0027
2019-07-10,0.4,0.004,-0.79,-0.0079,0.32,0.0032,-0.38,-0.0038,0.05,0.0005,-0.54,-0.0054,0.69,0.0069,1.58,0.0158,0.28,0.0028000000000000004,1.38,0.0138,0.9,0.009000000000000001,0.53,0.0053,-0.02,-0.0002,-0.25,-0.0025,0.03,0.0003,0.54,0.0054,-0.23,-0.0023,0.14,0.0014000000000000002,-0.78,-0.0078000000000000005,0.5,0.005
2019-07-11,-0.49,-0.0049,0.76,0.0076,-1.05,-0.0105,0.2,0.002,-0.39,-0.0039000000000000003,-0.23,-0.0023,0.09,0.0009,-0.02,-0.0002,-0.02,-0.0002,-0.07,-0.0007000000000000001,0.29,0.0029,-0.05,-0.0005,0.45,0.0045000000000000005,0.89,0.0089,0.2,0.002,0.32,0.0032,1.21,0.0121,0.0,0.0,-0.29,-0.0029,0.31,0.0031
2019-07-12,0.11,0.0011,1.52,0.0152,-1.25,-0.0125,1.49,0.0149,1.82,0.0182,1.82,0.0182,2.56,0.0256,0.42,0.0042,-0.58,-0.0058,0.91,0.0091,0.5,0.005,0.76,0.0076,1.21,0.0121,1.92,0.0192,1.06,0.0106,0.97,0.0097,0.75,0.0075,0.18,0.0018,2.19,0.0219,0.4,0.004
2019-07-15,0.11,0.0011,0.26,0.0026,0.45,0.0045000000000000005,0.42,0.0042,-0.6,-0.006,0.42,0.0042,0.45,0.0045000000000000005,-1.21,-0.0121,0.08,0.0008,0.17,0.0017000000000000001,0.1,0.001,0.4,0.004,-0.59,-0.0059,-0.15,-0.0015,-0.22,-0.0022,0.3,0.003,-0.64,-0.0064,0.11,0.0011,-0.1,-0.001,0.25,0.0025
2019-07-16,-0.16,-0.0016,-0.12,-0.0012,-0.59,-0.0059,0.31,0.0031,0.96,0.0096,1.23,0.0123,0.53,0.0053,-1.15,-0.0115,-0.63,-0.0063,-0.09,-0.0009,-0.66,-0.0066,-0.63,-0.0063,0.77,0.0077,1.23,0.0123,-0.09,-0.0009,-0.28,-0.0028000000000000004,-0.28,-0.0028000000000000004,0.29,0.0029,0.82,0.008199999999999999,-0.27,-0.0027
2019-07-17,0.07,0.0007000000000000001,-1.44,-0.0144,0.15,0.0015,-1.16,-0.0116,-1.52,-0.0152,-1.45,-0.014499999999999999,-1.11,-0.0111,-1.25,-0.0125,0.17,0.0017000000000000001,-0.94,-0.009399999999999999,-0.31,-0.0031,-0.32,-0.0032,-0.99,-0.009899999999999999,-3.69,-0.0369,-1.82,-0.0182,-0.75,-0.0075,-0.52,-0.0052,-0.13,-0.0013,-1.4,-0.013999999999999999,-0.31,-0.0031
2019-07-18,0.35,0.0034999999999999996,-0.03,-0.0003,0.88,0.0088,0.04,0.0004,-0.4,-0.004,0.03,0.0003,-0.54,-0.0054,0.0,0.0,0.56,0.005600000000000001,-0.37,-0.0037,0.29,0.0029,0.8,0.008,-0.04,-0.0004,1.61,0.0161,-0.26,-0.0026,-0.38,-0.0038,0.65,0.006500000000000001,0.21,0.0021,-0.21,-0.0021,0.71,0.0070999999999999995
2019-07-19,-0.67,-0.0067,-0.24,-0.0024,-1.06,-0.0106,0.03,0.0003,-0.21,-0.0021,2.03,0.0203,0.94,0.009399999999999999,0.61,0.0060999999999999995,-1.28,-0.0128,-0.92,-0.0092,-0.87,-0.0087,-0.59,-0.0059,-0.02,-0.0002,-0.13,-0.0013,-0.62,-0.0062,-0.61,-0.0060999999999999995,-0.45,-0.0045000000000000005,0.58,0.0058,0.29,0.0029,-1.06,-0.0106
2019-07-22,-0.04,-0.0004,-0.79,-0.0079,-0.07,-0.0007000000000000001,0.08,0.0008,-0.44,-0.0044,-0.29,-0.0029,-0.15,-0.0015,0.31,0.0031,-0.07,-0.0007000000000000001,-0.75,-0.0075,0.79,0.0079,1.32,0.0132,0.09,0.0009,0.3,0.003,-0.1,-0.001,0.0,0.0,0.2,0.002,0.03,0.0003,-0.34,-0.0034000000000000002,0.08,0.0008
2019-07-23,2.19,0.0219,1.21,0.0121,0.46,0.0046,2.51,0.025099999999999997,0.46,0.0046,0.61,0.0060999999999999995,2.1,0.021,0.4,0.004,-0.51,-0.0051,0.27,0.0027,0.36,0.0036,0.81,0.008100000000000001,1.61,0.0161,0.68,0.0068000000000000005,1.13,0.0113,0.34,0.0034000000000000002,0.96,0.0096,0.16,0.0016,2.51,0.025099999999999997,0.17,0.0017000000000000001
2019-07-24,-0.35,-0.0034999999999999996,0.67,0.0067,0.58,0.0058,0.74,0.0074,1.77,0.0177,0.93,0.009300000000000001,1.79,0.0179,0.44,0.0044,0.09,0.0009,1.57,0.015700000000000002,0.79,0.0079,1.04,0.0104,0.76,0.0076,1.08,0.0108,1.39,0.0139,0.52,0.0052,0.81,0.008100000000000001,0.84,0.0084,1.07,0.010700000000000001,0.17,0.0017000000000000001
2019-07-25,-0.12,-0.0012,0.26,0.0026,-0.81,-0.008100000000000001,-0.5,-0.005,0.81,0.008100000000000001,-1.47,-0.0147,-4.27,-0.042699999999999995,-1.47,-0.0147,-0.4,-0.004,0.39,0.0039000000000000003,-0.63,-0.0063,-0.78,-0.0078000000000000005,-0.21,-0.0021,-0.41,-0.0040999999999999995,-0.2,-0.002,-0.81,-0.008100000000000001,-0.75,-0.0075,-2.37,-0.023700000000000002,-0.8,-0.008,0.35,0.0034999999999999996
2019-07-26,1.3,0.013000000000000001,-0.34,-0.0034000000000000002,0.6,0.006,0.31,0.0031,-0.27,-0.0027,0.41,0.0040999999999999995,-0.07,-0.0007000000000000001,-0.53,-0.0053,0.23,0.0023,1.07,0.010700000000000001,2.25,0.0225,0.04,0.0004,-0.56,-0.005600000000000001,0.7,0.006999999999999999,0.78,0.0078000000000000005,-0.2,-0.002,1.11,0.0111,-0.16,-0.0016,-0.27,-0.0027,2.42,0.0242
2019-07-29,-0.14,-0.0014000000000000002,0.2,0.002,0.09,0.0009,-0.54,-0.0054,-1.01,-0.0101,-0.4,-0.004,0.32,0.0032,-0.35,-0.0034999999999999996,0.24,0.0024,-0.02,-0.0002,-0.93,-0.009300000000000001,0.42,0.0042,0.59,0.0059,-0.11,-0.0011,-0.48,-0.0048,-0.68,-0.0068000000000000005,-0.62,-0.0062,0.18,0.0018,-0.64,-0.0064,-0.14,-0.0014000000000000002
2019-07-30,-0.13,-0.0013,-1.02,-0.0102,-0.27,-0.0027,0.99,0.009899999999999999,1.83,0.0183,0.55,0.0055000000000000005,-0.07,-0.0007000000000000001,1.53,0.015300000000000001,-0.46,-0.0046,-0.67,-0.0067,-0.6,-0.006,-0.41,-0.0040999999999999995,0.39,0.0039000000000000003,0.01,0.0001,0.62,0.0062,-0.52,-0.0052,0.01,0.0001,1.71,0.0171,1.47,0.0147,-0.9,-0.009000000000000001
2019-07-31,-1.26,-0.0126,-1.01,-0.0101,-0.75,-0.0075,-0.92,-0.0092,-1.24,-0.0124,-3.01,-0.0301,-0.38,-0.0038,-0.63,-0.0063,-0.33,-0.0033,-1.52,-0.0152,-1.34,-0.0134,-1.03,-0.0103,-1.73,-0.0173,-0.65,-0.006500000000000001,-0.97,-0.0097,-1.3,-0.013000000000000001,-0.77,-0.0077,-2.49,-0.024900000000000002,-2.02,-0.0202,-1.26,-0.0126
2019-08-01,0.16,0.0016,-4.04,-0.0404,0.04,0.0004,-1.27,-0.0127,-1.25,-0.0125,-3.1,-0.031,-2.49,-0.024900000000000002,-2.9,-0.028999999999999998,0.81,0.008100000000000001,-0.42,-0.0042,-0.05,-0.0005,-1.41,-0.0141,-0.76,-0.0076,-2.38,-0.023799999999999998,-0.54,-0.0054,-1.25,-0.0125,-1.94,-0.0194,-1.39,-0.0139,-1.86,-0.018600000000000002,0.1,0.001
2019-08-02,-0.09,-0.0009,-1.57,-0.015700000000000002,-0.42,-0.0042,-1.56,-0.015600000000000001,-0.78,-0.0078000000000000005,-1.46,-0.0146,-0.82,-0.008199999999999999,-1.21,-0.0121,-0.14,-0.0014000000000000002,-0.34,-0.0034000000000000002,-1.46,-0.0146,-2.05,-0.020499999999999997,-0.79,-0.0079,-0.63,-0.0063,-1.12,-0.011200000000000002,-0.8,-0.008,-0.52,-0.0052,-1.46,-0.0146,-1.15,-0.0115,0.35,0.0034999999999999996
2019-08-05,-1.99,-0.0199,-2.85,-0.0285,-2.46,-0.0246,-2.97,-0.0297,-2.19,-0.0219,-3.06,-0.030600000000000002,-2.39,-0.0239,-3.0,-0.03,-1.82,-0.0182,-1.9,-0.019,-3.69,-0.0369,-3.96,-0.039599999999999996,-2.79,-0.0279,-3.01,-0.0301,-2.78,-0.0278,-2.93,-0.029300000000000003,-3.36,-0.0336,-0.66,-0.0066,-2.85,-0.0285,-2.21,-0.022099999999999998
2019-08-06,0.25,0.0025,2.21,0.022099999999999998,1.54,0.0154,0.28,0.0028000000000000004,1.44,0.0144,0.32,0.0032,1.07,0.010700000000000001,-0.05,-0.0005,1.1,0.011000000000000001,1.17,0.011699999999999999,1.38,0.0138,1.62,0.016200000000000003,0.07,0.0007000000000000001,1.0,0.01,0.09,0.0009,1.4,0.013999999999999999,1.62,0.016200000000000003,0.61,0.0060999999999999995,0.18,0.0018,1.29,0.0129
2019-08-07,1.12,0.011200000000000002,-0.06,-0.0006,-0.07,-0.0007000000000000001,1.2,0.012,0.48,0.0048,-0.61,-0.0060999999999999995,0.25,0.0025,-0.61,-0.0060999999999999995,0.11,0.0011,-1.3,-0.013000000000000001,0.53,0.0053,0.44,0.0044,0.56,0.005600000000000001,0.07,0.0007000000000000001,0.48,0.0048,0.62,0.0062,-0.69,-0.0069,0.72,0.0072,0.58,0.0058,0.72,0.0072
2019-08-08,1.32,0.0132,2.07,0.0207,1.53,0.015300000000000001,2.37,0.023700000000000002,1.9,0.019,2.23,0.0223,1.41,0.0141,2.95,0.029500000000000002,1.34,0.0134,1.51,0.0151,2.73,0.0273,2.29,0.0229,1.08,0.0108,2.35,0.0235,1.76,0.0176,1.69,0.0169,1.8,0.018000000000000002,1.57,0.015700000000000002,1.68,0.0168,1.32,0.0132
2019-08-09,-0.76,-0.0076,-1.66,-0.0166,0.14,0.0014000000000000002,-1.19,-0.011899999999999999,-1.25,-0.0125,-3.26,-0.0326,-1.5,-0.015,-1.31,-0.0131,-0.14,-0.0014000000000000002,-0.04,-0.0004,-1.2,-0.012,-1.27,-0.0127,-0.68,-0.0068000000000000005,-1.86,-0.018600000000000002,-0.65,-0.006500000000000001,-1.21,-0.0121,-0.31,-0.0031,-1.74,-0.0174,-2.18,-0.0218,0.75,0.0075
2019-08-12,-0.68,-0.0068000000000000005,-1.4,-0.013999999999999999,-1.0,-0.01,-1.85,-0.018500000000000003,-1.44,-0.0144,-2.5,-0.025,-1.88,-0.018799999999999997,-1.19,-0.011899999999999999,-0.3,-0.003,-0.85,-0.0085,-1.54,-0.0154,-0.98,-0.0098,-1.11,-0.0111,-2.11,-0.021099999999999997,-0.48,-0.0048,-1.45,-0.014499999999999999,-1.88,-0.018799999999999997,-1.53,-0.015300000000000001,-1.6,-0.016,-1.64,-0.016399999999999998
2019-08-13,0.43,0.0043,1.66,0.0166,1.2,0.012,1.23,0.0123,1.72,0.0172,2.15,0.0215,1.25,0.0125,1.03,0.0103,0.22,0.0022,1.21,0.0121,1.72,0.0172,2.63,0.0263,1.89,0.0189,0.9,0.009000000000000001,1.33,0.013300000000000001,1.94,0.0194,1.35,0.013500000000000002,0.71,0.0070999999999999995,1.35,0.013500000000000002,1.22,0.012199999999999999
2019-08-14,-1.9,-0.019,-3.6,-0.036000000000000004,-2.75,-0.0275,-3.14,-0.031400000000000004,-2.68,-0.0268,-4.46,-0.0446,-4.5,-0.045,-4.11,-0.041100000000000005,-1.23,-0.0123,-2.26,-0.0226,-3.19,-0.0319,-3.04,-0.0304,-3.17,-0.0317,-3.21,-0.0321,-2.59,-0.0259,-3.11,-0.0311,-3.5,-0.035,-1.91,-0.0191,-3.56,-0.0356,-2.15,-0.0215
2019-08-15,1.12,0.011200000000000002,-2.48,-0.0248,0.16,0.0016,-0.08,-0.0008,-0.54,-0.0054,-1.45,-0.014499999999999999,-1.49,-0.0149,-0.54,-0.0054,1.1,0.011000000000000001,0.38,0.0038,0.4,0.004,-0.83,-0.0083,0.28,0.0028000000000000004,-0.88,-0.0088,-0.24,-0.0024,0.98,0.0098,0.24,0.0024,-0.65,-0.006500000000000001,-0.3,-0.003,0.42,0.0042
2019-08-16,1.19,0.011899999999999999,1.44,0.0144,1.38,0.0138,1.72,0.0172,1.98,0.019799999999999998,2.61,0.026099999999999998,1.85,0.018500000000000003,1.47,0.0147,0.7,0.006999999999999999,1.36,0.013600000000000001,1.41,0.0141,2.15,0.0215,2.14,0.021400000000000002,2.33,0.0233,2.0,0.02,1.07,0.010700000000000001,1.81,0.0181,1.0,0.01,2.73,0.0273,0.74,0.0074
2019-08-19,0.51,0.0051,1.17,0.011699999999999999,1.1,0.011000000000000001,0.9,0.009000000000000001,1.27,0.0127,2.78,0.0278,1.25,0.0125,2.28,0.022799999999999997,0.57,0.005699999999999999,0.97,0.0097,1.12,0.011200000000000002,1.79,0.0179,0.94,0.009399999999999999,0.83,0.0083,1.15,0.0115,1.27,0.0127,0.91,0.0091,0.35,0.0034999999999999996,1.56,0.015600000000000001,0.59,0.0059
2019-08-20,-1.13,-0.0113,-0.36,-0.0036,-0.9,-0.009000000000000001,-1.14,-0.011399999999999999,-0.01,-0.0001,-1.03,-0.0103,-0.95,-0.0095,-0.96,-0.0096,-0.21,-0.0021,-0.63,-0.0063,-0.62,-0.0062,-0.48,-0.0048,-1.3,-0.013000000000000001,-0.54,-0.0054,-0.75,-0.0075,-0.23,-0.0023,-1.24,-0.0124,0.01,0.0001,-1.06,-0.0106,-0.33,-0.0033
2019-08-21,0.31,0.0031,2.14,0.021400000000000002,0.85,0.0085,0.92,0.0092,1.02,0.0102,0.12,0.0012,0.23,0.0023,0.83,0.0083,0.69,0.0069,0.43,0.0043,1.05,0.0105,1.13,0.0113,0.6,0.006,0.73,0.0073,0.44,0.0044,1.81,0.0181,0.6,0.006,-0.01,-0.0001,0.86,0.0086,0.43,0.0043
2019-08-22,0.69,0.0069,0.58,0.0058,-0.39,-0.0039000000000000003,-0.86,-0.0086,0.26,0.0026,-0.92,-0.0092,0.03,0.0003,-0.58,-0.0058,-0.11,-0.0011,0.09,0.0009,-0.43,-0.0043,-0.11,-0.0011,-0.12,-0.0012,-0.64,-0.0064,0.3,0.003,0.12,0.0012,0.04,0.0004,0.19,0.0019,0.14,0.0014000000000000002,-0.01,-0.0001
2019-08-23,-1.73,-0.0173,-3.65,-0.0365,-2.5,-0.025,-2.9,-0.028999999999999998,-2.9,-0.028999999999999998,-3.91,-0.0391,-3.61,-0.0361,-3.46,-0.0346,-1.43,-0.0143,-2.31,-0.0231,-2.54,-0.0254,-3.95,-0.0395,-2.83,-0.028300000000000002,-3.04,-0.0304,-2.4,-0.024,-2.6,-0.026000000000000002,-2.57,-0.025699999999999997,-0.96,-0.0096,-3.21,-0.0321,-1.88,-0.018799999999999997
2019-08-26,1.21,0.0121,1.87,0.0187,1.23,0.0123,0.17,0.0017000000000000001,0.68,0.0068000000000000005,0.5,0.005,0.8,0.008,0.46,0.0046,1.18,0.0118,1.59,0.0159,1.3,0.013000000000000001,1.15,0.0115,0.72,0.0072,0.7,0.006999999999999999,0.87,0.0087,1.03,0.0103,1.01,0.0101,-0.04,-0.0004,-0.34,-0.0034000000000000002,1.35,0.013500000000000002
2019-08-27,-0.73,-0.0073,-0.42,-0.0042,-0.36,-0.0036,-0.24,-0.0024,-0.79,-0.0079,-2.32,-0.0232,-0.66,-0.0066,-0.76,-0.0076,0.01,0.0001,-0.1,-0.001,0.0,0.0,-0.52,-0.0052,-0.35,-0.0034999999999999996,-0.89,-0.0089,-1.52,-0.0152,-0.19,-0.0019,-0.95,-0.0095,1.04,0.0104,-0.28,-0.0028000000000000004,-0.5,-0.005
2019-08-28,0.84,0.0084,1.75,0.0175,0.71,0.0070999999999999995,1.05,0.0105,1.08,0.0108,2.14,0.021400000000000002,1.53,0.015300000000000001,1.55,0.0155,0.13,0.0013,0.96,0.0096,-0.12,-0.0012,0.53,0.0053,1.03,0.0103,1.11,0.0111,0.54,0.0054,0.93,0.009300000000000001,0.91,0.0091,0.98,0.0098,1.21,0.0121,0.76,0.0076
2019-08-29,0.47,0.004699999999999999,2.28,0.022799999999999997,0.63,0.0063,1.32,0.0132,1.81,0.0181,2.57,0.025699999999999997,1.99,0.0199,1.58,0.0158,0.8,0.008,0.78,0.0078000000000000005,1.59,0.0159,1.91,0.0191,1.51,0.0151,1.98,0.019799999999999998,1.53,0.015300000000000001,1.52,0.0152,1.58,0.0158,0.45,0.0045000000000000005,2.21,0.022099999999999998,0.84,0.0084
2019-08-30,0.38,0.0038,-0.68,-0.0068000000000000005,-0.11,-0.0011,1.03,0.0103,0.58,0.0058,0.44,0.0044,0.66,0.0066,-0.11,-0.0011,0.07,0.0007000000000000001,0.14,0.0014000000000000002,-0.24,-0.0024,0.21,0.0021,0.34,0.0034000000000000002,0.16,0.0016,0.31,0.0031,-0.47,-0.004699999999999999,0.42,0.0042,0.34,0.0034000000000000002,0.92,0.0092,-0.56,-0.005600000000000001
2019-09-03,0.27,0.0027,-0.87,-0.0087,-0.72,-0.0072,-0.84,-0.0084,-1.43,-0.0143,-1.83,-0.0183,-1.35,-0.013500000000000002,-0.6,-0.006,1.34,0.0134,-0.43,-0.0043,-1.28,-0.0128,-1.53,-0.015300000000000001,-1.49,-0.0149,-1.86,-0.018600000000000002,-0.63,-0.0063,-0.21,-0.0021,-1.13,-0.0113,0.38,0.0038,-2.67,-0.026699999999999998,-0.44,-0.0044
2019-09-04,0.34,0.0034000000000000002,2.01,0.020099999999999996,0.13,0.0013,1.48,0.0148,1.5,0.015,2.19,0.0219,1.57,0.015700000000000002,1.44,0.0144,0.28,0.0028000000000000004,1.36,0.013600000000000001,1.3,0.013000000000000001,1.81,0.0181,1.22,0.012199999999999999,1.35,0.013500000000000002,1.16,0.0116,0.89,0.0089,0.95,0.0095,1.02,0.0102,1.92,0.0192,0.68,0.0068000000000000005
2019-09-05,-0.36,-0.0036,3.68,0.0368,0.96,0.0096,1.16,0.0116,1.13,0.0113,2.91,0.0291,3.38,0.0338,1.32,0.0132,-0.81,-0.008100000000000001,0.94,0.009399999999999999,1.81,0.0181,2.34,0.023399999999999997,0.93,0.009300000000000001,2.28,0.022799999999999997,1.81,0.0181,1.77,0.0177,1.89,0.0189,-0.28,-0.0028000000000000004,3.41,0.0341,0.57,0.005699999999999999
2019-09-06,0.23,0.0023,1.25,0.0125,0.17,0.0017000000000000001,0.55,0.0055000000000000005,0.27,0.0027,-1.12,-0.011200000000000002,-0.09,-0.0009,0.48,0.0048,-0.34,-0.0034000000000000002,0.59,0.0059,-0.72,-0.0072,0.26,0.0026,-0.28,-0.0028000000000000004,-0.79,-0.0079,0.63,0.0063,0.08,0.0008,-0.07,-0.0007000000000000001,-0.26,-0.0026,0.48,0.0048,0.14,0.0014000000000000002
2019-09-09,-0.41,-0.0040999999999999995,0.78,0.0078000000000000005,-1.35,-0.013500000000000002,0.35,0.0034999999999999996,1.28,0.0128,3.61,0.0361,2.67,0.026699999999999998,2.05,0.020499999999999997,-0.22,-0.0022,0.08,0.0008,-1.0,-0.01,-0.1,-0.001,-0.31,-0.0031,1.5,0.015,1.27,0.0127,0.59,0.0059,1.26,0.0126,-0.16,-0.0016,1.24,0.0124,-0.79,-0.0079
2019-09-10,-0.43,-0.0043,-0.54,-0.0054,0.56,0.005600000000000001,1.17,0.011699999999999999,0.7,0.006999999999999999,3.71,0.0371,1.08,0.0108,1.35,0.013500000000000002,0.04,0.0004,0.55,0.0055000000000000005,-0.68,-0.0068000000000000005,0.57,0.005699999999999999,0.81,0.008100000000000001,1.5,0.015,0.43,0.0043,0.0,0.0,0.11,0.0011,1.7,0.017,1.64,0.016399999999999998,-2.35,-0.0235
2019-09-11,0.91,0.0091,0.77,0.0077,1.16,0.0116,1.1,0.011000000000000001,1.77,0.0177,3.3,0.033,1.4,0.013999999999999999,0.02,0.0002,1.04,0.0104,1.11,0.0111,0.61,0.0060999999999999995,2.07,0.0207,0.47,0.004699999999999999,0.65,0.006500000000000001,1.72,0.0172,-0.03,-0.0003,0.43,0.0043,1.26,0.0126,1.86,0.018600000000000002,0.58,0.0058
2019-09-12,0.25,0.0025,0.55,0.0055000000000000005,-0.06,-0.0006,0.4,0.004,0.33,0.0033,0.65,0.006500000000000001,-0.54,-0.0054,-0.7,-0.006999999999999999,0.05,0.0005,0.19,0.0019,0.42,0.0042,0.18,0.0018,0.96,0.0096,0.12,0.0012,0.14,0.0014000000000000002,0.41,0.0040999999999999995,0.46,0.0046,0.84,0.0084,-0.01,-0.0001,0.41,0.0040999999999999995
2019-09-13,-0.28,-0.0028000000000000004,-0.56,-0.005600000000000001,-0.25,-0.0025,1.2,0.012,0.16,0.0016,0.33,0.0033,0.42,0.0042,0.82,0.008199999999999999,-0.28,-0.0028000000000000004,-0.49,-0.0049,-0.23,-0.0023,-0.74,-0.0074,0.3,0.003,0.7,0.006999999999999999,-0.16,-0.0016,0.03,0.0003,0.75,0.0075,1.07,0.010700000000000001,0.64,0.0064,-0.72,-0.0072
2019-09-16,0.07,0.0007000000000000001,-0.66,-0.0066,-0.18,-0.0018,-1.5,-0.015,-0.24,-0.0024,-0.04,-0.0004,-1.65,-0.0165,4.19,0.04190000000000001,0.28,0.0028000000000000004,-0.97,-0.0097,-0.17,-0.0017000000000000001,0.07,0.0007000000000000001,-1.44,-0.0144,-0.44,-0.0044,-0.03,-0.0003,-1.46,-0.0146,-0.19,-0.0019,-0.71,-0.0070999999999999995,-0.64,-0.0064,-1.01,-0.0101
2019-09-17,0.33,0.0033,-0.34,-0.0034000000000000002,0.38,0.0038,0.03,0.0003,-0.11,-0.0011,-1.03,-0.0103,0.43,0.0043,-2.0,-0.02,0.7,0.006999999999999999,0.15,0.0015,0.59,0.0059,0.06,0.0006,0.23,0.0023,-0.33,-0.0033,0.05,0.0005,0.48,0.0048,-0.1,-0.001,0.88,0.0088,-0.69,-0.0069,1.08,0.0108
2019-09-18,-0.15,-0.0015,-0.01,-0.0001,-0.09,-0.0009,0.35,0.0034999999999999996,0.0,0.0,-1.27,-0.0127,-0.58,-0.0058,-0.55,-0.0055000000000000005,0.41,0.0040999999999999995,-0.09,-0.0009,-0.07,-0.0007000000000000001,0.21,0.0021,-0.32,-0.0032,-0.86,-0.0086,-0.04,-0.0004,-0.14,-0.0014000000000000002,0.17,0.0017000000000000001,-0.61,-0.0060999999999999995,-0.66,-0.0066,0.29,0.0029
2019-09-19,0.06,0.0006,-0.67,-0.0067,0.19,0.0019,0.05,0.0005,-0.26,-0.0026,-0.97,-0.0097,-0.37,-0.0037,-0.47,-0.004699999999999999,0.26,0.0026,-0.41,-0.0040999999999999995,0.74,0.0074,-0.41,-0.0040999999999999995,-0.25,-0.0025,-0.73,-0.0073,-0.15,-0.0015,-0.15,-0.0015,-0.14,-0.0014000000000000002,0.47,0.004699999999999999,-0.58,-0.0058,-0.06,-0.0006
2019-09-20,-0.59,-0.0059,-1.31,-0.0131,0.79,0.0079,-0.31,-0.0031,-0.27,-0.0027,-0.88,-0.0088,-0.77,-0.0077,0.13,0.0013,0.34,0.0034000000000000002,-0.04,-0.0004,-0.57,-0.005699999999999999,-1.04,-0.0104,-0.01,-0.0001,-0.86,-0.0086,-0.25,-0.0025,-0.94,-0.009399999999999999,-0.65,-0.006500000000000001,0.05,0.0005,-0.31,-0.0031,-0.86,-0.0086
2019-09-23,-0.2,-0.002,1.39,0.0139,-0.48,-0.0048,-0.42,-0.0042,0.14,0.0014000000000000002,0.22,0.0022,-0.04,-0.0004,0.17,0.0017000000000000001,0.01,0.0001,-0.15,-0.0015,-0.25,-0.0025,0.26,0.0026,0.57,0.005699999999999999,-0.52,-0.0052,-0.31,-0.0031,0.14,0.0014000000000000002,0.14,0.0014000000000000002,0.08,0.0008,0.79,0.0079,0.49,0.0049
2019-09-24,0.1,0.001,-0.75,-0.0075,-1.01,-0.0101,-1.17,-0.011699999999999999,-0.59,-0.0059,-3.46,-0.0346,-2.68,-0.0268,-1.72,-0.0172,0.71,0.0070999999999999995,-0.62,-0.0062,-1.5,-0.015,-1.13,-0.0113,-0.63,-0.0063,-0.96,-0.0096,-1.18,-0.0118,-1.06,-0.0106,-1.03,-0.0103,-0.87,-0.0087,-1.75,-0.0175,-0.91,-0.0091
2019-09-25,0.06,0.0006,2.4,0.024,-0.34,-0.0034000000000000002,0.84,0.0084,1.39,0.0139,2.71,0.0271,1.31,0.0131,0.28,0.0028000000000000004,0.03,0.0003,0.27,0.0027,1.19,0.011899999999999999,1.31,0.0131,0.13,0.0013,0.68,0.0068000000000000005,1.35,0.013500000000000002,0.79,0.0079,0.61,0.0060999999999999995,0.2,0.002,1.51,0.0151,0.28,0.0028000000000000004
2019-09-26,0.48,0.0048,0.99,0.009899999999999999,-0.81,-0.008100000000000001,-0.25,-0.0025,-0.11,-0.0011,-2.97,-0.0297,1.09,0.0109,-1.49,-0.0149,0.31,0.0031,-0.91,-0.0091,-0.15,-0.0015,-0.33,-0.0033,0.37,0.0037,-0.14,-0.0014000000000000002,-0.66,-0.0066,-0.72,-0.0072,-0.68,-0.0068000000000000005,-0.63,-0.0063,-0.41,-0.0040999999999999995,-0.42,-0.0042
2019-09-27,-0.39,-0.0039000000000000003,0.13,0.0013,-0.68,-0.0068000000000000005,-0.12,-0.0012,-0.57,-0.005699999999999999,0.64,0.0064,-0.23,-0.0023,-0.08,-0.0008,-0.29,-0.0029,-0.51,-0.0051,-1.63,-0.0163,-0.93,-0.009300000000000001,0.41,0.0040999999999999995,-0.83,-0.0083,-0.33,-0.0033,-0.29,-0.0029,0.01,0.0001,-1.27,-0.0127,-0.08,-0.0008,-0.39,-0.0039000000000000003
2019-09-30,0.35,0.0034999999999999996,1.35,0.013500000000000002,0.71,0.0070999999999999995,0.98,0.0098,1.16,0.0116,0.58,0.0058,0.7,0.006999999999999999,-0.72,-0.0072,0.04,0.0004,0.67,0.0067,0.68,0.0068000000000000005,1.31,0.0131,0.09,0.0009,0.09,0.0009,0.92,0.0092,0.69,0.0069,-0.09,-0.0009,-0.12,-0.0012,-0.11,-0.0011,0.98,0.0098
2019-10-01,-0.68,-0.0068000000000000005,-1.28,-0.0128,-1.24,-0.0124,-2.37,-0.023700000000000002,-1.57,-0.015700000000000002,-1.46,-0.0146,-2.03,-0.0203,-2.35,-0.0235,-0.48,-0.0048,-0.9,-0.009000000000000001,-1.2,-0.012,-1.12,-0.011200000000000002,-2.48,-0.0248,-2.6,-0.026000000000000002,-1.63,-0.0163,-0.44,-0.0044,-1.86,-0.018600000000000002,-2.14,-0.021400000000000002,-2.34,-0.023399999999999997,-1.78,-0.0178
2019-10-02,-2.04,-0.0204,-1.68,-0.0168,-1.3,-0.013000000000000001,-1.55,-0.0155,-1.09,-0.0109,-2.48,-0.0248,-2.29,-0.0229,-2.73,-0.0273,-1.3,-0.013000000000000001,-1.01,-0.0101,-1.71,-0.0171,-2.0,-0.02,-1.7,-0.017,-1.97,-0.0197,-1.43,-0.0143,-1.65,-0.0165,-1.89,-0.0189,-1.38,-0.0138,-2.96,-0.0296,-1.58,-0.0158
2019-10-03,0.92,0.0092,0.8,0.008,1.3,0.013000000000000001,0.49,0.0049,0.24,0.0024,0.24,0.0024,-0.38,-0.0038,1.34,0.0134,0.34,0.0034000000000000002,0.18,0.0018,1.4,0.013999999999999999,1.26,0.0126,-0.07,-0.0007000000000000001,0.53,0.0053,0.12,0.0012,0.36,0.0036,0.25,0.0025,0.33,0.0033,1.3,0.013000000000000001,0.84,0.0084
2019-10-04,1.32,0.0132,1.01,0.0101,1.34,0.0134,0.66,0.0066,1.71,0.0171,0.99,0.009899999999999999,0.21,0.0021,0.59,0.0059,1.44,0.0144,1.34,0.0134,1.47,0.0147,1.89,0.0189,0.82,0.008199999999999999,0.94,0.009399999999999999,0.75,0.0075,1.03,0.0103,1.8,0.018000000000000002,0.64,0.0064,1.18,0.0118,0.95,0.0095
2019-10-07,-0.88,-0.0088,-0.2,-0.002,-0.4,-0.004,-0.62,-0.0062,-0.67,-0.0067,-0.76,-0.0076,-0.08,-0.0008,-0.92,-0.0092,-0.49,-0.0049,0.28,0.0028000000000000004,-0.29,-0.0029,-0.38,-0.0038,-0.9,-0.009000000000000001,-0.13,-0.0013,-0.4,-0.004,-0.37,-0.0037,-0.42,-0.0042,0.02,0.0002,-0.94,-0.009399999999999999,-0.36,-0.0036
2019-10-08,-0.91,-0.0091,-1.35,-0.013500000000000002,-1.72,-0.0172,-2.21,-0.022099999999999998,-0.9,-0.009000000000000001,-1.9,-0.019,-1.58,-0.0158,-1.71,-0.0171,-1.18,-0.0118,-1.08,-0.0108,-1.67,-0.0167,-2.27,-0.0227,-1.86,-0.018600000000000002,-1.93,-0.019299999999999998,-1.09,-0.0109,-0.93,-0.009300000000000001,-1.89,-0.0189,-0.2,-0.002,-2.09,-0.0209,-0.78,-0.0078000000000000005
2019-10-09,0.43,0.0043,0.88,0.0088,0.38,0.0038,0.91,0.0091,0.54,0.0054,-0.11,-0.0011,1.03,0.0103,1.16,0.0116,0.47,0.004699999999999999,0.42,0.0042,1.32,0.0132,1.3,0.013000000000000001,0.7,0.006999999999999999,0.94,0.009399999999999999,0.53,0.0053,0.98,0.0098,1.0,0.01,0.29,0.0029,1.07,0.010700000000000001,0.78,0.0078000000000000005
2019-10-10,0.17,0.0017000000000000001,0.82,0.008199999999999999,0.42,0.0042,0.21,0.0021,0.26,0.0026,2.15,0.0215,0.88,0.0088,1.36,0.013600000000000001,-0.21,-0.0021,0.51,0.0051,0.44,0.0044,0.78,0.0078000000000000005,1.03,0.0103,0.94,0.009399999999999999,0.65,0.006500000000000001,0.57,0.005699999999999999,0.95,0.0095,1.34,0.0134,0.86,0.0086,-0.06,-0.0006
2019-10-11,-0.14,-0.0014000000000000002,1.89,0.0189,1.09,0.0109,2.3,0.023,1.24,0.0124,4.59,0.045899999999999996,2.6,0.026000000000000002,1.42,0.014199999999999999,-0.08,-0.0008,0.84,0.0084,1.2,0.012,1.9,0.019,2.33,0.0233,2.34,0.023399999999999997,2.56,0.0256,1.08,0.0108,1.26,0.0126,0.39,0.0039000000000000003,2.55,0.0255,0.28,0.0028000000000000004
2019-10-14,-0.38,-0.0038,0.39,0.0039000000000000003,-0.02,-0.0002,-0.92,-0.0092,0.06,0.0006,-1.51,-0.0151,0.66,0.0066,-0.27,-0.0027,-0.68,-0.0068000000000000005,-0.44,-0.0044,-0.12,-0.0012,-0.12,-0.0012,-0.05,-0.0005,-0.01,-0.0001,-0.47,-0.004699999999999999,-0.24,-0.0024,0.04,0.0004,0.15,0.0015,-0.2,-0.002,-0.62,-0.0062
2019-10-15,-0.07,-0.0007000000000000001,0.34,0.0034000000000000002,1.39,0.0139,0.83,0.0083,1.29,0.0129,1.52,0.0152,1.66,0.0166,0.39,0.0039000000000000003,-0.27,-0.0027,1.13,0.0113,1.45,0.014499999999999999,0.88,0.0088,0.4,0.004,1.37,0.0137,0.88,0.0088,1.19,0.011899999999999999,1.77,0.0177,-0.69,-0.0069,1.55,0.0155,-0.21,-0.0021
2019-10-16,-0.26,-0.0026,0.09,0.0009,-0.04,-0.0004,0.3,0.003,0.83,0.0083,-1.92,-0.0192,0.59,0.0059,-1.36,-0.013600000000000001,0.08,0.0008,0.13,0.0013,-0.86,-0.0086,-0.48,-0.0048,0.15,0.0015,0.27,0.0027,0.71,0.0070999999999999995,0.37,0.0037,-0.27,-0.0027,0.07,0.0007000000000000001,-0.78,-0.0078000000000000005,0.31,0.0031
2019-10-17,0.58,0.0058,0.71,0.0070999999999999995,0.62,0.0062,0.1,0.001,0.86,0.0086,0.77,0.0077,0.29,0.0029,0.1,0.001,0.32,0.0032,0.56,0.005600000000000001,-0.13,-0.0013,0.32,0.0032,0.88,0.0088,0.7,0.006999999999999999,1.62,0.016200000000000003,0.68,0.0068000000000000005,0.46,0.0046,0.11,0.0011,0.91,0.0091,-0.36,-0.0036
2019-10-18,0.22,0.0022,0.28,0.0028000000000000004,-0.63,-0.0063,-0.19,-0.0019,0.65,0.006500000000000001,0.33,0.0033,0.26,0.0026,-0.84,-0.0084,0.32,0.0032,0.16,0.0016,-1.42,-0.014199999999999999,-0.35,-0.0034999999999999996,0.57,0.005699999999999999,-0.61,-0.0060999999999999995,0.17,0.0017000000000000001,-0.79,-0.0079,0.1,0.001,0.19,0.0019,0.73,0.0073,0.44,0.0044
2019-10-21,-0.46,-0.0046,0.51,0.0051,0.27,0.0027,-0.18,-0.0018,0.09,0.0009,-0.35,-0.0034999999999999996,-0.16,-0.0016,1.85,0.018500000000000003,0.38,0.0038,-0.11,-0.0011,0.63,0.0063,1.44,0.0144,0.89,0.0089,1.37,0.0137,0.1,0.001,0.54,0.0054,1.19,0.011899999999999999,0.99,0.009899999999999999,0.79,0.0079,0.39,0.0039000000000000003
2019-10-22,-0.72,-0.0072,0.19,0.0019,-0.08,-0.0008,0.11,0.0011,0.43,0.0043,2.09,0.0209,1.6,0.016,1.26,0.0126,0.43,0.0043,0.16,0.0016,-1.69,-0.0169,-0.39,-0.0039000000000000003,-0.74,-0.0074,1.08,0.0108,0.18,0.0018,-0.19,-0.0019,-0.39,-0.0039000000000000003,0.22,0.0022,0.04,0.0004,-2.68,-0.0268
2019-10-23,0.37,0.0037,-2.21,-0.022099999999999998,0.46,0.0046,0.35,0.0034999999999999996,0.19,0.0019,0.18,0.0018,0.44,0.0044,0.8,0.008,0.39,0.0039000000000000003,-0.34,-0.0034000000000000002,0.71,0.0070999999999999995,0.09,0.0009,1.4,0.013999999999999999,-0.1,-0.001,-0.41,-0.0040999999999999995,-0.46,-0.0046,0.32,0.0032,0.66,0.0066,1.22,0.012199999999999999,-0.09,-0.0009
2019-10-24,0.02,0.0002,-0.57,-0.005699999999999999,-0.43,-0.0043,0.29,0.0029,0.42,0.0042,-0.72,-0.0072,1.73,0.0173,-0.3,-0.003,0.22,0.0022,-1.2,-0.012,1.29,0.0129,0.36,0.0036,-1.71,-0.0171,-0.06,-0.0006,0.21,0.0021,0.25,0.0025,0.06,0.0006,-0.28,-0.0028000000000000004,0.05,0.0005,-0.16,-0.0016
2019-10-25,-0.76,-0.0076,-1.12,-0.011200000000000002,0.42,0.0042,0.69,0.0069,0.43,0.0043,2.16,0.0216,3.5,0.035,0.96,0.0096,-1.0,-0.01,0.94,0.009399999999999999,0.51,0.0051,1.39,0.0139,1.34,0.0134,1.31,0.0131,0.29,0.0029,-0.23,-0.0023,0.55,0.0055000000000000005,1.6,0.016,0.87,0.0087,0.23,0.0023
2019-10-28,0.19,0.0019,-0.35,-0.0034999999999999996,1.14,0.011399999999999999,0.36,0.0036,-0.92,-0.0092,1.97,0.0197,0.02,0.0002,-0.65,-0.006500000000000001,-1.3,-0.013000000000000001,0.86,0.0086,1.18,0.0118,0.98,0.0098,0.6,0.006,0.11,0.0011,0.21,0.0021,0.71,0.0070999999999999995,0.77,0.0077,0.13,0.0013,0.83,0.0083,-0.53,-0.0053
2019-10-29,0.07,0.0007000000000000001,-1.23,-0.0123,1.03,0.0103,0.77,0.0077,-0.44,-0.0044,0.25,0.0025,-0.07,-0.0007000000000000001,0.51,0.0051,0.24,0.0024,-0.58,-0.0058,-0.71,-0.0070999999999999995,-0.94,-0.009399999999999999,0.04,0.0004,-0.43,-0.0043,0.59,0.0059,-0.99,-0.009899999999999999,0.33,0.0033,-0.18,-0.0018,0.07,0.0007000000000000001,0.4,0.004
2019-10-30,0.42,0.0042,0.91,0.0091,0.68,0.0068000000000000005,-0.16,-0.0016,0.42,0.0042,-1.21,-0.0121,-0.71,-0.0070999999999999995,-2.15,-0.0215,0.7,0.006999999999999999,0.19,0.0019,0.69,0.0069,0.2,0.002,0.0,0.0,-0.58,-0.0058,-0.99,-0.009899999999999999,0.7,0.006999999999999999,-0.02,-0.0002,-0.07,-0.0007000000000000001,-0.31,-0.0031,0.29,0.0029
2019-10-31,1.05,0.0105,-0.97,-0.0097,-0.04,-0.0004,-1.18,-0.0118,-1.13,-0.0113,-1.0,-0.01,-0.98,-0.0098,-0.36,-0.0036,0.28,0.0028000000000000004,0.19,0.0019,-0.49,-0.0049,0.38,0.0038,-1.48,-0.0148,-1.77,-0.0177,-0.44,-0.0044,-0.61,-0.0060999999999999995,-0.66,-0.0066,-1.04,-0.0104,-1.2,-0.012,-0.01,-0.0001
2019-11-01,-0.17,-0.0017000000000000001,0.29,0.0029,0.49,0.0049,2.2,0.022000000000000002,2.91,0.0291,3.87,0.0387,1.92,0.0192,2.48,0.0248,0.1,0.001,0.87,0.0087,0.76,0.0076,1.6,0.016,1.28,0.0128,2.48,0.0248,2.23,0.0223,0.86,0.0086,1.32,0.0132,2.36,0.0236,1.94,0.0194,-0.88,-0.0088
2019-11-04,-0.54,-0.0054,0.15,0.0015,-0.38,-0.0038,1.16,0.0116,-0.64,-0.0064,1.73,0.0173,1.66,0.0166,3.23,0.0323,-0.94,-0.009399999999999999,-0.53,-0.0053,0.2,0.002,0.97,0.0097,0.86,0.0086,1.77,0.0177,0.63,0.0063,0.48,0.0048,0.66,0.0066,0.13,0.0013,2.16,0.0216,-0.98,-0.0098
2019-11-05,-0.44,-0.0044,0.79,0.0079,-0.64,-0.0064,1.08,0.0108,-0.36,-0.0036,-0.31,-0.0031,0.18,0.0018,0.49,0.0049,-0.96,-0.0096,0.08,0.0008,-0.12,-0.0012,-0.04,-0.0004,0.57,0.005699999999999999,-0.41,-0.0040999999999999995,0.51,0.0051,0.27,0.0027,0.07,0.0007000000000000001,-1.47,-0.0147,0.28,0.0028000000000000004,0.88,0.0088
2019-11-06,0.7,0.006999999999999999,-0.14,-0.0014000000000000002,0.16,0.0016,-0.1,-0.001,0.34,0.0034000000000000002,-0.67,-0.0067,0.37,0.0037,-2.3,-0.023,-0.08,-0.0008,-0.2,-0.002,-0.28,-0.0028000000000000004,0.01,0.0001,0.06,0.0006,-0.36,-0.0036,-0.37,-0.0037,0.17,0.0017000000000000001,0.26,0.0026,-0.94,-0.009399999999999999,-0.98,-0.0098,0.72,0.0072
2019-11-07,-0.12,-0.0012,1.25,0.0125,0.08,0.0008,1.17,0.011699999999999999,-0.97,-0.0097,1.59,0.0159,1.15,0.0115,1.99,0.0199,-1.29,-0.0129,1.08,0.0108,0.26,0.0026,0.69,0.0069,-0.08,-0.0008,-0.04,-0.0004,0.18,0.0018,0.02,0.0002,0.9,0.009000000000000001,0.89,0.0089,-0.58,-0.0058,-0.5,-0.005
2019-11-08,-0.07,-0.0007000000000000001,-0.02,-0.0002,1.06,0.0106,0.81,0.008100000000000001,-0.01,-0.0001,0.21,0.0021,0.47,0.004699999999999999,-0.58,-0.0058,-0.33,-0.0033,0.47,0.004699999999999999,0.56,0.005600000000000001,0.58,0.0058,-0.03,-0.0003,-0.19,-0.0019,0.24,0.0024,-0.21,-0.0021,0.27,0.0027,-0.17,-0.0017000000000000001,1.02,0.0102,-0.03,-0.0003
2019-11-11,-0.23,-0.0023,0.1,0.001,-0.4,-0.004,0.0,0.0,0.82,0.008199999999999999,-0.55,-0.0055000000000000005,0.46,0.0046,-0.67,-0.0067,-0.74,-0.0074,0.04,0.0004,-0.11,-0.0011,-0.08,-0.0008,-0.81,-0.008100000000000001,-0.26,-0.0026,-0.25,-0.0025,-0.34,-0.0034000000000000002,-0.24,-0.0024,-0.22,-0.0022,0.1,0.001,-0.13,-0.0013
2019-11-12,0.45,0.0045000000000000005,-0.83,-0.0083,0.39,0.0039000000000000003,0.39,0.0039000000000000003,0.42,0.0042,-0.29,-0.0029,-0.16,-0.0016,-0.63,-0.0063,0.21,0.0021,-0.24,-0.0024,0.51,0.0051,0.25,0.0025,0.34,0.0034000000000000002,-0.78,-0.0078000000000000005,0.31,0.0031,0.12,0.0012,0.14,0.0014000000000000002,-0.21,-0.0021,2.79,0.0279,0.49,0.0049
2019-11-13,0.85,0.0085,1.03,0.0103,0.01,0.0001,-1.08,-0.0108,-0.01,-0.0001,-1.91,-0.0191,-1.83,-0.0183,-0.63,-0.0063,1.29,0.0129,1.41,0.0141,0.07,0.0007000000000000001,0.26,0.0026,-0.06,-0.0006,-0.62,-0.0062,0.18,0.0018,-0.2,-0.002,-0.52,-0.0052,0.01,0.0001,-0.1,-0.001,0.54,0.0054
2019-11-14,0.08,0.0008,0.3,0.003,-0.15,-0.0015,0.42,0.0042,0.35,0.0034999999999999996,-0.53,-0.0053,0.13,0.0013,-0.26,-0.0026,0.19,0.0019,-0.32,-0.0032,0.54,0.0054,-0.64,-0.0064,0.18,0.0018,-0.15,-0.0015,-0.06,-0.0006,0.38,0.0038,0.18,0.0018,0.51,0.0051,0.4,0.004,0.04,0.0004
2019-11-15,0.1,0.001,1.56,0.015600000000000001,1.56,0.015600000000000001,-0.44,-0.0044,-0.34,-0.0034000000000000002,0.91,0.0091,0.52,0.0052,0.81,0.008100000000000001,0.46,0.0046,-0.26,-0.0026,1.09,0.0109,0.94,0.009399999999999999,-0.02,-0.0002,0.48,0.0048,0.93,0.009300000000000001,-0.12,-0.0012,0.84,0.0084,0.68,0.0068000000000000005,0.9,0.009000000000000001,0.21,0.0021
2019-11-18,0.47,0.004699999999999999,0.63,0.0063,-0.33,-0.0033,-0.92,-0.0092,0.4,0.004,0.24,0.0024,-0.52,-0.0052,-1.49,-0.0149,-0.02,-0.0002,0.61,0.0060999999999999995,0.02,0.0002,0.07,0.0007000000000000001,0.19,0.0019,-0.04,-0.0004,-0.23,-0.0023,0.49,0.0049,0.15,0.0015,0.03,0.0003,-0.75,-0.0075,0.27,0.0027
2019-11-19,0.09,0.0009,-0.91,-0.0091,0.91,0.0091,-0.22,-0.0022,-0.22,-0.0022,-1.1,-0.011000000000000001,0.35,0.0034999999999999996,-1.56,-0.015600000000000001,-0.37,-0.0037,-0.63,-0.0063,0.43,0.0043,0.12,0.0012,-0.01,-0.0001,-0.14,-0.0014000000000000002,-0.23,-0.0023,-0.99,-0.009899999999999999,0.41,0.0040999999999999995,0.87,0.0087,0.33,0.0033,-0.26,-0.0026
2019-11-20,0.05,0.0005,-0.84,-0.0084,0.01,0.0001,-1.45,-0.014499999999999999,-0.29,-0.0029,-0.72,-0.0072,-2.02,-0.0202,0.82,0.008199999999999999,0.64,0.0064,-0.93,-0.009300000000000001,-0.2,-0.002,-0.88,-0.0088,-0.88,-0.0088,-1.2,-0.012,-0.55,-0.0055000000000000005,-0.3,-0.003,-0.35,-0.0034999999999999996,-0.63,-0.0063,-0.87,-0.0087,-0.13,-0.0013
2019-11-21,-0.82,-0.008199999999999999,-0.87,-0.0087,0.24,0.0024,-0.29,-0.0029,-0.77,-0.0077,0.05,0.0005,0.01,0.0001,1.71,0.0171,-0.25,-0.0025,0.25,0.0025,-0.25,-0.0025,-0.44,-0.0044,-0.78,-0.0078000000000000005,0.36,0.0036,0.08,0.0008,-0.3,-0.003,-0.01,-0.0001,-0.34,-0.0034000000000000002,-0.1,-0.001,-0.84,-0.0084
2019-11-22,-0.06,-0.0006,1.54,0.0154,0.47,0.004699999999999999,0.24,0.0024,0.12,0.0012,1.53,0.015300000000000001,-0.38,-0.0038,-0.4,-0.004,0.02,0.0002,0.46,0.0046,0.02,0.0002,0.06,0.0006,0.63,0.0063,0.91,0.0091,0.63,0.0063,0.28,0.0028000000000000004,0.49,0.0049,0.53,0.0053,0.55,0.0055000000000000005,0.82,0.008199999999999999
2019-11-25,0.65,0.006500000000000001,0.2,0.002,1.38,0.0138,0.84,0.0084,1.42,0.014199999999999999,1.95,0.0195,1.49,0.0149,0.21,0.0021,-0.2,-0.002,-0.64,-0.0064,1.02,0.0102,1.69,0.0169,0.96,0.0096,1.33,0.013300000000000001,0.97,0.0097,0.81,0.008100000000000001,0.99,0.009899999999999999,0.8,0.008,1.47,0.0147,0.69,0.0069
2019-11-26,1.01,0.0101,0.65,0.006500000000000001,0.16,0.0016,0.29,0.0029,0.95,0.0095,0.03,0.0003,-0.42,-0.0042,-1.07,-0.010700000000000001,0.23,0.0023,0.6,0.006,0.54,0.0054,-0.45,-0.0045000000000000005,0.55,0.0055000000000000005,0.27,0.0027,-0.57,-0.005699999999999999,0.68,0.0068000000000000005,-0.13,-0.0013,0.85,0.0085,0.73,0.0073,1.09,0.0109
2019-11-27,0.28,0.0028000000000000004,1.17,0.011699999999999999,0.67,0.0067,0.3,0.003,-0.11,-0.0011,0.94,0.009399999999999999,0.49,0.0049,0.34,0.0034000000000000002,0.15,0.0015,0.62,0.0062,0.35,0.0034999999999999996,0.76,0.0076,0.59,0.0059,-0.1,-0.001,0.18,0.0018,0.58,0.0058,0.42,0.0042,0.46,0.0046,0.35,0.0034999999999999996,1.08,0.0108
2019-11-29,-0.35,-0.0034999999999999996,-0.69,-0.0069,-0.27,-0.0027,-0.57,-0.005699999999999999,-0.76,-0.0076,-0.89,-0.0089,-0.69,-0.0069,-1.15,-0.0115,-0.25,-0.0025,-0.26,-0.0026,-0.4,-0.004,-0.5,-0.005,-0.43,-0.0043,-0.52,-0.0052,-0.72,-0.0072,-0.62,-0.0062,-0.24,-0.0024,-0.73,-0.0073,-0.96,-0.0096,-0.37,-0.0037
2019-12-02,0.29,0.0029,-0.54,-0.0054,-0.59,-0.0059,-0.86,-0.0086,-1.41,-0.0141,0.4,0.004,0.02,0.0002,0.1,0.001,-0.76,-0.0076,-0.66,-0.0066,-1.38,-0.0138,-1.23,-0.0123,-0.47,-0.004699999999999999,-1.51,-0.0151,-0.48,-0.0048,-0.77,-0.0077,-0.81,-0.008100000000000001,0.33,0.0033,-0.7,-0.006999999999999999,-0.12,-0.0012
2019-12-03,-0.15,-0.0015,-1.53,-0.015300000000000001,0.08,0.0008,-1.18,-0.0118,-0.29,-0.0029,-1.58,-0.0158,-0.93,-0.009300000000000001,-1.41,-0.0141,0.3,0.003,-0.21,-0.0021,-0.1,-0.001,-1.22,-0.012199999999999999,-0.87,-0.0087,-1.84,-0.0184,-0.45,-0.0045000000000000005,-0.89,-0.0089,-1.11,-0.0111,-0.66,-0.0066,-0.5,-0.005,-0.85,-0.0085
2019-12-04,0.66,0.0066,1.75,0.0175,1.04,0.0104,-0.06,-0.0006,0.52,0.0052,0.98,0.0098,0.1,0.001,1.66,0.0166,0.69,0.0069,0.32,0.0032,0.3,0.003,0.82,0.008199999999999999,0.53,0.0053,0.79,0.0079,0.75,0.0075,0.1,0.001,0.81,0.008100000000000001,0.64,0.0064,0.86,0.0086,0.35,0.0034999999999999996
2019-12-05,-0.05,-0.0005,1.9,0.019,-0.31,-0.0031,0.36,0.0036,0.95,0.0095,0.74,0.0074,0.02,0.0002,-0.65,-0.006500000000000001,0.17,0.0017000000000000001,0.16,0.0016,0.18,0.0018,0.49,0.0049,-0.13,-0.0013,-0.33,-0.0033,0.49,0.0049,-0.49,-0.0049,0.47,0.004699999999999999,1.7,0.017,0.64,0.0064,-0.09,-0.0009
2019-12-06,0.33,0.0033,0.76,0.0076,0.66,0.0066,1.36,0.013600000000000001,-0.01,-0.0001,2.33,0.0233,1.31,0.0131,2.21,0.022099999999999998,-0.08,-0.0008,0.31,0.0031,0.85,0.0085,1.39,0.0139,1.73,0.0173,0.89,0.0089,0.88,0.0088,0.81,0.008100000000000001,1.02,0.0102,0.39,0.0039000000000000003,1.23,0.0123,1.03,0.0103
2019-12-09,0.08,0.0008,0.32,0.0032,-0.53,-0.0053,-0.37,-0.0037,-0.13,-0.0013,0.08,0.0008,-0.18,-0.0018,-0.32,-0.0032,-0.15,-0.0015,-0.64,-0.0064,-0.21,-0.0021,-0.75,-0.0075,-0.33,-0.0033,-0.25,-0.0025,-0.34,-0.0034000000000000002,0.1,0.001,-0.32,-0.0032,0.65,0.006500000000000001,-0.33,-0.0033,-0.32,-0.0032
2019-12-10,-0.2,-0.002,-0.1,-0.001,0.28,0.0028000000000000004,-0.66,-0.0066,-0.2,-0.002,-0.02,-0.0002,0.78,0.0078000000000000005,0.12,0.0012,0.18,0.0018,-0.56,-0.005600000000000001,-0.22,-0.0022,0.32,0.0032,-1.02,-0.0102,-0.05,-0.0005,-0.21,-0.0021,-0.38,-0.0038,0.02,0.0002,0.24,0.0024,0.11,0.0011,-0.09,-0.0009
2019-12-11,-0.15,-0.0015,0.41,0.0040999999999999995,0.01,0.0001,0.58,0.0058,1.17,0.011699999999999999,0.54,0.0054,0.74,0.0074,-0.4,-0.004,0.36,0.0036,0.04,0.0004,0.22,0.0022,1.0,0.01,0.41,0.0040999999999999995,0.58,0.0058,0.48,0.0048,0.07,0.0007000000000000001,-0.17,-0.0017000000000000001,2.26,0.0226,0.72,0.0072,0.43,0.0043
2019-12-12,-0.12,-0.0012,0.61,0.0060999999999999995,0.82,0.008199999999999999,1.64,0.016399999999999998,-0.06,-0.0006,0.92,0.0092,2.08,0.0208,2.32,0.0232,-0.38,-0.0038,0.59,0.0059,0.24,0.0024,1.31,0.0131,0.15,0.0015,0.98,0.0098,0.97,0.0097,0.73,0.0073,1.74,0.0174,0.99,0.009899999999999999,1.1,0.011000000000000001,0.9,0.009000000000000001
2019-12-13,0.05,0.0005,-0.16,-0.0016,0.03,0.0003,-1.04,-0.0104,-0.11,-0.0011,-2.17,-0.0217,-1.26,-0.0126,-1.09,-0.0109,0.67,0.0067,0.09,0.0009,0.36,0.0036,0.11,0.0011,-0.25,-0.0025,0.16,0.0016,-0.82,-0.008199999999999999,-0.22,-0.0022,-0.23,-0.0023,0.17,0.0017000000000000001,-0.85,-0.0085,0.4,0.004
2019-12-16,0.53,0.0053,1.03,0.0103,0.89,0.0089,0.31,0.0031,0.03,0.0003,-1.16,-0.0116,2.32,0.0232,1.57,0.015700000000000002,1.21,0.0121,0.53,0.0053,0.89,0.0089,1.16,0.0116,0.77,0.0077,1.14,0.011399999999999999,0.86,0.0086,0.34,0.0034000000000000002,0.68,0.0068000000000000005,-0.47,-0.004699999999999999,0.51,0.0051,0.43,0.0043
2019-12-17,-0.02,-0.0002,0.56,0.005600000000000001,0.21,0.0021,0.12,0.0012,-0.24,-0.0024,1.16,0.0116,-0.1,-0.001,0.19,0.0019,0.43,0.0043,-0.08,-0.0008,-0.41,-0.0040999999999999995,0.1,0.001,0.1,0.001,-0.22,-0.0022,-0.59,-0.0059,0.74,0.0074,0.35,0.0034999999999999996,0.29,0.0029,-0.12,-0.0012,-0.24,-0.0024
2019-12-18,-0.1,-0.001,1.35,0.013500000000000002,0.01,0.0001,-0.35,-0.0034999999999999996,-0.51,-0.0051,-0.06,-0.0006,1.88,0.018799999999999997,0.27,0.0027,0.55,0.0055000000000000005,-0.25,-0.0025,0.24,0.0024,-0.17,-0.0017000000000000001,-0.08,-0.0008,-0.7,-0.006999999999999999,-0.08,-0.0008,-0.32,-0.0032,-0.22,-0.0022,0.98,0.0098,0.13,0.0013,-0.25,-0.0025
2019-12-19,0.96,0.0096,0.17,0.0017000000000000001,0.37,0.0037,0.43,0.0043,-0.56,-0.005600000000000001,-0.48,-0.0048,0.24,0.0024,-0.09,-0.0009,0.04,0.0004,0.59,0.0059,0.72,0.0072,0.66,0.0066,0.55,0.0055000000000000005,-0.03,-0.0003,0.05,0.0005,0.51,0.0051,0.17,0.0017000000000000001,-0.21,-0.0021,-0.25,-0.0025,0.46,0.0046
2019-12-20,1.06,0.0106,0.12,0.0012,0.75,0.0075,0.39,0.0039000000000000003,1.32,0.0132,-0.59,-0.0059,0.33,0.0033,0.81,0.008100000000000001,0.74,0.0074,0.92,0.0092,0.51,0.0051,0.43,0.0043,1.2,0.012,0.8,0.008,0.96,0.0096,0.0,0.0,0.12,0.0012,-0.65,-0.006500000000000001,0.5,0.005,0.29,0.0029
2019-12-23,-0.3,-0.003,0.04,0.0004,0.51,0.0051,0.5,0.005,-0.41,-0.0040999999999999995,0.26,0.0026,0.59,0.0059,1.01,0.0101,-0.78,-0.0078000000000000005,-0.56,-0.005600000000000001,-0.06,-0.0006,0.85,0.0085,0.7,0.006999999999999999,0.01,0.0001,-0.26,-0.0026,-0.28,-0.0028000000000000004,-0.15,-0.0015,0.84,0.0084,-0.22,-0.0022,-0.35,-0.0034999999999999996
2019-12-24,-0.03,-0.0003,0.11,0.0011,0.07,0.0007000000000000001,-0.03,-0.0003,0.3,0.003,0.01,0.0001,0.21,0.0021,0.02,0.0002,0.01,0.0001,0.18,0.0018,-0.13,-0.0013,0.02,0.0002,-0.48,-0.0048,0.07,0.0007000000000000001,0.3,0.003,0.18,0.0018,0.08,0.0008,0.95,0.0095,-0.22,-0.0022,0.2,0.002
2019-12-26,0.17,0.0017000000000000001,0.57,0.005699999999999999,-0.24,-0.0024,0.17,0.0017000000000000001,-0.02,-0.0002,-0.06,-0.0006,0.23,0.0023,0.07,0.0007000000000000001,0.17,0.0017000000000000001,0.44,0.0044,0.73,0.0073,0.77,0.0077,-0.07,-0.0007000000000000001,0.36,0.0036,0.11,0.0011,1.65,0.0165,0.5,0.005,1.18,0.0118,0.38,0.0038,0.34,0.0034000000000000002
2019-12-27,0.46,0.0046,0.29,0.0029,-0.24,-0.0024,-0.35,-0.0034999999999999996,-0.29,-0.0029,-0.3,-0.003,-0.16,-0.0016,-0.58,-0.0058,0.15,0.0015,0.07,0.0007000000000000001,-0.05,-0.0005,-0.15,-0.0015,0.0,0.0,-0.29,-0.0029,-0.03,-0.0003,-0.04,-0.0004,-0.11,-0.0011,-0.59,-0.0059,-0.34,-0.0034000000000000002,0.09,0.0009
2019-12-30,-0.3,-0.003,-0.42,-0.0042,-0.74,-0.0074,-0.57,-0.005699999999999999,-0.25,-0.0025,-0.4,-0.004,-1.34,-0.0134,-0.37,-0.0037,-0.03,-0.0003,-0.47,-0.004699999999999999,-1.07,-0.010700000000000001,-0.17,-0.0017000000000000001,-0.51,-0.0051,-0.97,-0.0097,-0.3,-0.003,-0.61,-0.0060999999999999995,-0.41,-0.0040999999999999995,0.47,0.004699999999999999,-0.17,-0.0017000000000000001,-0.5,-0.005
2019-12-31,0.43,0.0043,0.41,0.0040999999999999995,0.36,0.0036,0.99,0.009899999999999999,0.13,0.0013,0.27,0.0027,0.47,0.004699999999999999,0.77,0.0077,0.58,0.0058,0.25,0.0025,0.25,0.0025,0.44,0.0044,0.26,0.0026,0.28,0.0028000000000000004,0.12,0.0012,0.02,0.0002,0.21,0.0021,0.22,0.0022,-0.08,-0.0008,0.17,0.0017000000000000001
2020-01-02,-1.16,-0.0116,0.63,0.0063,0.11,0.0011,-1.13,-0.0113,0.33,0.0033,-1.0,-0.01,1.64,0.016399999999999998,0.92,0.0092,-1.31,-0.0131,0.44,0.0044,1.71,0.0171,1.86,0.018600000000000002,0.25,0.0025,1.21,0.0121,0.25,0.0025,0.96,0.0096,0.77,0.0077,-0.32,-0.0032,0.9,0.009000000000000001,1.22,0.012199999999999999
2020-01-03,0.01,0.0001,-0.27,-0.0027,-0.81,-0.008100000000000001,-1.63,-0.0163,-0.1,-0.001,-1.03,-0.0103,-0.72,-0.0072,-0.32,-0.0032,0.2,0.002,-0.46,-0.0046,-0.62,-0.0062,-0.99,-0.009899999999999999,-0.67,-0.0067,-0.68,-0.0068000000000000005,-0.85,-0.0085,-0.78,-0.0078000000000000005,-0.96,-0.0096,-1.53,-0.015300000000000001,-0.67,-0.0067,-0.45,-0.0045000000000000005
2020-01-06,-0.08,-0.0008,0.05,0.0005,0.51,0.0051,-0.44,-0.0044,0.52,0.0052,-0.63,-0.0063,-0.07,-0.0007000000000000001,0.83,0.0083,0.21,0.0021,-0.07,-0.0007000000000000001,1.06,0.0106,0.2,0.002,-0.47,-0.004699999999999999,-0.48,-0.0048,-0.12,-0.0012,0.64,0.0064,-0.03,-0.0003,0.26,0.0026,0.07,0.0007000000000000001,0.06,0.0006
2020-01-07,-0.69,-0.0069,-0.23,-0.0023,-0.32,-0.0032,-0.32,-0.0032,-0.39,-0.0039000000000000003,0.46,0.0046,0.74,0.0074,-0.16,-0.0016,-0.2,-0.002,0.09,0.0009,-0.11,-0.0011,0.26,0.0026,-0.47,-0.004699999999999999,0.43,0.0043,-0.19,-0.0019,-0.22,-0.0022,-0.55,-0.0055000000000000005,0.09,0.0009,0.51,0.0051,-0.39,-0.0039000000000000003
2020-01-08,-0.02,-0.0002,-0.25,-0.0025,0.51,0.0051,0.26,0.0026,0.57,0.005699999999999999,-0.54,-0.0054,1.31,0.0131,-1.92,-0.0192,-0.26,-0.0026,0.3,0.003,1.08,0.0108,0.61,0.0060999999999999995,1.01,0.0101,1.02,0.0102,0.5,0.005,-0.26,-0.0026,0.9,0.009000000000000001,-0.55,-0.0055000000000000005,0.14,0.0014000000000000002,1.06,0.0106
2020-01-09,0.57,0.005699999999999999,-0.66,-0.0066,0.57,0.005699999999999999,0.08,0.0008,0.19,0.0019,-1.01,-0.0101,-0.72,-0.0072,0.64,0.0064,0.5,0.005,-0.06,-0.0006,1.09,0.0109,1.09,0.0109,0.79,0.0079,0.26,0.0026,0.33,0.0033,0.58,0.0058,0.54,0.0054,-0.24,-0.0024,-0.82,-0.008199999999999999,0.9,0.009000000000000001
2020-01-10,0.44,0.0044,-0.72,-0.0072,0.04,0.0004,-0.65,-0.006500000000000001,0.08,0.0008,-1.69,-0.0169,-0.78,-0.0078000000000000005,-0.74,-0.0074,0.16,0.0016,-0.52,-0.0052,-0.06,-0.0006,-0.24,-0.0024,-0.19,-0.0019,-0.34,-0.0034000000000000002,0.24,0.0024,-0.66,-0.0066,-0.48,-0.0048,0.79,0.0079,-0.78,-0.0078000000000000005,-0.49,-0.0049
2020-01-13,1.12,0.011200000000000002,1.47,0.0147,-0.07,-0.0007000000000000001,1.63,0.0163,0.78,0.0078000000000000005,1.14,0.011399999999999999,3.3,0.033,0.0,0.0,0.72,0.0072,0.24,0.0024,1.11,0.0111,1.41,0.0141,0.83,0.0083,0.85,0.0085,0.04,0.0004,0.17,0.0017000000000000001,0.34,0.0034000000000000002,1.16,0.0116,1.3,0.013000000000000001,0.16,0.0016
2020-01-14,-0.15,-0.0015,0.56,0.005600000000000001,0.85,0.0085,0.23,0.0023,0.48,0.0048,1.03,0.0103,1.15,0.0115,0.07,0.0007000000000000001,0.28,0.0028000000000000004,0.29,0.0029,-0.59,-0.0059,-0.49,-0.0049,0.05,0.0005,0.96,0.0096,0.56,0.005600000000000001,-0.2,-0.002,-0.15,-0.0015,-0.85,-0.0085,-0.73,-0.0073,0.15,0.0015
2020-01-15,0.38,0.0038,-0.35,-0.0034999999999999996,0.57,0.005699999999999999,0.67,0.0067,0.99,0.009899999999999999,-0.95,-0.0095,-1.42,-0.014199999999999999,-0.55,-0.0055000000000000005,1.23,0.0123,0.11,0.0011,0.55,0.0055000000000000005,-0.42,-0.0042,0.16,0.0016,0.27,0.0027,0.65,0.006500000000000001,-0.44,-0.0044,-0.07,-0.0007000000000000001,0.13,0.0013,0.06,0.0006,0.68,0.0068000000000000005
2020-01-16,0.54,0.0054,0.53,0.0053,0.45,0.0045000000000000005,0.52,0.0052,0.81,0.008100000000000001,-0.66,-0.0066,0.46,0.0046,0.01,0.0001,0.62,0.0062,0.72,0.0072,1.11,0.0111,1.32,0.0132,1.1,0.011000000000000001,1.18,0.0118,0.85,0.0085,0.82,0.008199999999999999,1.04,0.0104,-0.03,-0.0003,1.5,0.015,0.88,0.0088
2020-01-17,0.02,0.0002,0.19,0.0019,-0.07,-0.0007000000000000001,0.37,0.0037,0.02,0.0002,0.09,0.0009,-0.34,-0.0034000000000000002,-0.74,-0.0074,0.61,0.0060999999999999995,0.32,0.0032,0.6,0.006,0.65,0.006500000000000001,0.25,0.0025,0.12,0.0012,-0.65,-0.006500000000000001,-0.09,-0.0009,0.44,0.0044,0.13,0.0013,0.11,0.0011,0.94,0.009399999999999999
2020-01-21,0.16,0.0016,-0.15,-0.0015,-0.19,-0.0019,-0.83,-0.0083,0.34,0.0034000000000000002,-2.94,-0.0294,1.34,0.0134,-1.89,-0.0189,0.39,0.0039000000000000003,-0.01,-0.0001,-0.12,-0.0012,-0.32,-0.0032,-1.17,-0.011699999999999999,-1.05,-0.0105,-0.54,-0.0054,0.56,0.005600000000000001,-0.6,-0.006,-1.49,-0.0149,-0.79,-0.0079,-1.07,-0.010700000000000001
2020-01-22,0.24,0.0024,-0.02,-0.0002,0.12,0.0012,-0.69,-0.0069,0.07,0.0007000000000000001,-0.46,-0.0046,0.99,0.009899999999999999,-0.99,-0.009899999999999999,0.13,0.0013,0.61,0.0060999999999999995,0.04,0.0004,0.52,0.0052,0.1,0.001,-0.69,-0.0069,0.16,0.0016,-0.09,-0.0009,0.28,0.0028000000000000004,-0.2,-0.002,-0.55,-0.0055000000000000005,0.24,0.0024
2020-01-23,0.27,0.0027,-2.03,-0.0203,-0.58,-0.0058,-0.07,-0.0007000000000000001,1.11,0.0111,-0.32,-0.0032,0.37,0.0037,-0.6,-0.006,0.99,0.009899999999999999,-1.16,-0.0116,0.21,0.0021,0.44,0.0044,0.1,0.001,1.77,0.0177,0.14,0.0014000000000000002,0.01,0.0001,-0.17,-0.0017000000000000001,-0.79,-0.0079,-0.03,-0.0003,0.75,0.0075
2020-01-24,-0.55,-0.0055000000000000005,-1.08,-0.0108,-1.66,-0.0166,-0.64,-0.0064,-1.23,-0.0123,-3.09,-0.030899999999999997,-1.42,-0.014199999999999999,-1.23,-0.0123,0.11,0.0011,-1.15,-0.0115,-0.93,-0.009300000000000001,-0.17,-0.0017000000000000001,-0.68,-0.0068000000000000005,-0.8,-0.008,-1.16,-0.0116,-1.25,-0.0125,-1.36,-0.013600000000000001,-0.89,-0.0089,-0.83,-0.0083,-1.4,-0.013999999999999999
2020-01-27,-0.62,-0.0062,-1.91,-0.0191,-0.3,-0.003,-2.67,-0.026699999999999998,-0.69,-0.0069,-2.2,-0.022000000000000002,-1.76,-0.0176,-2.8,-0.027999999999999997,-0.45,-0.0045000000000000005,-1.18,-0.0118,-1.61,-0.0161,-2.83,-0.028300000000000002,-0.66,-0.0066,-2.49,-0.024900000000000002,-1.16,-0.0116,-0.67,-0.0067,-1.76,-0.0176,-2.46,-0.0246,-1.84,-0.0184,-1.78,-0.0178
2020-01-28,-0.23,-0.0023,0.51,0.0051,0.43,0.0043,1.09,0.0109,1.4,0.013999999999999999,0.49,0.0049,1.21,0.0121,0.56,0.005600000000000001,0.45,0.0045000000000000005,0.8,0.008,1.48,0.0148,1.95,0.0195,-2.17,-0.0217,0.85,0.0085,0.77,0.0077,0.94,0.009399999999999999,1.09,0.0109,1.22,0.012199999999999999,1.01,0.0101,0.77,0.0077
2020-01-29,-0.33,-0.0033,0.05,0.0005,0.01,0.0001,-0.03,-0.0003,-0.9,-0.009000000000000001,-0.99,-0.009899999999999999,0.59,0.0059,-1.13,-0.0113,0.1,0.001,-2.2,-0.022000000000000002,0.47,0.004699999999999999,0.04,0.0004,-0.73,-0.0073,0.49,0.0049,-0.3,-0.003,-0.26,-0.0026,-0.3,-0.003,-0.18,-0.0018,-0.25,-0.0025,0.64,0.0064
2020-01-30,2.57,0.025699999999999997,-0.69,-0.0069,-0.44,-0.0044,-1.47,-0.0147,0.38,0.0038,0.59,0.0059,3.29,0.0329,0.82,0.008199999999999999,0.83,0.0083,0.8,0.008,0.31,0.0031,-0.24,-0.0024,-0.07,-0.0007000000000000001,-0.57,-0.005699999999999999,-0.16,-0.0016,0.11,0.0011,0.92,0.0092,1.01,0.0101,-0.04,-0.0004,-0.04,-0.0004
2020-01-31,-1.49,-0.0149,-2.08,-0.0208,-1.7,-0.017,-2.0,-0.02,-2.45,-0.0245,-2.66,-0.026600000000000002,0.06,0.0006,-3.3,-0.033,-0.57,-0.005699999999999999,-0.01,-0.0001,-1.74,-0.0174,-3.5,-0.035,-2.11,-0.021099999999999997,-2.33,-0.0233,-2.41,-0.0241,1.31,0.0131,-2.28,-0.022799999999999997,-1.27,-0.0127,-2.65,-0.0265,-1.27,-0.0127
2020-02-03,0.53,0.0053,1.78,0.0178,1.18,0.0118,1.62,0.016200000000000003,0.82,0.008199999999999999,0.9,0.009000000000000001,8.01,0.0801,-1.62,-0.016200000000000003,0.46,0.0046,-0.2,-0.002,1.96,0.0196,0.45,0.0045000000000000005,0.36,0.0036,0.53,0.0053,-0.25,-0.0025,0.23,0.0023,0.84,0.0084,1.77,0.0177,1.32,0.0132,0.54,0.0054
2020-02-04,0.27,0.0027,1.88,0.018799999999999997,1.73,0.0173,2.04,0.0204,0.59,0.0059,2.43,0.024300000000000002,6.75,0.0675,0.02,0.0002,-0.82,-0.008199999999999999,1.76,0.0176,1.65,0.0165,2.52,0.0252,0.61,0.0060999999999999995,1.98,0.019799999999999998,1.08,0.0108,1.68,0.0168,1.29,0.0129,0.95,0.0095,2.46,0.0246,1.35,0.013500000000000002
2020-02-05,0.47,0.004699999999999999,0.04,0.0004,1.38,0.0138,1.49,0.0149,2.27,0.0227,2.15,0.0215,-7.45,-0.0745,4.17,0.0417,0.58,0.0058,0.07,0.0007000000000000001,-0.21,-0.0021,1.39,0.0139,2.88,0.0288,0.75,0.0075,1.6,0.016,0.87,0.0087,2.02,0.0202,1.59,0.0159,1.54,0.0154,0.05,0.0005
2020-02-06,-0.41,-0.0040999999999999995,-0.36,-0.0036,0.14,0.0014000000000000002,-0.26,-0.0026,-0.42,-0.0042,-0.75,-0.0075,-0.2,-0.002,-1.27,-0.0127,-0.08,-0.0008,0.69,0.0069,1.16,0.0116,0.58,0.0058,0.09,0.0009,0.09,0.0009,0.66,0.0066,0.06,0.0006,-0.2,-0.002,-0.5,-0.005,-0.9,-0.009000000000000001,-0.92,-0.0092
2020-02-07,0.3,0.003,-1.14,-0.011399999999999999,-0.73,-0.0073,-1.48,-0.0148,-0.47,-0.004699999999999999,-2.18,-0.0218,-1.22,-0.012199999999999999,-0.9,-0.009000000000000001,-0.33,-0.0033,0.09,0.0009,-0.21,-0.0021,-1.5,-0.015,-1.34,-0.0134,0.37,0.0037,-0.94,-0.009399999999999999,0.31,0.0031,-0.5,-0.005,-1.45,-0.014499999999999999,-0.71,-0.0070999999999999995,-0.6,-0.006
2020-02-10,0.7,0.006999999999999999,0.43,0.0043,0.66,0.0066,-0.41,-0.0040999999999999995,1.14,0.011399999999999999,-0.2,-0.002,1.45,0.014499999999999999,-0.73,-0.0073,0.34,0.0034000000000000002,0.31,0.0031,1.4,0.013999999999999999,0.91,0.0091,0.16,0.0016,0.13,0.0013,0.41,0.0040999999999999995,1.21,0.0121,0.34,0.0034000000000000002,0.38,0.0038,1.31,0.0131,0.94,0.009399999999999999
2020-02-11,0.12,0.0012,-0.3,-0.003,0.4,0.004,0.93,0.009300000000000001,0.73,0.0073,1.61,0.0161,0.77,0.0077,1.1,0.011000000000000001,0.36,0.0036,1.17,0.011699999999999999,-0.78,-0.0078000000000000005,0.53,0.0053,0.97,0.0097,0.59,0.0059,0.71,0.0070999999999999995,0.59,0.0059,0.47,0.004699999999999999,-0.22,-0.0022,0.45,0.0045000000000000005,0.77,0.0077
2020-02-12,-0.08,-0.0008,2.47,0.024700000000000003,-0.31,-0.0031,1.0,0.01,0.28,0.0028000000000000004,0.12,0.0012,0.58,0.0058,1.36,0.013600000000000001,0.1,0.001,0.58,0.0058,0.8,0.008,1.43,0.0143,0.16,0.0016,0.69,0.0069,1.09,0.0109,0.67,0.0067,0.65,0.006500000000000001,0.2,0.002,1.15,0.0115,1.06,0.0106
2020-02-13,-0.03,-0.0003,-0.03,-0.0003,-0.5,-0.005,-0.49,-0.0049,0.07,0.0007000000000000001,-0.65,-0.006500000000000001,1.72,0.0172,-0.4,-0.004,1.01,0.0101,0.03,0.0003,0.13,0.0013,-0.73,-0.0073,-0.75,-0.0075,-0.27,-0.0027,-0.2,-0.002,-0.06,-0.0006,0.14,0.0014000000000000002,0.16,0.0016,-0.71,-0.0070999999999999995,0.16,0.0016
2020-02-14,0.32,0.0032,-0.02,-0.0002,0.32,0.0032,0.07,0.0007000000000000001,-0.09,-0.0009,-1.43,-0.0143,-0.98,-0.0098,-0.59,-0.0059,0.62,0.0062,-0.17,-0.0017000000000000001,0.7,0.006999999999999999,0.15,0.0015,0.13,0.0013,-0.5,-0.005,0.06,0.0006,-0.19,-0.0019,0.03,0.0003,-0.39,-0.0039000000000000003,-0.67,-0.0067,-0.16,-0.0016
2020-02-18,-0.39,-0.0039000000000000003,-0.99,-0.009899999999999999,-0.27,-0.0027,-0.95,-0.0095,-0.56,-0.005600000000000001,0.22,0.0022,2.8,0.027999999999999997,-0.79,-0.0079,0.68,0.0068000000000000005,0.24,0.0024,0.41,0.0040999999999999995,-1.12,-0.011200000000000002,-0.6,-0.006,-0.04,-0.0004,-0.48,-0.0048,0.74,0.0074,-0.58,-0.0058,-1.04,-0.0104,-0.61,-0.0060999999999999995,-0.23,-0.0023
2020-02-19,-0.12,-0.0012,0.39,0.0039000000000000003,0.46,0.0046,0.77,0.0077,0.39,0.0039000000000000003,0.97,0.0097,3.16,0.0316,1.45,0.014499999999999999,-0.76,-0.0076,0.66,0.0066,0.53,0.0053,1.42,0.014199999999999999,-0.31,-0.0031,0.69,0.0069,0.47,0.004699999999999999,0.14,0.0014000000000000002,0.66,0.0066,0.83,0.0083,1.29,0.0129,0.58,0.0058
2020-02-20,-0.05,-0.0005,0.36,0.0036,-0.43,-0.0043,0.09,0.0009,0.95,0.0095,-0.15,-0.0015,-0.46,-0.0046,-0.21,-0.0021,0.43,0.0043,-0.37,-0.0037,-0.85,-0.0085,-0.94,-0.009399999999999999,-0.27,-0.0027,0.22,0.0022,-0.02,-0.0002,0.14,0.0014000000000000002,-0.11,-0.0011,0.78,0.0078000000000000005,1.19,0.011899999999999999,0.1,0.001
2020-02-21,-0.17,-0.0017000000000000001,-2.06,-0.0206,-0.02,-0.0002,-0.98,-0.0098,-0.23,-0.0023,0.56,0.005600000000000001,-0.73,-0.0073,-1.37,-0.0137,-0.24,-0.0024,-0.43,-0.0043,-2.17,-0.0217,-1.92,-0.0192,-0.39,-0.0039000000000000003,-1.2,-0.012,-1.06,-0.0106,-1.25,-0.0125,-1.11,-0.0111,-0.28,-0.0028000000000000004,-0.38,-0.0038,-0.6,-0.006
2020-02-24,-1.83,-0.0183,-4.24,-0.0424,-2.5,-0.025,-2.93,-0.029300000000000003,-2.68,-0.0268,-2.79,-0.0279,-5.67,-0.0567,-4.9,-0.049,-1.35,-0.013500000000000002,-2.13,-0.0213,-3.68,-0.0368,-4.35,-0.0435,-2.9,-0.028999999999999998,-3.9,-0.039,-2.46,-0.0246,-3.14,-0.031400000000000004,-3.91,-0.0391,-2.12,-0.0212,-2.91,-0.0291,-2.86,-0.0286
2020-02-25,-1.9,-0.019,-3.78,-0.0378,-2.53,-0.0253,-4.44,-0.0444,-4.09,-0.0409,-4.51,-0.0451,-3.86,-0.038599999999999995,-4.38,-0.0438,-2.28,-0.022799999999999997,-2.44,-0.024399999999999998,-2.63,-0.0263,-3.37,-0.0337,-3.3,-0.033,-4.59,-0.045899999999999996,-3.3,-0.033,-2.21,-0.022099999999999998,-4.16,-0.0416,-3.31,-0.0331,-3.64,-0.0364,-2.9,-0.028999999999999998
2020-02-26,-0.87,-0.0087,-1.11,-0.0111,0.08,0.0008,-0.65,-0.006500000000000001,-2.57,-0.025699999999999997,-1.79,-0.0179,-1.34,-0.0134,-3.31,-0.0331,-1.19,-0.011899999999999999,-1.43,-0.0143,0.15,0.0015,0.39,0.0039000000000000003,0.26,0.0026,-2.3,-0.023,-1.0,-0.01,-0.28,-0.0028000000000000004,-0.84,-0.0084,-0.87,-0.0087,-0.72,-0.0072,-1.79,-0.0179
2020-02-27,-3.69,-0.0369,-3.94,-0.0394,-3.01,-0.0301,-4.47,-0.0447,-2.5,-0.025,-4.26,-0.0426,-7.24,-0.0724,-5.66,-0.056600000000000004,-4.58,-0.0458,-3.45,-0.0345,-4.71,-0.0471,-5.08,-0.0508,-2.26,-0.0226,-3.87,-0.0387,-4.11,-0.041100000000000005,-4.23,-0.042300000000000004,-4.07,-0.0407,-4.56,-0.045599999999999995,-4.53,-0.0453,-4.11,-0.041100000000000005
2020-02-28,-2.23,-0.0223,0.3,0.003,-1.42,-0.014199999999999999,-0.89,-0.0089,-2.35,-0.0235,-0.73,-0.0073,-1.07,-0.010700000000000001,1.76,0.0176,-3.16,-0.0316,-1.23,-0.0123,0.92,0.0092,0.19,0.0019,-1.01,-0.0101,-0.6,-0.006,-1.89,-0.0189,-1.3,-0.013000000000000001,-1.99,-0.0199,-1.3,-0.013000000000000001,-1.34,-0.0134,-1.0,-0.01
2020-03-02,4.29,0.0429,3.2,0.032,4.36,0.0436,3.52,0.0352,3.77,0.0377,2.61,0.026099999999999998,6.16,0.0616,2.45,0.0245,5.44,0.054400000000000004,3.9,0.039,4.13,0.041299999999999996,5.51,0.055099999999999996,4.21,0.0421,0.43,0.0043,3.37,0.0337,4.73,0.0473,4.86,0.048600000000000004,4.66,0.0466,3.55,0.0355,2.97,0.0297
2020-03-03,-0.81,-0.008100000000000001,-2.43,-0.024300000000000002,-2.62,-0.0262,-1.41,-0.0141,-0.53,-0.0053,-2.47,-0.024700000000000003,-1.5,-0.015,-3.25,-0.0325,-1.18,-0.0118,-2.47,-0.024700000000000003,-3.83,-0.0383,-2.8,-0.027999999999999997,-2.51,-0.025099999999999997,-2.28,-0.022799999999999997,-2.0,-0.02,-2.17,-0.0217,-3.72,-0.037200000000000004,1.31,0.0131,-2.08,-0.0208,-3.04,-0.0304
2020-03-04,4.48,0.044800000000000006,3.08,0.0308,4.98,0.049800000000000004,3.75,0.0375,4.42,0.044199999999999996,2.59,0.0259,1.77,0.0177,2.09,0.0209,5.24,0.0524,3.78,0.0378,3.7,0.037000000000000005,4.57,0.045700000000000005,4.51,0.0451,3.92,0.0392,3.2,0.032,3.78,0.0378,3.97,0.0397,3.67,0.036699999999999997,4.12,0.0412,2.92,0.0292
2020-03-05,-2.45,-0.0245,-3.94,-0.0394,-1.96,-0.0196,-3.51,-0.0351,-4.19,-0.04190000000000001,-5.55,-0.0555,-4.06,-0.0406,-3.76,-0.037599999999999995,-1.73,-0.0173,-3.19,-0.0319,-3.45,-0.0345,-3.45,-0.0345,-2.65,-0.0265,-5.17,-0.051699999999999996,-3.5,-0.035,-2.46,-0.0246,-4.36,-0.0436,-1.43,-0.0143,-3.89,-0.038900000000000004,-5.06,-0.0506
2020-03-06,-1.89,-0.0189,-1.92,-0.0192,-0.64,-0.0064,-2.62,-0.0262,-3.43,-0.034300000000000004,-3.36,-0.0336,-2.83,-0.028300000000000002,-5.69,-0.056900000000000006,-1.19,-0.011899999999999999,-0.72,-0.0072,-2.48,-0.0248,-1.52,-0.0152,0.24,0.0024,-0.22,-0.0022,-2.13,-0.0213,-0.83,-0.0083,-2.78,-0.0278,-1.33,-0.013300000000000001,-1.91,-0.0191,-0.36,-0.0036
2020-03-09,-5.29,-0.0529,-7.07,-0.0707,-5.65,-0.0565,-9.61,-0.09609999999999999,-9.56,-0.0956,-13.37,-0.13369999999999999,-11.38,-0.11380000000000001,-19.89,-0.1989,-7.18,-0.0718,-6.52,-0.0652,-7.03,-0.0703,-7.85,-0.0785,-6.45,-0.0645,-9.64,-0.0964,-7.91,-0.0791,-4.46,-0.0446,-10.27,-0.1027,-9.48,-0.09480000000000001,-10.82,-0.1082,-6.43,-0.0643
2020-03-10,3.04,0.0304,4.09,0.0409,3.21,0.0321,4.94,0.049400000000000006,3.91,0.0391,5.29,0.0529,6.18,0.061799999999999994,5.46,0.0546,1.25,0.0125,3.94,0.0394,5.47,0.0547,6.06,0.060599999999999994,3.99,0.039900000000000005,5.35,0.0535,4.17,0.0417,4.31,0.0431,5.94,0.0594,4.43,0.0443,7.14,0.07139999999999999,5.61,0.056100000000000004
2020-03-11,-3.64,-0.0364,-5.43,-0.054299999999999994,-4.58,-0.0458,-5.27,-0.0527,-7.78,-0.07780000000000001,-5.44,-0.054400000000000004,-3.16,-0.0316,-5.74,-0.0574,-5.07,-0.0507,-3.65,-0.0365,-5.08,-0.0508,-4.86,-0.048600000000000004,-5.11,-0.051100000000000007,-5.78,-0.057800000000000004,-4.35,-0.0435,-4.35,-0.0435,-5.29,-0.0529,-6.87,-0.0687,-6.61,-0.0661,-7.89,-0.0789
2020-03-12,-9.01,-0.0901,-11.86,-0.1186,-7.48,-0.0748,-9.09,-0.0909,-13.0,-0.13,-11.5,-0.115,-10.33,-0.1033,-11.59,-0.1159,-10.55,-0.10550000000000001,-9.08,-0.0908,-9.31,-0.0931,-9.84,-0.0984,-9.31,-0.0931,-10.39,-0.1039,-10.74,-0.1074,-9.08,-0.0908,-10.43,-0.1043,-9.19,-0.0919,-9.78,-0.0978,-8.58,-0.0858
2020-03-13,5.87,0.0587,3.95,0.0395,6.61,0.0661,7.8,0.078,5.65,0.0565,10.98,0.10980000000000001,3.11,0.0311,9.05,0.09050000000000001,6.17,0.0617,9.07,0.0907,10.66,0.1066,10.62,0.10619999999999999,7.62,0.0762,8.35,0.08349999999999999,7.19,0.0719,7.09,0.0709,12.19,0.1219,0.38,0.0038,7.17,0.0717,5.7,0.057
2020-03-16,-7.47,-0.0747,-13.42,-0.13419999999999999,-9.62,-0.0962,-12.88,-0.1288,-16.3,-0.163,-14.52,-0.1452,-14.73,-0.14730000000000001,-13.49,-0.1349,-11.65,-0.1165,-8.85,-0.0885,-13.31,-0.1331,-12.95,-0.1295,-7.19,-0.0719,-11.47,-0.11470000000000001,-12.27,-0.12269999999999999,-9.64,-0.0964,-14.63,-0.1463,-6.47,-0.0647,-10.49,-0.10490000000000001,-15.26,-0.15259999999999999
2020-03-17,7.22,0.0722,4.63,0.0463,5.94,0.0594,6.66,0.0666,1.23,0.0123,2.68,0.0268,-1.78,-0.0178,1.32,0.0132,11.78,0.11779999999999999,4.14,0.0414,6.06,0.060599999999999994,6.49,0.0649,6.38,0.0638,4.33,0.0433,4.92,0.0492,7.29,0.0729,5.54,0.0554,5.77,0.057699999999999994,4.98,0.049800000000000004,-3.51,-0.0351
2020-03-18,-4.83,-0.0483,-4.41,-0.0441,-2.47,-0.024700000000000003,-7.86,-0.0786,-10.07,-0.1007,-11.39,-0.1139,-12.45,-0.1245,-13.24,-0.1324,-5.75,-0.0575,-4.14,-0.0414,-4.76,-0.047599999999999996,-4.35,-0.0435,-3.26,-0.0326,-8.35,-0.08349999999999999,-7.13,-0.0713,-1.59,-0.0159,-8.89,-0.0889,-11.95,-0.1195,-13.82,-0.1382,-8.74,-0.0874
2020-03-19,-2.13,-0.0213,4.02,0.04019999999999999,-1.04,-0.0104,3.08,0.0308,4.46,0.0446,9.04,0.0904,8.56,0.08560000000000001,5.64,0.0564,-3.63,-0.0363,1.13,0.0113,2.01,0.020099999999999996,0.88,0.0088,-1.47,-0.0147,3.93,0.0393,3.36,0.0336,1.38,0.0138,2.48,0.0248,5.91,0.0591,4.26,0.0426,9.26,0.0926
2020-03-20,-4.88,-0.048799999999999996,-3.79,-0.0379,-4.23,-0.042300000000000004,-3.1,-0.031,-4.62,-0.0462,-2.82,-0.0282,-1.86,-0.018600000000000002,0.38,0.0038,-7.45,-0.0745,-6.83,-0.0683,-3.32,-0.0332,-4.03,-0.0403,-6.67,-0.0667,-2.65,-0.0265,-6.28,-0.06280000000000001,-3.48,-0.0348,-4.82,-0.0482,-5.05,-0.050499999999999996,-4.76,-0.047599999999999996,-0.83,-0.0083
2020-03-23,-3.4,-0.034,-5.16,-0.0516,-3.79,-0.0379,-5.67,-0.0567,-4.58,-0.0458,-2.81,-0.0281,-1.76,-0.0176,-6.73,-0.0673,-5.62,-0.0562,-1.31,-0.0131,-0.86,-0.0086,-1.01,-0.0101,-5.84,-0.0584,-0.63,-0.0063,-2.99,-0.029900000000000003,1.29,0.0129,-6.06,-0.060599999999999994,-2.02,-0.0202,-5.21,-0.0521,-3.04,-0.0304
2020-03-24,6.22,0.0622,13.96,0.1396,6.99,0.0699,11.21,0.1121,15.19,0.1519,12.07,0.1207,15.01,0.1501,16.14,0.16140000000000002,10.94,0.1094,5.75,0.0575,8.75,0.0875,10.0,0.1,10.08,0.1008,12.71,0.12710000000000002,10.64,0.10640000000000001,4.3,0.043,13.17,0.1317,13.85,0.13849999999999998,13.85,0.13849999999999998,15.89,0.1589
2020-03-25,1.61,0.0161,6.51,0.06509999999999999,0.51,0.0051,2.92,0.0292,7.48,0.0748,-1.54,-0.0154,5.07,0.0507,4.43,0.0443,2.85,0.0285,0.42,0.0042,-0.74,-0.0074,-0.47,-0.004699999999999999,-0.33,-0.0033,2.78,0.0278,1.73,0.0173,-1.73,-0.0173,4.16,0.0416,4.16,0.0416,5.21,0.0521,1.81,0.0181
2020-03-26,5.08,0.0508,6.0,0.06,6.45,0.0645,5.39,0.053899999999999997,5.68,0.056799999999999996,7.01,0.0701,1.15,0.0115,6.0,0.06,8.07,0.08070000000000001,6.93,0.0693,6.02,0.0602,6.35,0.0635,5.84,0.0584,4.85,0.048499999999999995,7.83,0.0783,4.03,0.0403,6.98,0.0698,2.64,0.0264,5.38,0.0538,3.14,0.031400000000000004
2020-03-27,-1.94,-0.0194,-3.54,-0.0354,-2.15,-0.0215,-4.43,-0.0443,-5.53,-0.0553,-2.76,-0.0276,-3.34,-0.0334,-6.92,-0.0692,-0.07,-0.0007000000000000001,-4.2,-0.042,-4.13,-0.041299999999999996,-4.24,-0.0424,-1.14,-0.011399999999999999,-4.19,-0.04190000000000001,-4.5,-0.045,-2.2,-0.022000000000000002,-4.13,-0.041299999999999996,-5.74,-0.0574,-6.2,-0.062,-4.2,-0.042
2020-03-30,4.66,0.0466,2.14,0.021400000000000002,4.81,0.0481,3.22,0.0322,1.55,0.0155,3.84,0.0384,-0.54,-0.0054,1.48,0.0148,3.3,0.033,2.65,0.0265,4.32,0.0432,3.25,0.0325,3.83,0.0383,0.83,0.0083,3.12,0.031200000000000002,2.97,0.0297,2.38,0.023799999999999998,1.15,0.0115,1.98,0.019799999999999998,1.57,0.015700000000000002
2020-03-31,-1.47,-0.0147,-3.57,-0.035699999999999996,-0.31,-0.0031,-1.77,-0.0177,-1.64,-0.016399999999999998,2.73,0.0273,0.71,0.0070999999999999995,1.44,0.0144,-3.36,-0.0336,-2.21,-0.022099999999999998,-1.02,-0.0102,-1.26,-0.0126,-1.89,-0.0189,-0.89,-0.0089,-1.14,-0.011399999999999999,-1.45,-0.014499999999999999,-2.94,-0.0294,2.12,0.0212,-0.15,-0.0015,-1.87,-0.0187
2020-04-01,-3.19,-0.0319,-5.74,-0.0574,-4.0,-0.04,-5.37,-0.0537,-7.16,-0.0716,-2.94,-0.0294,-6.67,-0.0667,-4.4,-0.044000000000000004,-6.2,-0.062,-2.86,-0.0286,-4.56,-0.045599999999999995,-4.88,-0.048799999999999996,-3.07,-0.030699999999999998,-5.78,-0.057800000000000004,-4.27,-0.042699999999999995,-2.4,-0.024,-5.88,-0.0588,-1.66,-0.0166,-6.96,-0.0696,-5.01,-0.0501
2020-04-02,2.66,0.026600000000000002,0.87,0.0087,3.47,0.0347,0.92,0.0092,0.25,0.0025,-0.22,-0.0022,-2.96,-0.0296,9.12,0.09119999999999999,3.39,0.0339,2.97,0.0297,1.18,0.0118,2.84,0.028399999999999998,2.37,0.023700000000000002,0.84,0.0084,-0.55,-0.0055000000000000005,0.88,0.0088,2.2,0.022000000000000002,1.87,0.0187,2.65,0.0265,0.06,0.0006
2020-04-03,0.85,0.0085,-1.69,-0.0169,-0.68,-0.0068000000000000005,-2.64,-0.0264,-3.42,-0.0342,-2.1,-0.021,0.87,0.0087,-1.26,-0.0126,-3.29,-0.0329,-2.4,-0.024,-1.74,-0.0174,-1.74,-0.0174,-2.66,-0.026600000000000002,-2.37,-0.023700000000000002,-3.17,-0.0317,-0.73,-0.0073,-2.83,-0.028300000000000002,-3.27,-0.0327,-3.12,-0.031200000000000002,-2.25,-0.0225
2020-04-06,3.86,0.038599999999999995,8.94,0.0894,4.97,0.049699999999999994,7.87,0.0787,11.24,0.1124,7.33,0.0733,7.98,0.07980000000000001,5.09,0.0509,7.43,0.07429999999999999,5.97,0.059699999999999996,7.98,0.07980000000000001,8.34,0.0834,5.44,0.054400000000000004,7.65,0.0765,8.17,0.0817,6.1,0.061,8.62,0.0862,6.67,0.0667,9.14,0.09140000000000001,10.75,0.1075
2020-04-07,-0.02,-0.0002,1.28,0.0128,-1.34,-0.0134,3.09,0.030899999999999997,1.17,0.011699999999999999,0.73,0.0073,4.56,0.045599999999999995,1.63,0.0163,-0.79,-0.0079,1.17,0.011699999999999999,-0.45,-0.0045000000000000005,-0.86,-0.0086,1.0,0.01,0.12,0.0012,0.9,0.009000000000000001,0.19,0.0019,0.63,0.0063,2.36,0.0236,1.01,0.0101,1.23,0.0123
2020-04-08,1.73,0.0173,2.28,0.022799999999999997,3.78,0.0378,5.0,0.05,6.6,0.066,4.36,0.0436,3.46,0.0346,7.2,0.07200000000000001,5.23,0.052300000000000006,1.53,0.015300000000000001,2.69,0.0269,2.87,0.0287,3.36,0.0336,4.14,0.0414,3.26,0.0326,1.87,0.0187,4.99,0.0499,3.08,0.0308,5.54,0.0554,4.14,0.0414
2020-04-09,2.25,0.0225,2.55,0.0255,0.97,0.0097,3.88,0.0388,3.58,0.0358,2.31,0.0231,3.96,0.039599999999999996,-1.31,-0.0131,4.77,0.04769999999999999,1.61,0.0161,1.02,0.0102,-0.12,-0.0012,1.03,0.0103,0.77,0.0077,2.69,0.0269,0.64,0.0064,3.88,0.0388,7.19,0.0719,2.41,0.0241,2.99,0.029900000000000003
2020-04-13,-2.02,-0.0202,-3.09,-0.030899999999999997,-0.94,-0.009399999999999999,-3.01,-0.0301,-5.12,-0.0512,-2.43,-0.024300000000000002,3.73,0.0373,-0.34,-0.0034000000000000002,-2.95,-0.029500000000000002,-1.31,-0.0131,-0.32,-0.0032,0.85,0.0085,-1.21,-0.0121,-1.98,-0.019799999999999998,-3.13,-0.0313,2.68,0.0268,-3.31,-0.0331,0.62,0.0062,-4.26,-0.0426,-2.64,-0.0264
2020-04-14,3.54,0.0354,3.31,0.0331,3.55,0.0355,1.24,0.0124,2.1,0.021,-0.14,-0.0014000000000000002,5.1,0.051,-0.64,-0.0064,2.82,0.0282,3.14,0.031400000000000004,3.84,0.0384,4.13,0.041299999999999996,2.15,0.0215,1.7,0.017,2.72,0.027200000000000002,4.37,0.0437,0.67,0.0067,0.86,0.0086,1.86,0.018600000000000002,2.87,0.0287
2020-04-15,-2.03,-0.0203,-3.51,-0.0351,-0.97,-0.0097,-4.82,-0.0482,-5.71,-0.0571,-6.8,-0.068,-0.92,-0.0092,-4.44,-0.0444,-3.52,-0.0352,-2.36,-0.0236,-1.3,-0.013000000000000001,-1.88,-0.018799999999999997,-2.87,-0.0287,-1.88,-0.018799999999999997,-2.63,-0.0263,-0.89,-0.0089,-4.0,-0.04,-4.43,-0.0443,-4.94,-0.049400000000000006,-2.45,-0.0245
2020-04-16,0.63,0.0063,0.4,0.004,1.89,0.0189,-0.52,-0.0052,-0.55,-0.0055000000000000005,-0.02,-0.0002,0.39,0.0039000000000000003,-4.25,-0.0425,0.01,0.0001,0.52,0.0052,1.04,0.0104,1.27,0.0127,-0.51,-0.0051,-0.92,-0.0092,-0.34,-0.0034000000000000002,2.77,0.0277,-1.03,-0.0103,-0.16,-0.0016,-0.72,-0.0072,1.14,0.011399999999999999
2020-04-17,1.0,0.01,5.2,0.052000000000000005,3.04,0.0304,5.13,0.0513,5.84,0.0584,5.22,0.052199999999999996,2.99,0.029900000000000003,10.73,0.1073,3.55,0.0355,2.26,0.0226,2.06,0.0206,0.49,0.0049,2.63,0.0263,3.4,0.034,3.67,0.036699999999999997,0.67,0.0067,4.89,0.0489,3.06,0.030600000000000002,4.66,0.0466,4.57,0.045700000000000005
2020-04-20,-1.23,-0.0123,-2.94,-0.0294,0.04,0.0004,-2.36,-0.0236,-3.81,-0.0381,-2.7,-0.027000000000000003,-1.35,-0.013500000000000002,-3.44,-0.0344,-3.57,-0.035699999999999996,-1.55,-0.0155,-1.13,-0.0113,-1.67,-0.0167,-2.42,-0.0242,-2.33,-0.0233,-2.07,-0.0207,-0.73,-0.0073,-2.35,-0.0235,-1.61,-0.0161,-1.37,-0.0137,-2.58,-0.0258
2020-04-21,-2.54,-0.0254,-3.49,-0.0349,-3.1,-0.031,-2.21,-0.022099999999999998,-2.27,-0.0227,-2.15,-0.0215,-5.32,-0.053200000000000004,-1.32,-0.0132,-1.48,-0.0148,-2.83,-0.028300000000000002,-4.1,-0.040999999999999995,-3.81,-0.0381,-1.51,-0.0151,-1.92,-0.0192,-3.28,-0.032799999999999996,-2.26,-0.0226,-3.07,-0.030699999999999998,-2.15,-0.0215,-2.56,-0.0256,-2.05,-0.020499999999999997
2020-04-22,1.04,0.0104,2.76,0.0276,1.56,0.015600000000000001,2.27,0.0227,1.43,0.0143,0.97,0.0097,3.43,0.034300000000000004,3.89,0.038900000000000004,2.62,0.0262,0.66,0.0066,3.69,0.0369,3.81,0.0381,1.21,0.0121,0.67,0.0067,2.16,0.0216,1.48,0.0148,1.51,0.0151,2.71,0.0271,1.7,0.017,5.25,0.0525
2020-04-23,-0.82,-0.008199999999999999,-1.0,-0.01,0.64,0.0064,1.12,0.011200000000000002,0.94,0.009399999999999999,3.17,0.0317,-0.97,-0.0097,3.52,0.0352,-1.57,-0.015700000000000002,0.39,0.0039000000000000003,-0.11,-0.0011,-0.53,-0.0053,-0.03,-0.0003,1.88,0.018799999999999997,0.14,0.0014000000000000002,0.22,0.0022,0.18,0.0018,0.83,0.0083,1.76,0.0176,-1.8,-0.018000000000000002
2020-04-24,0.7,0.006999999999999999,1.41,0.0141,1.53,0.015300000000000001,1.82,0.0182,2.14,0.021400000000000002,-0.35,-0.0034999999999999996,2.4,0.024,0.18,0.0018,0.78,0.0078000000000000005,1.12,0.011200000000000002,1.6,0.016,2.19,0.0219,1.27,0.0127,2.13,0.0213,3.37,0.0337,1.48,0.0148,1.46,0.0146,1.35,0.013500000000000002,1.34,0.0134,0.77,0.0077
2020-04-27,1.37,0.0137,3.63,0.0363,1.17,0.011699999999999999,3.02,0.0302,4.91,0.049100000000000005,6.06,0.060599999999999994,6.73,0.0673,2.19,0.0219,1.24,0.0124,2.14,0.021400000000000002,0.84,0.0084,1.31,0.0131,3.55,0.0355,2.38,0.023799999999999998,3.39,0.0339,0.3,0.003,3.86,0.038599999999999995,2.51,0.025099999999999997,3.83,0.0383,2.42,0.0242
2020-04-28,0.63,0.0063,0.77,0.0077,-2.35,-0.0235,0.77,0.0077,5.13,0.0513,0.85,0.0085,-1.21,-0.0121,2.23,0.0223,0.55,0.0055000000000000005,-0.15,-0.0015,-1.83,-0.0183,-1.0,-0.01,2.48,0.0248,0.68,0.0068000000000000005,1.34,0.0134,-1.01,-0.0101,0.73,0.0073,1.43,0.0143,3.64,0.0364,0.74,0.0074
2020-04-29,0.54,0.0054,1.3,0.013000000000000001,0.93,0.009300000000000001,4.46,0.0446,4.79,0.0479,6.62,0.0662,3.7,0.037000000000000005,7.95,0.0795,-0.4,-0.004,2.44,0.024399999999999998,5.02,0.050199999999999995,3.32,0.0332,0.29,0.0029,2.8,0.027999999999999997,2.57,0.025699999999999997,1.31,0.0131,4.1,0.040999999999999995,2.62,0.0262,3.65,0.0365,1.76,0.0176
2020-04-30,-1.51,-0.0151,-2.92,-0.0292,-0.91,-0.0091,-2.83,-0.028300000000000002,-3.61,-0.0361,-5.27,-0.0527,-2.91,-0.0291,-1.73,-0.0173,-2.4,-0.024,-2.63,-0.0263,0.31,0.0031,-0.75,-0.0075,-2.62,-0.0262,-2.85,-0.0285,-2.14,-0.021400000000000002,0.76,0.0076,-2.61,-0.026099999999999998,-4.74,-0.047400000000000005,-3.99,-0.039900000000000005,-1.5,-0.015
2020-05-01,-1.55,-0.0155,-2.74,-0.0274,-1.92,-0.0192,-2.94,-0.0294,-2.78,-0.0278,-1.61,-0.0161,-6.94,-0.0694,-6.34,-0.0634,-2.63,-0.0263,-1.48,-0.0148,-2.5,-0.025,-3.02,-0.0302,-1.9,-0.019,-3.19,-0.0319,-3.48,-0.0348,-3.96,-0.039599999999999996,-3.3,-0.033,-0.55,-0.0055000000000000005,-3.28,-0.032799999999999996,-3.39,-0.0339
2020-05-04,-0.81,-0.008100000000000001,-0.23,-0.0023,0.6,0.006,-0.13,-0.0013,0.17,0.0017000000000000001,0.18,0.0018,3.6,0.036000000000000004,3.88,0.0388,0.84,0.0084,-0.87,-0.0087,1.42,0.014199999999999999,0.88,0.0088,-0.51,-0.0051,-2.07,-0.0207,0.15,0.0015,1.22,0.012199999999999999,-0.3,-0.003,2.25,0.0225,-0.06,-0.0006,-1.01,-0.0101
2020-05-05,0.83,0.0083,0.89,0.0089,2.24,0.022400000000000003,0.95,0.0095,1.57,0.015700000000000002,-0.22,-0.0022,1.12,0.011200000000000002,-0.01,-0.0001,0.96,0.0096,-0.36,-0.0036,1.56,0.015600000000000001,1.49,0.0149,-0.89,-0.0089,0.95,0.0095,0.1,0.001,0.67,0.0067,0.23,0.0023,0.67,0.0067,1.78,0.0178,-0.18,-0.0018
2020-05-06,-0.36,-0.0036,0.67,0.0067,-0.64,-0.0064,-0.98,-0.0098,-1.21,-0.0121,-1.92,-0.0192,1.14,0.011399999999999999,-2.61,-0.026099999999999998,-3.42,-0.0342,-1.78,-0.0178,0.67,0.0067,0.68,0.0068000000000000005,-1.26,-0.0126,-1.39,-0.0139,-0.69,-0.0069,0.4,0.004,-1.87,-0.0187,-3.22,-0.0322,-1.27,-0.0127,-0.73,-0.0073
2020-05-07,-0.08,-0.0008,0.76,0.0076,0.15,0.0015,1.61,0.0161,1.17,0.011699999999999999,1.16,0.0116,0.43,0.0043,2.28,0.022799999999999997,0.74,0.0074,1.88,0.018799999999999997,2.01,0.020099999999999996,1.16,0.0116,0.63,0.0063,2.4,0.024,1.5,0.015,0.56,0.005600000000000001,1.95,0.0195,2.72,0.027200000000000002,1.39,0.0139,3.08,0.0308
2020-05-08,2.81,0.0281,2.92,0.0292,0.76,0.0076,3.81,0.0381,4.31,0.0431,5.05,0.050499999999999996,5.23,0.052300000000000006,4.55,0.0455,2.25,0.0225,2.75,0.0275,0.8,0.008,2.07,0.0207,2.45,0.0245,3.26,0.0326,2.36,0.0236,1.3,0.013000000000000001,2.25,0.0225,1.31,0.0131,2.97,0.0297,1.77,0.0177
2020-05-11,-0.44,-0.0044,-0.42,-0.0042,2.51,0.025099999999999997,-0.85,-0.0085,-2.07,-0.0207,-4.18,-0.0418,-1.46,-0.0146,-1.79,-0.0179,-0.55,-0.0055000000000000005,-1.17,-0.011699999999999999,0.75,0.0075,0.92,0.0092,-1.62,-0.016200000000000003,-1.28,-0.0128,-0.04,-0.0004,0.87,0.0087,-1.79,-0.0179,-2.64,-0.0264,-0.83,-0.0083,-1.49,-0.0149
2020-05-12,-0.54,-0.0054,-3.07,-0.030699999999999998,-1.75,-0.0175,-1.95,-0.0195,-4.33,-0.0433,-4.77,-0.04769999999999999,-1.59,-0.0159,-1.93,-0.019299999999999998,-1.11,-0.0111,-2.07,-0.0207,-2.15,-0.0215,-1.92,-0.0192,-2.54,-0.0254,-2.18,-0.0218,-3.47,-0.0347,-1.78,-0.0178,-2.95,-0.029500000000000002,-1.23,-0.0123,-3.65,-0.0365,-2.4,-0.024
2020-05-13,-1.21,-0.0121,-3.85,-0.0385,-1.0,-0.01,-2.83,-0.028300000000000002,-3.57,-0.035699999999999996,-4.47,-0.0447,-3.19,-0.0319,-4.49,-0.0449,-1.21,-0.0121,-1.82,-0.0182,-1.91,-0.0191,-1.58,-0.0158,-2.97,-0.0297,-1.86,-0.018600000000000002,-3.3,-0.033,-0.58,-0.0058,-3.18,-0.0318,-0.98,-0.0098,-3.0,-0.03,-2.51,-0.025099999999999997
2020-05-14,-0.36,-0.0036,1.96,0.0196,0.48,0.0048,0.79,0.0079,1.49,0.0149,0.63,0.0063,2.09,0.0209,0.9,0.009000000000000001,0.97,0.0097,1.51,0.0151,0.79,0.0079,1.36,0.013600000000000001,0.85,0.0085,0.28,0.0028000000000000004,0.87,0.0087,0.74,0.0074,2.93,0.029300000000000003,3.0,0.03,1.95,0.0195,1.9,0.019
2020-05-15,0.02,0.0002,0.24,0.0024,0.98,0.0098,1.13,0.0113,1.91,0.0191,1.33,0.013300000000000001,0.38,0.0038,-0.29,-0.0029,-0.96,-0.0096,0.74,0.0074,1.31,0.0131,-0.17,-0.0017000000000000001,0.66,0.0066,-0.99,-0.009899999999999999,1.27,0.0127,1.31,0.0131,-0.03,-0.0003,1.17,0.011699999999999999,2.31,0.0231,0.58,0.0058
2020-05-18,2.28,0.022799999999999997,5.73,0.057300000000000004,1.1,0.011000000000000001,4.94,0.049400000000000006,9.27,0.09269999999999999,8.61,0.0861,4.53,0.0453,8.21,0.0821,4.48,0.044800000000000006,4.5,0.045,1.47,0.0147,3.09,0.030899999999999997,4.93,0.0493,6.7,0.067,6.22,0.0622,1.69,0.0169,5.11,0.051100000000000007,3.18,0.0318,6.72,0.0672,4.25,0.0425
2020-05-19,-1.36,-0.013600000000000001,-0.85,-0.0085,-1.46,-0.0146,-0.97,-0.0097,-0.57,-0.005699999999999999,-1.48,-0.0148,-0.82,-0.008199999999999999,-2.98,-0.0298,-1.7,-0.017,-1.36,-0.013600000000000001,-0.16,-0.0016,-0.49,-0.0049,-1.36,-0.013600000000000001,-0.71,-0.0070999999999999995,-1.09,-0.0109,-0.28,-0.0028000000000000004,-2.19,-0.0219,0.54,0.0054,-1.37,-0.0137,-0.12,-0.0012
2020-05-20,1.59,0.0159,2.12,0.0212,0.61,0.0060999999999999995,2.32,0.0232,1.76,0.0176,2.49,0.024900000000000002,1.66,0.0166,3.86,0.038599999999999995,0.86,0.0086,1.43,0.0143,2.29,0.0229,2.21,0.022099999999999998,1.3,0.013000000000000001,3.07,0.030699999999999998,2.26,0.0226,0.91,0.0091,2.25,0.0225,-0.34,-0.0034000000000000002,2.1,0.021,2.36,0.0236
2020-05-21,-1.65,-0.0165,2.14,0.021400000000000002,-0.8,-0.008,-0.19,-0.0019,1.04,0.0104,-1.13,-0.0113,0.99,0.009899999999999999,-1.32,-0.0132,-0.94,-0.009399999999999999,-0.64,-0.0064,-0.7,-0.006999999999999999,-1.37,-0.0137,-0.6,-0.006,-0.55,-0.0055000000000000005,-0.34,-0.0034000000000000002,-0.39,-0.0039000000000000003,-0.51,-0.0051,-2.17,-0.0217,-0.26,-0.0026,0.11,0.0011
2020-05-22,0.46,0.0046,-0.02,-0.0002,0.3,0.003,0.28,0.0028000000000000004,0.87,0.0087,-0.77,-0.0077,-0.44,-0.0044,-0.69,-0.0069,1.05,0.0105,0.16,0.0016,0.78,0.0078000000000000005,0.66,0.0066,0.61,0.0060999999999999995,0.75,0.0075,0.04,0.0004,-0.16,-0.0016,-0.24,-0.0024,-0.74,-0.0074,-0.45,-0.0045000000000000005,-0.2,-0.002
2020-05-26,1.1,0.011000000000000001,4.17,0.0417,-0.95,-0.0095,2.86,0.0286,4.55,0.0455,5.8,0.057999999999999996,2.61,0.026099999999999998,2.79,0.0279,1.04,0.0104,1.73,0.0173,-0.19,-0.0019,0.12,0.0012,3.01,0.0301,3.97,0.0397,3.11,0.0311,0.24,0.0024,4.68,0.046799999999999994,-0.28,-0.0028000000000000004,5.3,0.053,0.73,0.0073
2020-05-27,2.06,0.0206,3.31,0.0331,0.56,0.005600000000000001,1.26,0.0126,4.09,0.0409,5.4,0.054000000000000006,1.58,0.0158,1.04,0.0104,1.04,0.0104,2.05,0.020499999999999997,0.19,0.0019,1.17,0.011699999999999999,3.19,0.0319,2.45,0.0245,3.3,0.033,0.73,0.0073,3.71,0.0371,1.61,0.0161,2.83,0.028300000000000002,1.84,0.0184
2020-05-28,0.64,0.0064,-2.21,-0.022099999999999998,0.99,0.009899999999999999,0.11,0.0011,-3.59,-0.0359,-2.11,-0.021099999999999997,-2.4,-0.024,-3.09,-0.030899999999999997,2.39,0.0239,-1.03,-0.0103,0.07,0.0007000000000000001,-0.66,-0.0066,-0.17,-0.0017000000000000001,-1.67,-0.0167,-0.83,-0.0083,-0.28,-0.0028000000000000004,-1.43,-0.0143,-0.54,-0.0054,-2.1,-0.021,-0.92,-0.0092
2020-05-29,0.52,0.0052,-0.09,-0.0009,1.46,0.0146,0.0,0.0,-0.61,-0.0060999999999999995,-1.11,-0.0111,1.03,0.0103,-0.3,-0.003,0.76,0.0076,0.84,0.0084,1.21,0.0121,1.35,0.013500000000000002,-0.54,-0.0054,0.42,0.0042,0.29,0.0029,1.12,0.011200000000000002,-1.09,-0.0109,-0.86,-0.0086,-1.14,-0.011399999999999999,-0.74,-0.0074
2020-06-01,0.67,0.0067,2.12,0.0212,-1.07,-0.010700000000000001,0.17,0.0017000000000000001,1.0,0.01,1.15,0.0115,4.63,0.0463,1.92,0.0192,0.97,0.0097,0.1,0.001,0.72,0.0072,0.06,0.0006,0.36,0.0036,-0.06,-0.0006,0.51,0.0051,0.4,0.004,0.97,0.0097,2.3,0.023,1.29,0.0129,1.57,0.015700000000000002
2020-06-02,0.15,0.0015,1.6,0.016,0.56,0.005600000000000001,2.4,0.024,1.36,0.013600000000000001,2.09,0.0209,-0.27,-0.0027,3.0,0.03,0.62,0.0062,0.61,0.0060999999999999995,0.67,0.0067,0.94,0.009399999999999999,1.05,0.0105,1.36,0.013600000000000001,1.31,0.0131,0.69,0.0069,0.87,0.0087,0.27,0.0027,1.21,0.0121,0.34,0.0034000000000000002
2020-06-03,0.06,0.0006,4.71,0.0471,-0.31,-0.0031,2.09,0.0209,3.82,0.0382,3.83,0.0383,2.14,0.021400000000000002,3.05,0.0305,1.39,0.0139,1.67,0.0167,0.47,0.004699999999999999,1.09,0.0109,2.43,0.024300000000000002,3.58,0.0358,2.17,0.0217,0.4,0.004,2.96,0.0296,0.63,0.0063,2.85,0.0285,2.9,0.028999999999999998
2020-06-04,-0.08,-0.0008,-1.46,-0.0146,-1.07,-0.010700000000000001,-0.29,-0.0029,-0.95,-0.0095,2.43,0.024300000000000002,0.16,0.0016,-0.14,-0.0014000000000000002,-1.61,-0.0161,0.47,0.004699999999999999,-1.56,-0.015600000000000001,-0.23,-0.0023,0.58,0.0058,1.15,0.0115,0.09,0.0009,-0.66,-0.0066,1.22,0.012199999999999999,0.32,0.0032,1.32,0.0132,0.29,0.0029
2020-06-05,1.87,0.0187,2.59,0.0259,1.2,0.012,2.27,0.0227,4.02,0.04019999999999999,3.69,0.0369,3.86,0.038599999999999995,7.99,0.0799,1.78,0.0178,1.35,0.013500000000000002,2.08,0.0208,2.55,0.0255,2.3,0.023,3.07,0.030699999999999998,2.64,0.0264,1.21,0.0121,3.87,0.0387,1.86,0.018600000000000002,3.75,0.0375,2.42,0.0242
2020-06-08,1.8,0.018000000000000002,1.11,0.0111,0.84,0.0084,0.68,0.0068000000000000005,-0.09,-0.0009,1.96,0.0196,4.37,0.0437,4.57,0.045700000000000005,2.93,0.029300000000000003,1.95,0.0195,0.93,0.009300000000000001,0.31,0.0031,0.51,0.0051,1.42,0.014199999999999999,1.86,0.018600000000000002,1.01,0.0101,1.72,0.0172,0.95,0.0095,0.36,0.0036,2.05,0.020499999999999997
2020-06-09,-1.38,-0.0138,-2.26,-0.0226,-0.93,-0.009300000000000001,-0.9,-0.009000000000000001,-1.83,-0.0183,-2.22,-0.0222,-1.75,-0.0175,-3.68,-0.0368,-2.36,-0.0236,-2.01,-0.020099999999999996,-0.04,-0.0004,0.7,0.006999999999999999,-1.44,-0.0144,-2.49,-0.024900000000000002,-2.23,-0.0223,0.87,0.0087,-1.58,-0.0158,-0.32,-0.0032,-1.99,-0.0199,-2.05,-0.020499999999999997
2020-06-10,-0.65,-0.006500000000000001,-0.98,-0.0098,0.18,0.0018,-1.95,-0.0195,-1.82,-0.0182,-2.79,-0.0279,2.55,0.0255,-5.18,-0.0518,-0.84,-0.0084,-0.85,-0.0085,1.25,0.0125,1.03,0.0103,-1.77,-0.0177,-2.29,-0.0229,-3.04,-0.0304,0.31,0.0031,-3.18,-0.0318,1.08,0.0108,-2.29,-0.0229,-2.75,-0.0275
2020-06-11,-4.97,-0.049699999999999994,-6.7,-0.067,-5.32,-0.053200000000000004,-7.68,-0.0768,-8.46,-0.08460000000000001,-11.07,-0.1107,-6.31,-0.06309999999999999,-9.28,-0.0928,-4.74,-0.047400000000000005,-5.27,-0.0527,-5.37,-0.0537,-5.74,-0.0574,-6.23,-0.0623,-8.04,-0.08039999999999999,-6.02,-0.0602,-3.55,-0.0355,-7.89,-0.0789,-7.65,-0.0765,-7.16,-0.0716,-6.0,-0.06
2020-06-12,0.71,0.0070999999999999995,0.69,0.0069,0.79,0.0079,2.0,0.02,2.62,0.0262,4.27,0.042699999999999995,-0.39,-0.0039000000000000003,3.21,0.0321,-0.14,-0.0014000000000000002,1.11,0.0111,1.38,0.0138,1.06,0.0106,1.38,0.0138,3.02,0.0302,1.09,0.0109,-0.23,-0.0023,2.65,0.0265,2.01,0.020099999999999996,2.08,0.0208,1.91,0.0191
2020-06-15,1.4,0.013999999999999999,1.49,0.0149,0.7,0.006999999999999999,1.63,0.0163,3.57,0.035699999999999996,1.59,0.0159,3.37,0.0337,-0.2,-0.002,1.0,0.01,0.75,0.0075,1.18,0.0118,1.24,0.0124,1.53,0.015300000000000001,1.3,0.013000000000000001,1.58,0.0158,0.69,0.0069,0.99,0.009899999999999999,1.31,0.0131,1.75,0.0175,0.51,0.0051
2020-06-16,1.6,0.016,2.32,0.0232,2.38,0.023799999999999998,1.74,0.0174,3.24,0.032400000000000005,5.56,0.0556,-0.12,-0.0012,3.0,0.03,0.55,0.0055000000000000005,0.74,0.0074,1.97,0.0197,2.07,0.0207,1.49,0.0149,1.2,0.012,2.89,0.028900000000000002,2.16,0.0216,1.78,0.0178,1.81,0.0181,1.95,0.0195,0.89,0.0089
2020-06-17,-0.07,-0.0007000000000000001,-1.26,-0.0126,-0.13,-0.0013,-0.49,-0.0049,-1.23,-0.0123,-2.01,-0.020099999999999996,-0.32,-0.0032,-3.62,-0.0362,-0.65,-0.006500000000000001,-0.89,-0.0089,0.04,0.0004,-0.02,-0.0002,-0.49,-0.0049,-0.18,-0.0018,-1.24,-0.0124,0.37,0.0037,-1.37,-0.0137,-0.98,-0.0098,-1.24,-0.0124,-0.81,-0.008100000000000001
2020-06-18,0.52,0.0052,-0.6,-0.006,-0.03,-0.0003,-0.47,-0.004699999999999999,-1.25,-0.0125,-1.21,-0.0121,0.47,0.004699999999999999,1.19,0.011899999999999999,0.04,0.0004,0.8,0.008,0.67,0.0067,-0.16,-0.0016,-0.05,-0.0005,-0.03,-0.0003,-0.35,-0.0034999999999999996,-0.14,-0.0014000000000000002,-0.01,-0.0001,-0.61,-0.0060999999999999995,-0.77,-0.0077,-0.25,-0.0025
2020-06-19,-0.93,-0.009300000000000001,-2.32,-0.0232,1.34,0.0134,-0.38,-0.0038,-1.07,-0.010700000000000001,-1.12,-0.011200000000000002,-0.39,-0.0039000000000000003,-1.61,-0.0161,-2.93,-0.029300000000000003,-1.15,-0.0115,-0.32,-0.0032,-0.51,-0.0051,0.1,0.001,-1.73,-0.0173,-0.32,-0.0032,0.34,0.0034000000000000002,-0.67,-0.0067,1.13,0.0113,-0.17,-0.0017000000000000001,-1.72,-0.0172
2020-06-22,-0.19,-0.0019,2.55,0.0255,-0.1,-0.001,-0.04,-0.0004,0.71,0.0070999999999999995,0.25,0.0025,-0.29,-0.0029,0.46,0.0046,1.15,0.0115,-0.52,-0.0052,1.7,0.017,1.4,0.013999999999999999,-0.94,-0.009399999999999999,-0.08,-0.0008,0.23,0.0023,1.18,0.0118,-0.1,-0.001,1.05,0.0105,0.41,0.0040999999999999995,0.63,0.0063
2020-06-23,-0.62,-0.0062,1.38,0.0138,0.23,0.0023,-0.22,-0.0022,0.53,0.0053,0.49,0.0049,0.34,0.0034000000000000002,0.11,0.0011,-1.05,-0.0105,0.14,0.0014000000000000002,0.57,0.005699999999999999,0.79,0.0079,0.26,0.0026,1.36,0.013600000000000001,0.72,0.0072,0.84,0.0084,0.5,0.005,1.46,0.0146,-0.02,-0.0002,-0.04,-0.0004
2020-06-24,-1.96,-0.0196,-2.68,-0.0268,-2.53,-0.0253,-2.72,-0.027200000000000002,-3.99,-0.039900000000000005,-4.61,-0.0461,-3.97,-0.0397,-5.6,-0.055999999999999994,-1.28,-0.0128,-2.24,-0.022400000000000003,-2.55,-0.0255,-2.05,-0.020499999999999997,-3.04,-0.0304,-3.49,-0.0349,-3.39,-0.0339,-1.42,-0.014199999999999999,-3.79,-0.0379,-2.16,-0.0216,-3.05,-0.0305,-2.31,-0.0231
2020-06-25,0.58,0.0058,0.74,0.0074,1.11,0.0111,1.69,0.0169,0.64,0.0064,2.37,0.023700000000000002,1.79,0.0179,1.93,0.019299999999999998,-0.92,-0.0092,0.37,0.0037,1.28,0.0128,1.0,0.01,0.88,0.0088,1.0,0.01,0.77,0.0077,0.35,0.0034999999999999996,2.55,0.0255,1.16,0.0116,1.47,0.0147,-0.33,-0.0033
2020-06-26,-2.21,-0.022099999999999998,-5.45,-0.0545,-1.38,-0.0138,-1.94,-0.0194,-1.44,-0.0144,-3.17,-0.0317,-2.29,-0.0229,-3.61,-0.0361,-1.38,-0.0138,-2.17,-0.0217,-2.76,-0.0276,-1.94,-0.0194,-1.3,-0.013000000000000001,-2.55,-0.0255,-1.85,-0.018500000000000003,-1.72,-0.0172,-4.16,-0.0416,-0.92,-0.0092,-1.22,-0.012199999999999999,-2.29,-0.0229
2020-06-29,1.59,0.0159,3.35,0.0335,0.57,0.005699999999999999,2.29,0.0229,3.56,0.0356,3.4,0.034,4.23,0.042300000000000004,1.63,0.0163,1.92,0.0192,2.17,0.0217,1.02,0.0102,1.49,0.0149,2.45,0.0245,2.67,0.026699999999999998,2.97,0.0297,0.78,0.0078000000000000005,1.54,0.0154,1.54,0.0154,2.95,0.029500000000000002,2.8,0.027999999999999997
2020-06-30,0.96,0.0096,2.4,0.024,1.79,0.0179,1.47,0.0147,1.54,0.0154,1.14,0.011399999999999999,4.03,0.0403,2.13,0.0213,0.74,0.0074,0.55,0.0055000000000000005,2.03,0.0203,1.66,0.0166,0.84,0.0084,1.71,0.0171,1.46,0.0146,1.72,0.0172,1.61,0.0161,2.85,0.0285,2.25,0.0225,0.35,0.0034999999999999996
2020-07-01,-0.11,-0.0011,-1.03,-0.0103,0.74,0.0074,-0.5,-0.005,-2.58,-0.0258,-2.81,-0.0281,1.33,0.013300000000000001,-2.49,-0.024900000000000002,1.79,0.0179,0.64,0.0064,1.6,0.016,-0.69,-0.0069,-0.37,-0.0037,-0.12,-0.0012,-1.12,-0.011200000000000002,2.01,0.020099999999999996,-0.75,-0.0075,-1.04,-0.0104,-1.96,-0.0196,0.43,0.0043
2020-07-02,0.48,0.0048,0.62,0.0062,0.69,0.0069,1.96,0.0196,0.77,0.0077,1.25,0.0125,5.24,0.0524,1.22,0.012199999999999999,0.4,0.004,-0.36,-0.0036,0.42,0.0042,0.52,0.0052,1.25,0.0125,0.69,0.0069,0.73,0.0073,0.3,0.003,0.2,0.002,0.71,0.0070999999999999995,0.72,0.0072,-0.28,-0.0028000000000000004
2020-07-06,0.67,0.0067,1.58,0.0158,0.75,0.0075,1.33,0.013300000000000001,1.81,0.0181,1.31,0.0131,8.36,0.0836,0.42,0.0042,-1.18,-0.0118,1.51,0.0151,1.61,0.0161,2.17,0.0217,0.51,0.0051,2.1,0.021,0.7,0.006999999999999999,3.06,0.030600000000000002,1.51,0.0151,3.09,0.030899999999999997,2.42,0.0242,2.66,0.026600000000000002
2020-07-07,0.11,0.0011,-3.15,-0.0315,-0.25,-0.0025,-0.14,-0.0014000000000000002,-1.35,-0.013500000000000002,-2.16,-0.0216,-0.04,-0.0004,-3.2,-0.032,-0.52,-0.0052,-0.7,-0.006999999999999999,-0.67,-0.0067,-1.0,-0.01,-1.27,-0.0127,-1.28,-0.0128,-1.6,-0.016,-0.52,-0.0052,-2.43,-0.024300000000000002,-0.05,-0.0005,-0.51,-0.0051,-1.88,-0.018799999999999997
2020-07-08,-0.56,-0.005600000000000001,1.45,0.014499999999999999,0.28,0.0028000000000000004,-1.14,-0.011399999999999999,1.69,0.0169,-1.69,-0.0169,-1.19,-0.011899999999999999,0.09,0.0009,0.62,0.0062,0.56,0.005600000000000001,1.69,0.0169,1.58,0.0158,-0.58,-0.0058,0.49,0.0049,-0.78,-0.0078000000000000005,1.2,0.012,0.81,0.008100000000000001,0.57,0.005699999999999999,1.34,0.0134,0.48,0.0048
2020-07-09,-1.58,-0.0158,-1.78,-0.0178,-0.49,-0.0049,-1.52,-0.0152,-2.64,-0.0264,-2.38,-0.023799999999999998,-0.05,-0.0005,-4.86,-0.048600000000000004,-1.59,-0.0159,-0.99,-0.009899999999999999,0.41,0.0040999999999999995,0.54,0.0054,-1.81,-0.0181,-2.0,-0.02,-1.69,-0.0169,1.69,0.0169,-2.39,-0.0239,-0.86,-0.0086,-1.44,-0.0144,-1.12,-0.011200000000000002
2020-07-10,2.24,0.022400000000000003,1.54,0.0154,-0.39,-0.0039000000000000003,2.01,0.020099999999999996,1.55,0.0155,4.81,0.0481,7.9,0.079,3.3,0.033,1.93,0.019299999999999998,1.85,0.018500000000000003,0.13,0.0013,0.0,0.0,1.6,0.016,1.24,0.0124,1.2,0.012,0.9,0.009000000000000001,2.71,0.0271,1.12,0.011200000000000002,1.06,0.0106,0.96,0.0096
2020-07-13,-0.23,-0.0023,-1.44,-0.0144,-0.29,-0.0029,0.5,0.005,-1.35,-0.013500000000000002,-0.46,-0.0046,-1.86,-0.018600000000000002,-0.69,-0.0069,0.0,0.0,-1.11,-0.0111,-3.08,-0.0308,-1.22,-0.012199999999999999,0.07,0.0007000000000000001,-0.64,-0.0064,0.08,0.0008,-1.96,-0.0196,0.19,0.0019,-1.67,-0.0167,-0.04,-0.0004,-1.01,-0.0101
2020-07-14,1.94,0.0194,0.68,0.0068000000000000005,1.9,0.019,2.22,0.0222,3.5,0.035,3.58,0.0358,2.02,0.0202,3.65,0.0365,1.07,0.010700000000000001,1.49,0.0149,0.66,0.0066,1.71,0.0171,2.42,0.0242,1.05,0.0105,1.84,0.0184,0.65,0.006500000000000001,0.95,0.0095,3.23,0.0323,3.82,0.0382,1.26,0.0126
2020-07-15,0.51,0.0051,2.96,0.0296,1.86,0.018600000000000002,2.24,0.022400000000000003,2.78,0.0278,2.25,0.0225,2.62,0.0262,1.92,0.0192,0.02,0.0002,1.05,0.0105,0.56,0.005600000000000001,0.79,0.0079,0.16,0.0016,3.48,0.0348,3.39,0.0339,-0.7,-0.006999999999999999,2.12,0.0212,1.28,0.0128,3.01,0.0301,3.63,0.0363
2020-07-16,0.32,0.0032,-0.69,-0.0069,-0.44,-0.0044,0.18,0.0018,1.12,0.011200000000000002,-0.09,-0.0009,-1.67,-0.0167,-0.48,-0.0048,1.09,0.0109,0.38,0.0038,-1.04,-0.0104,-0.72,-0.0072,0.87,0.0087,0.02,0.0002,-0.28,-0.0028000000000000004,0.07,0.0007000000000000001,-0.33,-0.0033,-0.49,-0.0049,0.24,0.0024,-1.0,-0.01
2020-07-17,1.1,0.011000000000000001,-1.27,-0.0127,1.76,0.0176,0.74,0.0074,0.48,0.0048,-1.15,-0.0115,-0.41,-0.0040999999999999995,-1.65,-0.0165,1.97,0.0197,0.07,0.0007000000000000001,0.53,0.0053,0.59,0.0059,-0.02,-0.0002,0.98,0.0098,0.76,0.0076,-0.58,-0.0058,-0.61,-0.0060999999999999995,1.75,0.0175,0.6,0.006,-0.13,-0.0013
2020-07-20,-1.23,-0.0123,-0.56,-0.005600000000000001,0.36,0.0036,-1.56,-0.015600000000000001,-0.66,-0.0066,-1.34,-0.0134,5.67,0.0567,-1.65,-0.0165,-1.5,-0.015,-0.66,-0.0066,3.02,0.0302,1.72,0.0172,-0.97,-0.0097,-0.9,-0.009000000000000001,-0.52,-0.0052,3.6,0.036000000000000004,-0.25,-0.0025,0.61,0.0060999999999999995,-0.65,-0.006500000000000001,-0.13,-0.0013
2020-07-21,1.44,0.0144,2.35,0.0235,-0.67,-0.0067,1.01,0.0101,0.43,0.0043,2.85,0.0285,-2.33,-0.0233,6.41,0.0641,0.94,0.009399999999999999,0.64,0.0064,-0.94,-0.009399999999999999,-0.72,-0.0072,0.72,0.0072,0.32,0.0032,1.57,0.015700000000000002,-0.46,-0.0046,1.69,0.0169,0.43,0.0043,1.09,0.0109,0.84,0.0084
2020-07-22,1.18,0.0118,0.55,0.0055000000000000005,0.61,0.0060999999999999995,1.35,0.013500000000000002,2.46,0.0246,0.72,0.0072,1.47,0.0147,-1.23,-0.0123,1.2,0.012,-0.02,-0.0002,0.64,0.0064,0.54,0.0054,0.57,0.005699999999999999,-0.02,-0.0002,0.77,0.0077,-0.02,-0.0002,0.19,0.0019,1.21,0.0121,0.49,0.0049,1.97,0.0197
2020-07-23,0.41,0.0040999999999999995,-0.36,-0.0036,-0.78,-0.0078000000000000005,-0.46,-0.0046,-0.18,-0.0018,-0.31,-0.0031,-2.81,-0.0281,-0.04,-0.0004,0.03,0.0003,-0.38,-0.0038,-2.57,-0.025699999999999997,-2.11,-0.021099999999999997,0.56,0.005600000000000001,-0.89,-0.0089,0.6,0.006,-2.08,-0.0208,0.06,0.0006,-0.51,-0.0051,0.43,0.0043,-1.51,-0.0151
2020-07-24,-0.22,-0.0022,-0.08,-0.0008,-1.41,-0.0141,-0.46,-0.0046,-0.29,-0.0029,-0.29,-0.0029,-4.39,-0.043899999999999995,-0.66,-0.0066,-0.71,-0.0070999999999999995,0.45,0.0045000000000000005,-0.75,-0.0075,-1.52,-0.0152,-0.06,-0.0006,-0.66,-0.0066,-0.67,-0.0067,0.28,0.0028000000000000004,-0.73,-0.0073,0.14,0.0014000000000000002,-0.99,-0.009899999999999999,0.37,0.0037
2020-07-27,0.76,0.0076,0.19,0.0019,1.15,0.0115,1.53,0.015300000000000001,3.09,0.030899999999999997,1.96,0.0196,5.52,0.0552,0.17,0.0017000000000000001,-1.34,-0.0134,-0.24,-0.0024,1.36,0.013600000000000001,1.98,0.019799999999999998,1.12,0.011200000000000002,0.82,0.008199999999999999,0.8,0.008,0.88,0.0088,-0.58,-0.0058,3.87,0.0387,1.53,0.015300000000000001,0.57,0.005699999999999999
2020-07-28,-0.26,-0.0026,-0.94,-0.009399999999999999,-0.33,-0.0033,-1.65,-0.0165,-2.71,-0.0271,-2.68,-0.0268,-2.36,-0.0236,-1.8,-0.018000000000000002,1.43,0.0143,0.16,0.0016,-1.09,-0.0109,-1.59,-0.0159,-1.73,-0.0173,-1.17,-0.011699999999999999,-1.72,-0.0172,-0.94,-0.009399999999999999,-0.43,-0.0043,-2.66,-0.026600000000000002,-2.5,-0.025,-1.75,-0.0175
2020-07-29,0.59,0.0059,1.3,0.013000000000000001,0.43,0.0043,1.86,0.018600000000000002,3.09,0.030899999999999997,2.02,0.0202,1.12,0.011200000000000002,2.01,0.020099999999999996,0.79,0.0079,0.4,0.004,1.79,0.0179,1.8,0.018000000000000002,0.9,0.009000000000000001,2.02,0.0202,2.26,0.0226,0.8,0.008,2.15,0.0215,-0.31,-0.0031,0.4,0.004,1.95,0.0195
2020-07-30,-0.95,-0.0095,-0.96,-0.0096,-0.26,-0.0026,-2.13,-0.0213,-0.74,-0.0074,-1.2,-0.012,-1.33,-0.013300000000000001,-4.13,-0.041299999999999996,-0.25,-0.0025,-0.19,-0.0019,0.23,0.0023,1.05,0.0105,-1.91,-0.0191,0.61,0.0060999999999999995,-0.52,-0.0052,0.29,0.0029,-1.55,-0.0155,-2.37,-0.023700000000000002,-0.39,-0.0039000000000000003,-1.19,-0.011899999999999999
2020-07-31,-0.38,-0.0038,-0.09,-0.0009,-0.82,-0.008199999999999999,-0.17,-0.0017000000000000001,-0.4,-0.004,-1.51,-0.0151,-2.81,-0.0281,-0.54,-0.0054,0.07,0.0007000000000000001,0.47,0.004699999999999999,0.73,0.0073,3.97,0.0397,-1.02,-0.0102,0.3,0.003,-0.54,-0.0054,1.6,0.016,-0.4,-0.004,1.36,0.013600000000000001,0.06,0.0006,-0.67,-0.0067
2020-08-03,-0.3,-0.003,0.2,0.002,1.51,0.0151,-0.81,-0.008100000000000001,2.27,0.0227,2.95,0.029500000000000002,3.17,0.0317,0.28,0.0028000000000000004,-0.88,-0.0088,0.16,0.0016,2.02,0.0202,1.93,0.019299999999999998,0.42,0.0042,0.1,0.001,1.82,0.0182,-0.46,-0.0046,0.19,0.0019,0.12,0.0012,2.61,0.026099999999999998,-0.36,-0.0036
2020-08-04,0.82,0.008199999999999999,-0.65,-0.006500000000000001,-0.36,-0.0036,1.13,0.0113,-0.49,-0.0049,0.29,0.0029,0.18,0.0018,2.16,0.0216,1.34,0.0134,1.17,0.011699999999999999,-0.52,-0.0052,0.85,0.0085,1.07,0.010700000000000001,1.42,0.014199999999999999,0.8,0.008,1.1,0.011000000000000001,-0.17,-0.0017000000000000001,1.79,0.0179,1.11,0.0111,1.86,0.018600000000000002
2020-08-05,0.2,0.002,3.88,0.0388,0.25,0.0025,1.79,0.0179,1.55,0.0155,2.89,0.028900000000000002,0.71,0.0070999999999999995,1.26,0.0126,-1.02,-0.0102,0.65,0.006500000000000001,0.46,0.0046,0.31,0.0031,1.12,0.011200000000000002,1.21,0.0121,0.58,0.0058,0.95,0.0095,2.0,0.02,2.71,0.0271,2.0,0.02,0.26,0.0026
2020-08-06,0.07,0.0007000000000000001,-1.23,-0.0123,-0.63,-0.0063,-0.27,-0.0027,0.21,0.0021,-0.09,-0.0009,-0.03,-0.0003,-0.64,-0.0064,0.35,0.0034999999999999996,0.98,0.0098,1.37,0.0137,1.42,0.014199999999999999,-0.08,-0.0008,1.41,0.0141,-0.41,-0.0040999999999999995,0.35,0.0034999999999999996,-0.04,-0.0004,0.68,0.0068000000000000005,0.17,0.0017000000000000001,1.52,0.0152
2020-08-07,0.44,0.0044,1.68,0.0168,0.2,0.002,1.05,0.0105,1.17,0.011699999999999999,1.56,0.015600000000000001,-1.26,-0.0126,0.15,0.0015,1.82,0.0182,0.87,0.0087,-1.18,-0.0118,-1.39,-0.0139,1.32,0.0132,1.92,0.0192,0.88,0.0088,-0.49,-0.0049,1.81,0.0181,-1.26,-0.0126,1.28,0.0128,0.68,0.0068000000000000005
2020-08-10,-0.05,-0.0005,3.16,0.0316,-0.56,-0.005600000000000001,1.63,0.0163,1.63,0.0163,4.83,0.0483,-0.37,-0.0037,3.27,0.0327,0.18,0.0018,0.34,0.0034000000000000002,-1.28,-0.0128,0.57,0.005699999999999999,1.33,0.013300000000000001,2.47,0.024700000000000003,0.84,0.0084,0.18,0.0018,0.55,0.0055000000000000005,0.86,0.0086,1.18,0.0118,0.79,0.0079
2020-08-11,-0.34,-0.0034000000000000002,-0.23,-0.0023,-1.11,-0.0111,0.37,0.0037,-0.05,-0.0005,-0.65,-0.006500000000000001,-1.24,-0.0124,-0.4,-0.004,-1.97,-0.0197,-0.31,-0.0031,-1.71,-0.0171,-1.8,-0.018000000000000002,0.29,0.0029,-0.07,-0.0007000000000000001,0.47,0.004699999999999999,-1.36,-0.013600000000000001,1.04,0.0104,-3.59,-0.0359,-0.66,-0.0066,0.87,0.0087
2020-08-12,1.28,0.0128,0.36,0.0036,1.47,0.0147,0.89,0.0089,1.36,0.013600000000000001,0.78,0.0078000000000000005,7.34,0.07339999999999999,1.18,0.0118,1.39,0.0139,0.55,0.0055000000000000005,1.54,0.0154,2.81,0.0281,0.69,0.0069,0.43,0.0043,0.53,0.0053,2.01,0.020099999999999996,-0.04,-0.0004,0.18,0.0018,1.68,0.0168,0.41,0.0040999999999999995
2020-08-13,0.17,0.0017000000000000001,0.74,0.0074,0.11,0.0011,-0.3,-0.003,-0.01,-0.0001,-1.77,-0.0177,2.14,0.021400000000000002,-1.99,-0.0199,-0.46,-0.0046,-0.12,-0.0012,0.66,0.0066,0.02,0.0002,0.46,0.0046,-0.55,-0.0055000000000000005,-0.93,-0.009300000000000001,-0.02,-0.0002,-0.72,-0.0072,0.18,0.0018,0.3,0.003,0.32,0.0032
2020-08-14,0.09,0.0009,0.1,0.001,-0.44,-0.0044,0.18,0.0018,-0.2,-0.002,0.85,0.0085,1.27,0.0127,1.02,0.0102,-0.52,-0.0052,0.3,0.003,-0.36,-0.0036,-0.2,-0.002,0.3,0.003,0.57,0.005699999999999999,0.68,0.0068000000000000005,0.05,0.0005,0.39,0.0039000000000000003,0.02,0.0002,-0.42,-0.0042,-0.16,-0.0016
2020-08-17,0.15,0.0015,-0.36,-0.0036,1.3,0.013000000000000001,-0.28,-0.0028000000000000004,1.59,0.0159,-0.11,-0.0011,7.63,0.07629999999999999,-0.66,-0.0066,-0.17,-0.0017000000000000001,-0.25,-0.0025,0.87,0.0087,0.38,0.0038,-0.53,-0.0053,-0.26,-0.0026,-0.05,-0.0005,1.49,0.0149,-0.93,-0.009300000000000001,3.25,0.0325,1.06,0.0106,0.56,0.005600000000000001
2020-08-18,0.19,0.0019,0.18,0.0018,-0.05,-0.0005,-0.43,-0.0043,-0.41,-0.0040999999999999995,-0.6,-0.006,1.48,0.0148,-1.39,-0.0139,-0.57,-0.005699999999999999,-0.04,-0.0004,0.94,0.009399999999999999,0.16,0.0016,-0.64,-0.0064,-0.42,-0.0042,-0.6,-0.006,1.58,0.0158,-0.9,-0.009000000000000001,-0.1,-0.001,-0.45,-0.0045000000000000005,0.3,0.003
2020-08-19,-0.89,-0.0089,0.45,0.0045000000000000005,-0.48,-0.0048,-0.49,-0.0049,-0.12,-0.0012,-0.6,-0.006,-0.6,-0.006,-1.16,-0.0116,-0.36,-0.0036,-0.34,-0.0034000000000000002,-0.39,-0.0039000000000000003,-0.19,-0.0019,-0.2,-0.002,-0.03,-0.0003,-0.75,-0.0075,-0.86,-0.0086,0.18,0.0018,-0.74,-0.0074,-0.28,-0.0028000000000000004,-0.83,-0.0083
2020-08-20,-0.08,-0.0008,-0.27,-0.0027,-0.03,-0.0003,-0.4,-0.004,-0.55,-0.0055000000000000005,-0.36,-0.0036,3.94,0.0394,-2.22,-0.0222,-0.95,-0.0095,-0.12,-0.0012,1.69,0.0169,0.83,0.0083,-0.57,-0.005699999999999999,0.49,0.0049,-0.55,-0.0055000000000000005,-0.02,-0.0002,-0.7,-0.006999999999999999,0.18,0.0018,-1.21,-0.0121,0.37,0.0037
2020-08-21,-0.21,-0.0021,1.04,0.0104,-0.21,-0.0021,-0.36,-0.0036,1.17,0.011699999999999999,-2.28,-0.022799999999999997,1.31,0.0131,-0.79,-0.0079,0.05,0.0005,-0.24,-0.0024,-0.55,-0.0055000000000000005,2.6,0.026000000000000002,-0.03,-0.0003,0.32,0.0032,-0.27,-0.0027,0.24,0.0024,-0.23,-0.0023,-1.71,-0.0171,0.91,0.0091,0.78,0.0078000000000000005
2020-08-24,1.06,0.0106,2.81,0.0281,-0.56,-0.005600000000000001,2.14,0.021400000000000002,0.76,0.0076,2.73,0.0273,-0.28,-0.0028000000000000004,2.87,0.0287,1.02,0.0102,1.35,0.013500000000000002,0.59,0.0059,0.73,0.0073,1.61,0.0161,1.79,0.0179,0.85,0.0085,0.74,0.0074,1.8,0.018000000000000002,0.37,0.0037,1.66,0.0166,0.99,0.009899999999999999
2020-08-25,0.06,0.0006,-0.38,-0.0038,0.83,0.0083,-0.42,-0.0042,-0.69,-0.0069,-0.66,-0.0066,-0.01,-0.0001,-1.23,-0.0123,-0.96,-0.0096,-0.41,-0.0040999999999999995,1.27,0.0127,-0.07,-0.0007000000000000001,-0.65,-0.006500000000000001,0.07,0.0007000000000000001,0.06,0.0006,0.42,0.0042,0.36,0.0036,-0.59,-0.0059,-0.05,-0.0005,1.33,0.013300000000000001
2020-08-26,0.48,0.0048,-0.05,-0.0005,-0.18,-0.0018,0.61,0.0060999999999999995,-0.6,-0.006,-0.62,-0.0062,4.27,0.042699999999999995,-2.36,-0.0236,-1.39,-0.0139,0.82,0.008199999999999999,3.4,0.034,0.78,0.0078000000000000005,0.4,0.004,0.09,0.0009,-0.01,-0.0001,1.71,0.0171,-0.68,-0.0068000000000000005,1.32,0.0132,0.36,0.0036,-0.24,-0.0024
2020-08-27,0.17,0.0017000000000000001,0.08,0.0008,0.59,0.0059,-0.16,-0.0016,-0.53,-0.0053,0.14,0.0014000000000000002,2.81,0.0281,0.31,0.0031,0.47,0.004699999999999999,0.31,0.0031,-0.01,-0.0001,-0.99,-0.009899999999999999,0.34,0.0034000000000000002,0.95,0.0095,1.07,0.010700000000000001,-0.42,-0.0042,1.56,0.015600000000000001,-0.95,-0.0095,0.12,0.0012,0.82,0.008199999999999999
2020-08-28,0.89,0.0089,1.4,0.013999999999999999,0.1,0.001,0.95,0.0095,0.67,0.0067,1.15,0.0115,-0.58,-0.0058,1.7,0.017,0.39,0.0039000000000000003,0.45,0.0045000000000000005,0.75,0.0075,0.84,0.0084,0.79,0.0079,1.51,0.0151,0.92,0.0092,0.24,0.0024,0.8,0.008,2.7,0.027000000000000003,1.25,0.0125,2.26,0.0226
2020-08-31,-0.24,-0.0024,-1.16,-0.0116,0.62,0.0062,-1.71,-0.0171,-1.29,-0.0129,-2.13,-0.0213,8.21,0.0821,-2.34,-0.023399999999999997,0.07,0.0007000000000000001,-0.63,-0.0063,-0.48,-0.0048,1.69,0.0169,-0.99,-0.009899999999999999,-1.03,-0.0103,-0.96,-0.0096,0.37,0.0037,-1.36,-0.013600000000000001,-0.23,-0.0023,-0.89,-0.0089,-0.87,-0.0087
2020-09-01,-0.51,-0.0051,2.66,0.026600000000000002,-1.26,-0.0126,3.01,0.0301,2.82,0.0282,2.1,0.021,-2.99,-0.029900000000000003,-0.78,-0.0078000000000000005,-1.13,-0.0113,0.07,0.0007000000000000001,1.93,0.019299999999999998,2.37,0.023700000000000002,0.96,0.0096,1.13,0.0113,0.11,0.0011,1.61,0.0161,0.18,0.0018,1.04,0.0104,1.62,0.016200000000000003,0.97,0.0097
2020-09-02,2.25,0.0225,1.88,0.018799999999999997,1.82,0.0182,2.43,0.024300000000000002,0.46,0.0046,1.02,0.0102,-3.48,-0.0348,-0.77,-0.0077,2.73,0.0273,1.33,0.013300000000000001,1.66,0.0166,0.36,0.0036,2.5,0.025,0.82,0.008199999999999999,1.94,0.0194,0.96,0.0096,1.45,0.014499999999999999,0.5,0.005,0.55,0.0055000000000000005,1.42,0.014199999999999999
2020-09-03,-1.94,-0.0194,-2.9,-0.028999999999999998,-3.01,-0.0301,-3.09,-0.030899999999999997,-3.97,-0.0397,-2.25,-0.0225,-7.31,-0.0731,-0.78,-0.0078000000000000005,-1.12,-0.011200000000000002,-1.4,-0.013999999999999999,-5.02,-0.050199999999999995,-6.45,-0.0645,-1.97,-0.0197,-2.6,-0.026000000000000002,-2.79,-0.0279,-3.79,-0.0379,-1.7,-0.017,-2.43,-0.024300000000000002,-4.59,-0.045899999999999996,-1.69,-0.0169
2020-09-04,0.19,0.0019,-1.03,-0.0103,-0.66,-0.0066,0.54,0.0054,-1.22,-0.012199999999999999,0.63,0.0063,2.15,0.0215,-0.33,-0.0033,-0.57,-0.005699999999999999,-0.43,-0.0043,-2.57,-0.025699999999999997,-0.6,-0.006,-0.02,-0.0002,0.53,0.0053,-0.56,-0.005600000000000001,-1.65,-0.0165,0.2,0.002,0.45,0.0045000000000000005,-0.58,-0.0058,-0.79,-0.0079
2020-09-08,-2.79,-0.0279,-0.2,-0.002,-1.64,-0.016399999999999998,-2.06,-0.0206,-1.22,-0.012199999999999999,-2.92,-0.0292,-14.02,-0.1402,-4.09,-0.0409,-0.83,-0.0083,-0.53,-0.0053,-3.67,-0.036699999999999997,-4.59,-0.045899999999999996,-2.3,-0.023,-0.76,-0.0076,-2.19,-0.0219,-2.93,-0.029300000000000003,-2.82,-0.0282,-1.52,-0.0152,-2.08,-0.0208,-0.45,-0.0045000000000000005
2020-09-09,1.31,0.0131,-0.27,-0.0027,1.98,0.019799999999999998,2.51,0.025099999999999997,2.28,0.022799999999999997,0.12,0.0012,6.97,0.0697,0.57,0.005699999999999999,1.18,0.0118,0.68,0.0068000000000000005,2.69,0.0269,3.22,0.0322,1.43,0.0143,1.49,0.0149,1.91,0.0191,2.67,0.026699999999999998,1.05,0.0105,2.34,0.023399999999999997,2.49,0.024900000000000002,0.6,0.006
2020-09-10,-0.85,-0.0085,0.06,0.0006,-1.59,-0.0159,-0.73,-0.0073,-1.1,-0.011000000000000001,-1.91,-0.0191,0.15,0.0015,-3.82,-0.0382,-1.88,-0.018799999999999997,-1.05,-0.0105,-1.76,-0.0176,-2.25,-0.0225,-1.45,-0.014499999999999999,-0.34,-0.0034000000000000002,-1.42,-0.014199999999999999,-2.14,-0.021400000000000002,-1.57,-0.015700000000000002,-1.64,-0.016399999999999998,-1.87,-0.0187,-0.48,-0.0048
2020-09-11,0.72,0.0072,1.76,0.0176,0.35,0.0034999999999999996,1.24,0.0124,1.18,0.0118,0.45,0.0045000000000000005,0.55,0.0055000000000000005,0.21,0.0021,0.2,0.002,0.01,0.0001,-0.86,-0.0086,-0.29,-0.0029,1.33,0.013300000000000001,1.23,0.0123,0.31,0.0031,-0.76,-0.0076,0.3,0.003,1.29,0.0129,0.47,0.004699999999999999,-0.23,-0.0023
2020-09-14,0.67,0.0067,1.89,0.0189,2.37,0.023700000000000002,1.46,0.0146,1.73,0.0173,2.14,0.021400000000000002,9.02,0.0902,0.59,0.0059,1.44,0.0144,0.82,0.008199999999999999,1.13,0.0113,2.3,0.023,1.56,0.015600000000000001,1.3,0.013000000000000001,1.36,0.013600000000000001,0.39,0.0039000000000000003,1.82,0.0182,1.85,0.018500000000000003,2.23,0.0223,1.76,0.0176
2020-09-15,0.29,0.0029,0.23,0.0023,0.44,0.0044,0.23,0.0023,-0.98,-0.0098,0.1,0.001,4.7,0.047,-0.77,-0.0077,0.44,0.0044,0.99,0.009899999999999999,1.53,0.015300000000000001,0.6,0.006,0.06,0.0006,0.92,0.0092,0.26,0.0026,1.09,0.0109,-1.13,-0.0113,0.33,0.0033,0.59,0.0059,0.66,0.0066
2020-09-16,-0.51,-0.0051,0.21,0.0021,0.13,0.0013,-0.23,-0.0023,2.17,0.0217,1.77,0.0177,-1.42,-0.014199999999999999,4.08,0.0408,0.23,0.0023,0.35,0.0034999999999999996,-1.42,-0.014199999999999999,-1.6,-0.016,0.95,0.0095,0.38,0.0038,0.76,0.0076,-1.38,-0.0138,0.97,0.0097,0.46,0.0046,0.9,0.009000000000000001,0.65,0.006500000000000001
2020-09-17,-0.79,-0.0079,-2.1,-0.021,-0.2,-0.002,0.95,0.0095,-1.06,-0.0106,1.61,0.0161,-2.72,-0.027200000000000002,0.31,0.0031,-0.82,-0.008199999999999999,-1.22,-0.012199999999999999,-1.33,-0.013300000000000001,-0.82,-0.008199999999999999,0.96,0.0096,-0.5,-0.005,-0.26,-0.0026,-1.35,-0.013500000000000002,-0.76,-0.0076,0.04,0.0004,-1.0,-0.01,-1.56,-0.015600000000000001
2020-09-18,-1.0,-0.01,-1.96,-0.0196,0.09,0.0009,-1.98,-0.019799999999999998,-1.03,-0.0103,0.49,0.0049,2.65,0.0265,-0.96,-0.0096,-1.74,-0.0174,-0.73,-0.0073,-0.91,-0.0091,-2.02,-0.0202,-1.33,-0.013300000000000001,-0.94,-0.009399999999999999,-0.56,-0.005600000000000001,-1.17,-0.011699999999999999,-0.44,-0.0044,-1.44,-0.0144,-0.58,-0.0058,-1.57,-0.015700000000000002
2020-09-21,-1.49,-0.0149,-1.85,-0.018500000000000003,-1.88,-0.018799999999999997,-3.51,-0.0351,-3.01,-0.0301,-7.08,-0.0708,-0.13,-0.0013,-3.33,-0.0333,-0.69,-0.0069,-1.61,-0.0161,0.23,0.0023,0.72,0.0072,-3.21,-0.0321,-2.51,-0.025099999999999997,-3.1,-0.031,-0.11,-0.0011,-2.89,-0.028900000000000002,-3.8,-0.038,-3.53,-0.0353,-2.11,-0.021099999999999997
2020-09-22,0.43,0.0043,3.1,0.031,0.25,0.0025,0.47,0.004699999999999999,2.58,0.0258,-0.64,-0.0064,-4.04,-0.0404,-1.07,-0.010700000000000001,0.58,0.0058,1.28,0.0128,2.03,0.0203,1.25,0.0125,0.29,0.0029,0.34,0.0034000000000000002,0.75,0.0075,3.22,0.0322,-0.69,-0.0069,0.37,0.0037,1.47,0.0147,0.76,0.0076
2020-09-23,-2.42,-0.0242,4.81,0.0481,-1.37,-0.0137,-2.94,-0.0294,-3.3,-0.033,-1.85,-0.018500000000000003,-7.58,-0.0758,-4.63,-0.0463,-1.84,-0.0184,-2.4,-0.024,-2.76,-0.0276,-3.09,-0.030899999999999997,-2.16,-0.0216,-1.24,-0.0124,-2.46,-0.0246,-2.89,-0.028900000000000002,-2.21,-0.022099999999999998,-3.98,-0.0398,-2.14,-0.021400000000000002,-0.97,-0.0097
2020-09-24,1.04,0.0104,-1.23,-0.0123,-0.8,-0.008,0.59,0.0059,0.85,0.0085,0.27,0.0027,1.29,0.0129,0.18,0.0018,1.09,0.0109,0.34,0.0034000000000000002,0.31,0.0031,0.66,0.0066,0.52,0.0052,0.05,0.0005,0.66,0.0066,0.22,0.0022,0.36,0.0036,2.01,0.020099999999999996,0.55,0.0055000000000000005,0.27,0.0027
2020-09-25,1.06,0.0106,-0.06,-0.0006,1.75,0.0175,0.74,0.0074,0.43,0.0043,0.46,0.0046,3.42,0.0342,0.04,0.0004,1.48,0.0148,0.75,0.0075,2.2,0.022000000000000002,2.61,0.026099999999999998,1.19,0.011899999999999999,1.96,0.0196,1.29,0.0129,1.5,0.015,1.37,0.0137,0.33,0.0033,1.49,0.0149,1.18,0.0118
2020-09-28,1.17,0.011699999999999999,0.45,0.0045000000000000005,0.7,0.006999999999999999,1.78,0.0178,3.37,0.0337,3.63,0.0363,3.2,0.032,2.34,0.023399999999999997,0.46,0.0046,1.37,0.0137,1.29,0.0129,2.23,0.0223,0.91,0.0091,1.77,0.0177,1.89,0.0189,2.04,0.0204,2.14,0.021400000000000002,2.06,0.0206,4.0,0.04,1.77,0.0177
2020-09-29,-0.64,-0.0064,0.32,0.0032,0.0,0.0,-0.72,-0.0072,-0.82,-0.008199999999999999,-2.34,-0.023399999999999997,-0.64,-0.0064,-2.75,-0.0275,-0.13,-0.0013,-0.53,-0.0053,-0.02,-0.0002,-0.09,-0.0009,-0.82,-0.008199999999999999,-1.17,-0.011699999999999999,-0.91,-0.0091,-0.63,-0.0063,-0.78,-0.0078000000000000005,-0.52,-0.0052,0.13,0.0013,-1.18,-0.0118
2020-09-30,1.26,0.0126,0.27,0.0027,1.28,0.0128,0.68,0.0068000000000000005,1.06,0.0106,-0.29,-0.0029,1.95,0.0195,-0.17,-0.0017000000000000001,0.72,0.0072,0.05,0.0005,0.56,0.005600000000000001,0.86,0.0086,0.6,0.006,-0.32,-0.0032,0.85,0.0085,0.82,0.008199999999999999,1.2,0.012,1.46,0.0146,1.06,0.0106,0.34,0.0034000000000000002
2020-10-01,0.48,0.0048,1.81,0.0181,-0.27,-0.0027,-1.12,-0.011200000000000002,1.39,0.0139,0.86,0.0086,3.61,0.0361,-3.08,-0.0308,0.69,0.0069,0.34,0.0034000000000000002,1.4,0.013999999999999999,0.86,0.0086,-0.48,-0.0048,0.07,0.0007000000000000001,0.38,0.0038,1.79,0.0179,0.72,0.0072,-0.73,-0.0073,0.96,0.0096,0.83,0.0083
2020-10-02,-0.01,-0.0001,0.06,0.0006,-1.25,-0.0125,1.1,0.011000000000000001,1.08,0.0108,2.38,0.023799999999999998,-4.86,-0.048600000000000004,0.96,0.0096,1.22,0.012199999999999999,-1.0,-0.01,-1.87,-0.0187,-2.4,-0.024,0.81,0.008100000000000001,0.79,0.0079,0.46,0.0046,-1.61,-0.0161,0.65,0.006500000000000001,1.2,0.012,0.13,0.0013,0.98,0.0098
2020-10-05,0.53,0.0053,1.49,0.0149,2.44,0.024399999999999998,2.1,0.021,1.06,0.0106,2.86,0.0286,2.67,0.026699999999999998,3.06,0.030600000000000002,1.4,0.013999999999999999,0.99,0.009899999999999999,1.76,0.0176,2.89,0.028900000000000002,2.02,0.0202,1.21,0.0121,1.94,0.0194,1.75,0.0175,1.99,0.0199,2.48,0.0248,3.69,0.0369,1.1,0.011000000000000001
2020-10-06,-0.8,-0.008,-0.93,-0.009300000000000001,-1.32,-0.0132,-0.81,-0.008100000000000001,-1.11,-0.0111,-1.0,-0.01,-2.13,-0.0213,-1.55,-0.0155,0.66,0.0066,-1.31,-0.0131,-1.4,-0.013999999999999999,-1.39,-0.0139,-0.56,-0.005600000000000001,-0.93,-0.009300000000000001,-0.55,-0.0055000000000000005,-2.3,-0.023,-0.97,-0.0097,-2.5,-0.025,0.0,0.0,-0.9,-0.009000000000000001
2020-10-07,1.1,0.011000000000000001,2.43,0.024300000000000002,1.98,0.019799999999999998,2.28,0.022799999999999997,1.7,0.017,3.89,0.038900000000000004,2.89,0.028900000000000002,1.51,0.0151,0.74,0.0074,1.01,0.0101,1.55,0.0155,1.92,0.0192,2.13,0.0213,2.5,0.025,1.87,0.0187,2.28,0.022799999999999997,1.92,0.0192,3.4,0.034,1.31,0.0131,1.45,0.014499999999999999
2020-10-08,1.01,0.0101,0.41,0.0040999999999999995,0.49,0.0049,0.97,0.0097,2.04,0.0204,2.19,0.0219,0.22,0.0022,3.89,0.038900000000000004,1.96,0.0196,0.8,0.008,0.76,0.0076,0.38,0.0038,1.03,0.0103,0.44,0.0044,1.8,0.018000000000000002,0.36,0.0036,1.15,0.0115,1.47,0.0147,-1.28,-0.0128,0.45,0.0045000000000000005
2020-10-09,0.87,0.0087,0.89,0.0089,0.78,0.0078000000000000005,0.55,0.0055000000000000005,0.51,0.0051,-0.51,-0.0051,1.21,0.0121,-1.48,-0.0148,-0.23,-0.0023,0.12,0.0012,1.62,0.016200000000000003,1.24,0.0124,0.65,0.006500000000000001,0.57,0.005699999999999999,-0.01,-0.0001,1.72,0.0172,0.42,0.0042,1.06,0.0106,0.86,0.0086,-0.15,-0.0015
2020-10-12,1.28,0.0128,-0.48,-0.0048,0.57,0.005699999999999999,-0.11,-0.0011,0.87,0.0087,0.76,0.0076,1.58,0.0158,0.34,0.0034000000000000002,0.68,0.0068000000000000005,0.94,0.009399999999999999,2.12,0.0212,3.3,0.033,0.48,0.0048,0.06,0.0006,0.83,0.0083,2.52,0.0252,0.97,0.0097,-0.51,-0.0051,-0.96,-0.0096,0.38,0.0038
2020-10-13,-0.25,-0.0025,-0.18,-0.0018,-0.44,-0.0044,-0.84,-0.0084,-1.33,-0.013300000000000001,-1.46,-0.0146,0.47,0.004699999999999999,-1.67,-0.0167,-0.74,-0.0074,0.18,0.0018,0.44,0.0044,-1.24,-0.0124,-0.47,-0.004699999999999999,-1.06,-0.0106,-1.28,-0.0128,0.53,0.0053,-1.5,-0.015,-1.26,-0.0126,-0.79,-0.0079,-0.05,-0.0005
2020-10-14,-0.34,-0.0034000000000000002,-1.0,-0.01,-0.66,-0.0066,0.55,0.0055000000000000005,-0.14,-0.0014000000000000002,1.03,0.0103,1.84,0.0184,0.1,0.001,-0.04,-0.0004,-1.74,-0.0174,-0.92,-0.0092,-0.14,-0.0014000000000000002,0.25,0.0025,0.51,0.0051,0.65,0.006500000000000001,-1.67,-0.0167,-1.23,-0.0123,0.97,0.0097,-0.1,-0.001,-0.3,-0.003
2020-10-15,0.06,0.0006,1.44,0.0144,-0.93,-0.009300000000000001,0.21,0.0021,1.48,0.0148,0.37,0.0037,-1.46,-0.0146,1.37,0.0137,0.01,0.0001,-0.17,-0.0017000000000000001,-0.54,-0.0054,-0.19,-0.0019,1.07,0.010700000000000001,0.42,0.0042,0.75,0.0075,0.03,0.0003,0.7,0.006999999999999999,-0.28,-0.0028000000000000004,1.15,0.0115,0.71,0.0070999999999999995
2020-10-16,-0.23,-0.0023,-0.99,-0.009899999999999999,0.71,0.0070999999999999995,0.38,0.0038,-0.65,-0.006500000000000001,0.17,0.0017000000000000001,-1.01,-0.0101,-2.06,-0.0206,0.76,0.0076,-0.11,-0.0011,0.18,0.0018,-0.52,-0.0052,0.67,0.0067,-0.53,-0.0053,-0.03,-0.0003,-0.91,-0.0091,0.26,0.0026,-0.16,-0.0016,-0.45,-0.0045000000000000005,-0.24,-0.0024
2020-10-19,-1.05,-0.0105,-1.23,-0.0123,-1.61,-0.0161,-1.39,-0.0139,-1.75,-0.0175,-0.92,-0.0092,-1.49,-0.0149,-2.32,-0.0232,-0.88,-0.0088,-2.0,-0.02,-1.66,-0.0166,-1.61,-0.0161,-0.92,-0.0092,-1.03,-0.0103,-1.67,-0.0167,-1.68,-0.0168,-1.6,-0.016,-0.76,-0.0076,-0.94,-0.009399999999999999,-1.4,-0.013999999999999999
2020-10-20,0.06,0.0006,0.25,0.0025,-0.24,-0.0024,0.17,0.0017000000000000001,0.87,0.0087,-0.74,-0.0074,-0.72,-0.0072,1.19,0.011899999999999999,0.63,0.0063,-0.04,-0.0004,0.3,0.003,0.65,0.006500000000000001,0.2,0.002,1.59,0.0159,0.35,0.0034999999999999996,0.4,0.004,0.72,0.0072,0.91,0.0091,-0.04,-0.0004,0.99,0.009899999999999999
2020-10-21,-0.27,-0.0027,0.31,0.0031,-1.02,-0.0102,-0.71,-0.0070999999999999995,-2.1,-0.021,-0.4,-0.004,0.06,0.0006,-1.95,-0.0195,-0.33,-0.0033,0.19,0.0019,0.62,0.0062,-0.65,-0.006500000000000001,0.12,0.0012,-1.76,-0.0176,-0.83,-0.0083,-0.72,-0.0072,-0.19,-0.0019,0.51,0.0051,-2.25,-0.0225,0.06,0.0006
2020-10-22,0.77,0.0077,1.03,0.0103,1.46,0.0146,0.6,0.006,-0.93,-0.009300000000000001,2.46,0.0246,1.4,0.013999999999999999,4.22,0.042199999999999994,1.71,0.0171,1.43,0.0143,0.01,0.0001,0.07,0.0007000000000000001,-1.12,-0.011200000000000002,0.25,0.0025,0.4,0.004,-0.44,-0.0044,1.78,0.0178,0.49,0.0049,1.2,0.012,1.24,0.0124
2020-10-23,0.03,0.0003,0.45,0.0045000000000000005,0.35,0.0034999999999999996,0.55,0.0055000000000000005,1.31,0.0131,0.91,0.0091,-0.88,-0.0088,-0.43,-0.0043,0.22,0.0022,-0.04,-0.0004,0.96,0.0096,-0.49,-0.0049,-0.08,-0.0008,0.61,0.0060999999999999995,0.84,0.0084,0.77,0.0077,0.39,0.0039000000000000003,0.99,0.009899999999999999,1.32,0.0132,0.63,0.0063
2020-10-26,-1.81,-0.0181,-1.11,-0.0111,-0.97,-0.0097,-2.45,-0.0245,-3.25,-0.0325,-3.57,-0.035699999999999996,-0.84,-0.0084,-3.7,-0.037000000000000005,-0.4,-0.004,-1.97,-0.0197,-2.67,-0.026699999999999998,-1.22,-0.012199999999999999,-1.99,-0.0199,-2.55,-0.0255,-2.72,-0.027200000000000002,-0.96,-0.0096,-2.37,-0.023700000000000002,-2.18,-0.0218,-2.17,-0.0217,-2.01,-0.020099999999999996
2020-10-27,-0.06,-0.0006,-0.15,-0.0015,-0.51,-0.0051,-1.37,-0.0137,-2.09,-0.0209,-0.31,-0.0031,-0.01,-0.0001,-1.4,-0.013999999999999999,-0.18,-0.0018,-0.57,-0.005699999999999999,0.82,0.008199999999999999,0.32,0.0032,-1.87,-0.0187,-1.78,-0.0178,-1.53,-0.015300000000000001,1.03,0.0103,-1.83,-0.0183,1.43,0.0143,-1.23,-0.0123,-0.63,-0.0063
2020-10-28,-3.29,-0.0329,-3.97,-0.0397,-3.04,-0.0304,-2.28,-0.022799999999999997,-1.71,-0.0171,-3.84,-0.0384,-3.86,-0.038599999999999995,-4.43,-0.0443,-2.95,-0.029500000000000002,-2.65,-0.0265,-4.02,-0.04019999999999999,-3.97,-0.0397,-2.13,-0.0213,-4.4,-0.044000000000000004,-3.09,-0.030899999999999997,-2.94,-0.0294,-3.32,-0.0332,-3.82,-0.0382,-0.89,-0.0089,-3.67,-0.036699999999999997
2020-10-29,0.13,0.0013,0.97,0.0097,-0.05,-0.0005,2.27,0.0227,0.21,0.0021,3.0,0.03,1.23,0.0123,3.31,0.0331,0.36,0.0036,1.36,0.013600000000000001,1.45,0.014499999999999999,2.32,0.0232,0.71,0.0070999999999999995,2.39,0.0239,0.72,0.0072,0.49,0.0049,0.67,0.0067,3.31,0.0331,0.78,0.0078000000000000005,1.07,0.010700000000000001
2020-10-30,-0.59,-0.0059,-3.05,-0.0305,-0.81,-0.008100000000000001,-0.6,-0.006,-0.84,-0.0084,-0.63,-0.0063,-4.14,-0.0414,0.14,0.0014000000000000002,-0.82,-0.008199999999999999,0.41,0.0040999999999999995,-1.68,-0.0168,-3.01,-0.0301,-0.12,-0.0012,-0.54,-0.0054,0.13,0.0013,-3.25,-0.0325,0.06,0.0006,1.25,0.0125,-0.87,-0.0087,-1.28,-0.0128
2020-11-02,1.83,0.0183,1.53,0.015300000000000001,1.28,0.0128,3.6,0.036000000000000004,3.78,0.0378,2.53,0.0253,2.57,0.025699999999999997,3.96,0.039599999999999996,2.03,0.0203,-0.01,-0.0001,0.13,0.0013,0.6,0.006,2.24,0.022400000000000003,1.7,0.017,3.13,0.0313,0.36,0.0036,2.14,0.021400000000000002,3.37,0.0337,3.38,0.0338,-0.13,-0.0013
2020-11-03,1.14,0.011399999999999999,2.33,0.0233,1.38,0.0138,0.83,0.0083,1.97,0.0197,2.23,0.0223,4.83,0.0483,-0.82,-0.008199999999999999,1.44,0.0144,1.42,0.014199999999999999,1.8,0.018000000000000002,1.83,0.0183,2.2,0.022000000000000002,2.85,0.0285,3.3,0.033,2.02,0.0202,2.53,0.0253,1.6,0.016,2.77,0.0277,2.22,0.0222
2020-11-04,0.08,0.0008,1.41,0.0141,3.99,0.039900000000000005,-1.41,-0.0141,1.73,0.0173,-5.18,-0.0518,-1.01,-0.0101,0.06,0.0006,-1.57,-0.015700000000000002,1.31,0.0131,4.96,0.0496,3.17,0.0317,-1.89,-0.0189,0.89,0.0089,0.78,0.0078000000000000005,3.14,0.031400000000000004,0.51,0.0051,-4.12,-0.0412,-2.39,-0.0239,1.23,0.0123
2020-11-05,1.04,0.0104,1.76,0.0176,0.23,0.0023,3.99,0.039900000000000005,1.75,0.0175,4.49,0.0449,4.07,0.0407,0.21,0.0021,0.91,0.0091,1.87,0.0187,2.38,0.023799999999999998,3.14,0.031400000000000004,1.99,0.0199,2.56,0.0256,2.19,0.0219,2.03,0.0203,2.34,0.023399999999999997,3.57,0.035699999999999996,3.82,0.0382,1.49,0.0149
2020-11-06,-0.03,-0.0003,-1.21,-0.0121,-0.2,-0.002,0.2,0.002,-1.74,-0.0174,-0.44,-0.0044,-1.46,-0.0146,-1.83,-0.0183,-0.54,-0.0054,0.56,0.005600000000000001,0.25,0.0025,0.73,0.0073,0.14,0.0014000000000000002,0.51,0.0051,0.29,0.0029,0.15,0.0015,-1.24,-0.0124,0.54,0.0054,0.03,0.0003,0.33,0.0033
2020-11-09,1.11,0.0111,1.47,0.0147,0.93,0.009300000000000001,1.73,0.0173,-2.27,-0.0227,5.63,0.056299999999999996,-0.44,-0.0044,14.25,0.1425,2.57,0.025699999999999997,3.47,0.0347,-2.06,-0.0206,-1.55,-0.0155,-0.09,-0.0009,3.38,0.0338,3.09,0.030899999999999997,-3.48,-0.0348,7.85,0.0785,-0.21,-0.0021,2.08,0.0208,3.44,0.0344
2020-11-10,1.84,0.0184,-0.65,-0.006500000000000001,0.53,0.0053,1.53,0.015300000000000001,3.91,0.0391,2.54,0.0254,-0.62,-0.0062,3.1,0.031,1.94,0.0194,1.13,0.0113,-2.31,-0.0231,-1.36,-0.013600000000000001,2.76,0.0276,0.86,0.0086,1.63,0.0163,-0.78,-0.0078000000000000005,0.53,0.0053,-0.11,-0.0011,0.16,0.0016,-0.56,-0.005600000000000001
2020-11-11,0.99,0.009899999999999999,0.07,0.0007000000000000001,0.15,0.0015,-2.16,-0.0216,0.62,0.0062,-1.35,-0.013500000000000002,0.84,0.0084,-0.68,-0.0068000000000000005,0.25,0.0025,-0.1,-0.001,2.02,0.0202,2.74,0.0274,0.11,0.0011,-0.81,-0.008100000000000001,-1.37,-0.0137,1.91,0.0191,-0.85,-0.0085,0.04,0.0004,-0.86,-0.0086,0.86,0.0086
2020-11-12,-0.85,-0.0085,-1.35,-0.013500000000000002,-0.55,-0.0055000000000000005,-2.25,-0.0225,-1.84,-0.0184,-2.21,-0.022099999999999998,-1.54,-0.0154,-3.59,-0.0359,-1.83,-0.0183,-0.43,-0.0043,-0.58,-0.0058,-0.71,-0.0070999999999999995,-1.54,-0.0154,-0.89,-0.0089,-1.34,-0.0134,-0.64,-0.0064,-1.41,-0.0141,-1.08,-0.0108,-2.62,-0.0262,-1.89,-0.0189
2020-11-13,1.06,0.0106,1.68,0.0168,1.34,0.0134,1.87,0.0187,2.2,0.022000000000000002,4.42,0.044199999999999996,0.56,0.005600000000000001,3.9,0.039,1.31,0.0131,1.7,0.017,0.82,0.008199999999999999,0.82,0.008199999999999999,1.78,0.0178,2.17,0.0217,2.55,0.0255,0.95,0.0095,1.65,0.0165,1.54,0.0154,2.46,0.0246,1.34,0.0134
2020-11-16,1.15,0.0115,2.25,0.0225,-0.07,-0.0007000000000000001,2.24,0.022400000000000003,1.9,0.019,5.22,0.052199999999999996,0.76,0.0076,6.47,0.0647,1.11,0.0111,1.25,0.0125,0.43,0.0043,1.25,0.0125,2.4,0.024,2.7,0.027000000000000003,2.38,0.023799999999999998,0.79,0.0079,1.93,0.019299999999999998,2.12,0.0212,2.36,0.0236,1.78,0.0178
2020-11-17,-0.44,-0.0044,2.12,0.0212,-0.18,-0.0018,0.05,0.0005,-0.14,-0.0014000000000000002,-0.27,-0.0027,5.15,0.051500000000000004,0.95,0.0095,-1.54,-0.0154,0.22,0.0022,-0.14,-0.0014000000000000002,-0.66,-0.0066,0.37,0.0037,0.0,0.0,-1.65,-0.0165,-0.82,-0.008199999999999999,-0.36,-0.0036,-0.48,-0.0048,0.02,0.0002,-0.24,-0.0024
2020-11-18,-1.29,-0.0129,-0.3,-0.003,-1.55,-0.0155,-0.57,-0.005699999999999999,0.22,0.0022,-1.58,-0.0158,6.87,0.0687,-2.82,-0.0282,-2.04,-0.0204,-0.8,-0.008,-1.02,-0.0102,-1.22,-0.012199999999999999,-1.17,-0.011699999999999999,-0.53,-0.0053,-0.95,-0.0095,-0.82,-0.008199999999999999,-1.08,-0.0108,-1.87,-0.0187,-0.08,-0.0008,-0.2,-0.002
2020-11-19,0.47,0.004699999999999999,0.48,0.0048,0.35,0.0034999999999999996,0.28,0.0028000000000000004,0.77,0.0077,0.35,0.0034999999999999996,1.82,0.0182,1.47,0.0147,-0.62,-0.0062,-0.03,-0.0003,1.21,0.0121,0.79,0.0079,0.38,0.0038,0.02,0.0002,-0.09,-0.0009,0.8,0.008,-0.12,-0.0012,0.28,0.0028000000000000004,1.86,0.018600000000000002,0.27,0.0027
2020-11-20,-0.59,-0.0059,0.43,0.0043,0.2,0.002,-0.13,-0.0013,-0.61,-0.0060999999999999995,-0.49,-0.0049,-1.38,-0.0138,-0.61,-0.0060999999999999995,0.03,0.0003,0.0,0.0,-0.49,-0.0049,-0.77,-0.0077,-0.01,-0.0001,-1.11,-0.0111,-1.09,-0.0109,-0.5,-0.005,-1.04,-0.0104,0.48,0.0048,0.21,0.0021,-0.67,-0.0067
2020-11-23,0.3,0.003,1.39,0.0139,-0.16,-0.0016,2.1,0.021,2.45,0.0245,2.7,0.027000000000000003,5.36,0.0536,7.41,0.0741,0.47,0.004699999999999999,1.03,0.0103,0.29,0.0029,-0.72,-0.0072,0.43,0.0043,1.79,0.0179,1.09,0.0109,0.66,0.0066,1.86,0.018600000000000002,-0.11,-0.0011,2.78,0.0278,0.93,0.009300000000000001
2020-11-24,0.87,0.0087,1.23,0.0123,0.03,0.0003,2.7,0.027000000000000003,-0.17,-0.0017000000000000001,5.07,0.0507,5.4,0.054000000000000006,5.37,0.0537,1.52,0.0152,2.19,0.0219,1.29,0.0129,0.87,0.0087,1.9,0.019,2.24,0.022400000000000003,2.17,0.0217,0.79,0.0079,3.07,0.030699999999999998,1.83,0.0183,1.81,0.0181,1.87,0.0187
2020-11-25,-0.45,-0.0045000000000000005,0.25,0.0025,-0.12,-0.0012,-1.63,-0.0163,-0.53,-0.0053,-2.05,-0.020499999999999997,1.61,0.0161,-2.4,-0.024,0.03,0.0003,-0.64,-0.0064,0.53,0.0053,0.27,0.0027,-0.49,-0.0049,-0.73,-0.0073,-0.95,-0.0095,0.94,0.009399999999999999,-0.56,-0.005600000000000001,0.96,0.0096,0.48,0.0048,-0.58,-0.0058
2020-11-27,0.13,0.0013,-0.63,-0.0063,1.47,0.0147,0.19,0.0019,0.06,0.0006,0.09,0.0009,1.33,0.013300000000000001,-1.3,-0.013000000000000001,-0.97,-0.0097,-0.01,-0.0001,0.95,0.0095,0.61,0.0060999999999999995,-0.07,-0.0007000000000000001,-0.39,-0.0039000000000000003,0.22,0.0022,0.3,0.003,-0.18,-0.0018,0.49,0.0049,0.27,0.0027,-0.03,-0.0003
2020-11-30,-0.34,-0.0034000000000000002,-0.6,-0.006,0.46,0.0046,-1.03,-0.0103,-1.71,-0.0171,-3.23,-0.0323,-2.67,-0.026699999999999998,-5.71,-0.0571,-1.67,-0.0167,-0.45,-0.0045000000000000005,-0.3,-0.003,1.49,0.0149,-1.93,-0.019299999999999998,-0.84,-0.0084,-0.25,-0.0025,-0.4,-0.004,-1.92,-0.0192,-1.14,-0.011399999999999999,-1.34,-0.0134,-0.69,-0.0069
2020-12-01,0.81,0.008100000000000001,1.12,0.011200000000000002,0.6,0.006,0.75,0.0075,-0.36,-0.0036,3.87,0.0387,2.55,0.0255,0.47,0.004699999999999999,0.63,0.0063,0.99,0.009899999999999999,0.68,0.0068000000000000005,1.82,0.0182,0.63,0.0063,0.14,0.0014000000000000002,1.02,0.0102,0.98,0.0098,1.66,0.0166,2.3,0.023,-1.15,-0.0115,0.79,0.0079
2020-12-02,-0.72,-0.0072,0.01,0.0001,0.32,0.0032,-1.23,-0.0123,-1.6,-0.016,0.56,0.005600000000000001,-2.11,-0.021099999999999997,3.12,0.031200000000000002,0.73,0.0073,0.92,0.0092,-0.25,-0.0025,0.35,0.0034999999999999996,-0.48,-0.0048,1.26,0.0126,-0.46,-0.0046,-0.69,-0.0069,1.08,0.0108,0.22,0.0022,-0.84,-0.0084,-0.97,-0.0097
2020-12-03,1.01,0.0101,1.48,0.0148,0.01,0.0001,-0.53,-0.0053,2.11,0.021099999999999997,-0.25,-0.0025,2.98,0.0298,1.05,0.0105,-0.83,-0.0083,0.21,0.0021,0.06,0.0006,-0.07,-0.0007000000000000001,-0.25,-0.0025,0.14,0.0014000000000000002,0.27,0.0027,-0.34,-0.0034000000000000002,-0.02,-0.0002,0.55,0.0055000000000000005,-0.34,-0.0034000000000000002,0.97,0.0097
2020-12-04,1.26,0.0126,1.09,0.0109,1.27,0.0127,2.35,0.0235,0.4,0.004,4.68,0.046799999999999994,1.16,0.0116,5.69,0.056900000000000006,-0.38,-0.0038,0.32,0.0032,0.71,0.0070999999999999995,1.01,0.0101,1.26,0.0126,1.48,0.0148,1.6,0.016,-0.35,-0.0034999999999999996,1.53,0.015300000000000001,1.3,0.013000000000000001,1.67,0.0167,1.12,0.011200000000000002
2020-12-07,-1.01,-0.0101,0.32,0.0032,-0.33,-0.0033,-1.12,-0.011200000000000002,1.09,0.0109,-0.76,-0.0076,4.9,0.049,-2.5,-0.025,0.23,0.0023,0.29,0.0029,0.24,0.0024,0.42,0.0042,-0.42,-0.0042,-0.22,-0.0022,-0.53,-0.0053,-0.3,-0.003,-0.53,-0.0053,-0.15,-0.0015,-0.5,-0.005,-0.88,-0.0088
2020-12-08,0.55,0.0055000000000000005,0.41,0.0040999999999999995,1.34,0.0134,1.19,0.011899999999999999,-1.0,-0.01,1.71,0.0171,0.89,0.0089,1.75,0.0175,-0.18,-0.0018,0.2,0.002,0.35,0.0034999999999999996,0.42,0.0042,0.8,0.008,-0.07,-0.0007000000000000001,0.85,0.0085,0.38,0.0038,0.15,0.0015,0.34,0.0034000000000000002,2.49,0.024900000000000002,-0.17,-0.0017000000000000001
2020-12-09,-0.24,-0.0024,-0.42,-0.0042,-0.45,-0.0045000000000000005,0.41,0.0040999999999999995,0.73,0.0073,-0.93,-0.009300000000000001,-4.78,-0.0478,0.29,0.0029,-0.1,-0.001,-0.17,-0.0017000000000000001,-1.91,-0.0191,-1.89,-0.0189,0.25,0.0025,0.15,0.0015,-0.11,-0.0011,-0.81,-0.008100000000000001,-0.35,-0.0034999999999999996,-1.68,-0.0168,-1.52,-0.0152,-0.35,-0.0034999999999999996
2020-12-10,-0.46,-0.0046,-0.5,-0.005,0.53,0.0053,-0.55,-0.0055000000000000005,-0.05,-0.0005,1.5,0.015,1.97,0.0197,3.5,0.035,-0.23,-0.0023,-0.73,-0.0073,0.47,0.004699999999999999,0.55,0.0055000000000000005,-1.05,-0.0105,-0.86,-0.0086,-0.45,-0.0045000000000000005,-0.28,-0.0028000000000000004,-0.15,-0.0015,-0.28,-0.0028000000000000004,-0.38,-0.0038,1.25,0.0125
2020-12-11,0.31,0.0031,-1.33,-0.013300000000000001,-0.33,-0.0033,-0.52,-0.0052,-0.15,-0.0015,-1.78,-0.0178,-2.25,-0.0225,-1.18,-0.0118,0.08,0.0008,2.78,0.0278,0.35,0.0034999999999999996,-0.57,-0.005699999999999999,0.05,0.0005,-0.37,-0.0037,-0.48,-0.0048,0.03,0.0003,-0.93,-0.009300000000000001,-0.13,-0.0013,0.25,0.0025,-1.24,-0.0124
2020-12-14,-0.09,-0.0009,-0.38,-0.0038,-0.22,-0.0022,-0.94,-0.009399999999999999,-0.38,-0.0038,-1.95,-0.0195,3.28,0.032799999999999996,-3.61,-0.0361,-0.73,-0.0073,-1.33,-0.013300000000000001,0.14,0.0014000000000000002,0.17,0.0017000000000000001,-0.9,-0.009000000000000001,-1.89,-0.0189,-0.81,-0.008100000000000001,0.38,0.0038,-0.72,-0.0072,-2.18,-0.0218,-1.16,-0.0116,0.41,0.0040999999999999995
2020-12-15,0.38,0.0038,2.18,0.0218,0.97,0.0097,1.68,0.0168,1.52,0.0152,2.4,0.024,-0.16,-0.0016,1.78,0.0178,2.11,0.021099999999999997,1.05,0.0105,0.57,0.005699999999999999,2.8,0.027999999999999997,1.52,0.0152,0.83,0.0083,1.79,0.0179,0.7,0.006999999999999999,1.69,0.0169,2.5,0.025,2.75,0.0275,1.58,0.0158
2020-12-16,-0.41,-0.0040999999999999995,-0.3,-0.003,-0.36,-0.0036,-0.33,-0.0033,-0.39,-0.0039000000000000003,-0.74,-0.0074,-1.37,-0.0137,-0.39,-0.0039000000000000003,-1.21,-0.0121,-0.61,-0.0060999999999999995,1.08,0.0108,-0.17,-0.0017000000000000001,-0.03,-0.0003,-0.2,-0.002,-0.24,-0.0024,1.2,0.012,0.12,0.0012,1.28,0.0128,-1.37,-0.0137,-0.09,-0.0009
2020-12-17,0.91,0.0091,1.83,0.0183,1.37,0.0137,1.02,0.0102,2.41,0.0241,-0.43,-0.0043,3.97,0.0397,-0.45,-0.0045000000000000005,0.6,0.006,-0.04,-0.0004,0.71,0.0070999999999999995,0.62,0.0062,0.61,0.0060999999999999995,1.23,0.0123,0.73,0.0073,0.39,0.0039000000000000003,0.51,0.0051,1.94,0.0194,0.52,0.0052,0.58,0.0058
2020-12-18,0.18,0.0018,-1.84,-0.0184,0.15,0.0015,0.82,0.008199999999999999,0.14,0.0014000000000000002,-2.95,-0.029500000000000002,4.07,0.0407,-1.57,-0.015700000000000002,-1.02,-0.0102,-0.23,-0.0023,0.39,0.0039000000000000003,-0.68,-0.0068000000000000005,-0.32,-0.0032,-0.27,-0.0027,-0.5,-0.005,-0.79,-0.0079,-0.71,-0.0070999999999999995,-0.3,-0.003,-0.18,-0.0018,0.01,0.0001
2020-12-21,-0.98,-0.0098,2.5,0.025,-0.49,-0.0049,-0.46,-0.0046,-0.36,-0.0036,0.59,0.0059,-4.83,-0.0483,-1.7,-0.017,-1.4,-0.013999999999999999,-1.1,-0.011000000000000001,0.08,0.0008,0.04,0.0004,-0.57,-0.005699999999999999,-0.58,-0.0058,-0.47,-0.004699999999999999,0.09,0.0009,0.5,0.005,0.79,0.0079,1.28,0.0128,-0.82,-0.008199999999999999
2020-12-22,-0.38,-0.0038,-1.52,-0.0152,0.0,0.0,-0.18,-0.0018,0.13,0.0013,-1.63,-0.0163,-1.14,-0.011399999999999999,-1.78,-0.0178,-0.13,-0.0013,-0.61,-0.0060999999999999995,0.62,0.0062,1.24,0.0124,-0.45,-0.0045000000000000005,0.28,0.0028000000000000004,-0.04,-0.0004,-0.26,-0.0026,-0.89,-0.0089,-1.66,-0.0166,0.73,0.0073,-0.11,-0.0011
2020-12-23,0.85,0.0085,0.19,0.0019,0.14,0.0014000000000000002,-0.19,-0.0019,-0.37,-0.0037,0.66,0.0066,1.11,0.0111,2.52,0.0252,-0.06,-0.0006,0.86,0.0086,-0.73,-0.0073,-0.53,-0.0053,0.18,0.0018,0.22,0.0022,0.55,0.0055000000000000005,-0.38,-0.0038,1.44,0.0144,1.35,0.013500000000000002,1.39,0.0139,0.28,0.0028000000000000004
2020-12-24,0.52,0.0052,-0.41,-0.0040999999999999995,-0.07,-0.0007000000000000001,0.5,0.005,1.01,0.0101,0.05,0.0005,1.56,0.015600000000000001,-0.74,-0.0074,0.6,0.006,0.29,0.0029,0.28,0.0028000000000000004,0.54,0.0054,0.45,0.0045000000000000005,-0.11,-0.0011,0.04,0.0004,-0.1,-0.001,0.22,0.0022,0.24,0.0024,0.18,0.0018,-0.05,-0.0005
2020-12-28,0.51,0.0051,0.56,0.005600000000000001,-0.56,-0.005600000000000001,-0.7,-0.006999999999999999,-1.26,-0.0126,-0.38,-0.0038,0.17,0.0017000000000000001,-0.54,-0.0054,0.26,0.0026,0.96,0.0096,0.27,0.0027,1.49,0.0149,-0.23,-0.0023,-0.03,-0.0003,0.68,0.0068000000000000005,1.76,0.0176,0.82,0.008199999999999999,-0.35,-0.0034999999999999996,-0.27,-0.0027,0.93,0.009300000000000001
2020-12-29,-0.24,-0.0024,-0.7,-0.006999999999999999,-0.04,-0.0004,-0.31,-0.0031,-0.85,-0.0085,-0.5,-0.005,0.05,0.0005,-0.64,-0.0064,-0.19,-0.0019,0.09,0.0009,-0.56,-0.005600000000000001,-0.75,-0.0075,-0.34,-0.0034000000000000002,-0.63,-0.0063,-0.9,-0.009000000000000001,0.23,0.0023,-0.37,-0.0037,-0.13,-0.0013,-2.03,-0.0203,-0.17,-0.0017000000000000001
2020-12-30,0.12,0.0012,0.5,0.005,0.29,0.0029,1.18,0.0118,0.73,0.0073,2.43,0.024300000000000002,3.41,0.0341,1.92,0.0192,0.53,0.0053,0.0,0.0,-0.37,-0.0037,0.11,0.0011,0.48,0.0048,0.41,0.0040999999999999995,0.26,0.0026,-0.46,-0.0046,0.67,0.0067,3.23,0.0323,1.9,0.019,0.02,0.0002
2020-12-31,0.74,0.0074,-0.34,-0.0034000000000000002,0.48,0.0048,0.52,0.0052,-0.62,-0.0062,0.5,0.005,1.02,0.0102,-1.03,-0.0103,1.39,0.0139,0.96,0.0096,0.38,0.0038,0.17,0.0017000000000000001,0.4,0.004,-0.05,-0.0005,0.45,0.0045000000000000005,-0.39,-0.0039000000000000003,1.08,0.0108,-0.64,-0.0064,0.34,0.0034000000000000002,0.89,0.0089
2021-01-04,-1.88,-0.018799999999999997,-0.38,-0.0038,-0.8,-0.008,-1.31,-0.0131,-2.07,-0.0207,-0.98,-0.0098,2.07,0.0207,0.25,0.0025,-2.32,-0.0232,-1.25,-0.0125,-1.7,-0.017,-1.56,-0.015600000000000001,-1.79,-0.0179,-2.22,-0.0222,-1.97,-0.0197,-0.88,-0.0088,-1.2,-0.012,2.97,0.0297,-1.32,-0.0132,-3.0,-0.03
2021-01-05,-0.13,-0.0013,1.17,0.011699999999999999,0.74,0.0074,3.21,0.0321,0.68,0.0068000000000000005,4.23,0.042300000000000004,1.08,0.0108,4.97,0.049699999999999994,0.31,0.0031,-0.24,-0.0024,0.49,0.0049,1.41,0.0141,0.61,0.0060999999999999995,1.44,0.0144,1.15,0.0115,0.67,0.0067,0.26,0.0026,1.91,0.0191,1.82,0.0182,0.95,0.0095
2021-01-06,-0.25,-0.0025,1.82,0.0182,0.83,0.0083,3.84,0.0384,3.53,0.0353,7.7,0.077,2.99,0.029900000000000003,2.94,0.0294,2.65,0.0265,1.18,0.0118,-1.51,-0.0151,-1.06,-0.0106,2.49,0.024900000000000002,1.41,0.0141,3.38,0.0338,-0.04,-0.0004,4.18,0.0418,4.43,0.0443,6.53,0.0653,0.93,0.009300000000000001
2021-01-07,-0.27,-0.0027,1.4,0.013999999999999999,1.53,0.015300000000000001,1.45,0.014499999999999999,2.16,0.0216,-1.02,-0.0102,6.31,0.06309999999999999,1.55,0.0155,-1.11,-0.0111,0.1,0.001,2.41,0.0241,3.11,0.0311,-0.97,-0.0097,1.38,0.0138,1.55,0.0155,0.62,0.0062,1.55,0.0155,1.74,0.0174,2.14,0.021400000000000002,0.37,0.0037
2021-01-08,0.74,0.0074,0.13,0.0013,0.32,0.0032,-0.38,-0.0038,-2.01,-0.020099999999999996,-0.27,-0.0027,5.78,0.057800000000000004,-0.13,-0.0013,0.59,0.0059,-0.12,-0.0012,1.05,0.0105,0.53,0.0053,-1.25,-0.0125,0.07,0.0007000000000000001,0.39,0.0039000000000000003,0.56,0.005600000000000001,-0.21,-0.0021,-1.02,-0.0102,0.44,0.0044,1.51,0.0151
2021-01-11,-1.5,-0.015,0.57,0.005699999999999999,0.7,0.006999999999999999,0.47,0.004699999999999999,1.07,0.010700000000000001,0.13,0.0013,-5.68,-0.056799999999999996,1.69,0.0169,-0.63,-0.0063,-0.12,-0.0012,-1.45,-0.014499999999999999,-0.52,-0.0052,-0.02,-0.0002,0.26,0.0026,-0.45,-0.0045000000000000005,-0.69,-0.0069,0.21,0.0021,-1.16,-0.0116,0.88,0.0088,-0.58,-0.0058
2021-01-12,-0.33,-0.0033,-0.09,-0.0009,-0.48,-0.0048,1.92,0.0192,1.29,0.0129,3.04,0.0304,4.5,0.045,3.5,0.035,-0.03,-0.0003,-1.57,-0.015700000000000002,-0.4,-0.004,-0.02,-0.0002,0.47,0.004699999999999999,1.8,0.018000000000000002,1.43,0.0143,0.97,0.0097,0.67,0.0067,1.63,0.0163,1.4,0.013999999999999999,-0.72,-0.0072
2021-01-13,0.1,0.001,-1.8,-0.018000000000000002,0.4,0.004,-1.21,-0.0121,-0.63,-0.0063,-2.45,-0.0245,0.36,0.0036,-0.93,-0.009300000000000001,1.55,0.0155,-0.11,-0.0011,0.03,0.0003,0.64,0.0064,-0.44,-0.0044,-0.38,-0.0038,-1.59,-0.0159,0.35,0.0034999999999999996,-0.33,-0.0033,-1.96,-0.0196,-1.59,-0.0159,-0.24,-0.0024
2021-01-14,-0.15,-0.0015,-0.82,-0.008199999999999999,0.68,0.0068000000000000005,-0.4,-0.004,0.91,0.0091,0.67,0.0067,-0.25,-0.0025,3.17,0.0317,-0.21,-0.0021,-0.14,-0.0014000000000000002,-0.86,-0.0086,-0.26,-0.0026,-0.42,-0.0042,0.13,0.0013,-0.1,-0.001,-0.58,-0.0058,-0.23,-0.0023,1.72,0.0172,-0.08,-0.0008,-0.41,-0.0040999999999999995
2021-01-15,-0.21,-0.0021,-0.78,-0.0078000000000000005,0.18,0.0018,-0.95,-0.0095,-0.53,-0.0053,-2.54,-0.0254,-2.24,-0.022400000000000003,-4.11,-0.041100000000000005,0.78,0.0078000000000000005,-0.22,-0.0022,-0.27,-0.0027,-1.31,-0.0131,-0.55,-0.0055000000000000005,-1.45,-0.014499999999999999,-0.58,-0.0058,-0.52,-0.0052,-1.42,-0.014199999999999999,-2.88,-0.0288,-2.64,-0.0264,-0.25,-0.0025
2021-01-19,-0.15,-0.0015,-1.13,-0.0113,1.18,0.0118,0.43,0.0043,1.87,0.0187,0.77,0.0077,2.61,0.026099999999999998,2.34,0.023399999999999997,-0.49,-0.0049,0.23,0.0023,1.8,0.018000000000000002,1.26,0.0126,0.65,0.006500000000000001,-0.19,-0.0019,-0.3,-0.003,-0.29,-0.0029,0.39,0.0039000000000000003,1.87,0.0187,2.74,0.0274,0.39,0.0039000000000000003
2021-01-20,0.25,0.0025,2.15,0.0215,0.48,0.0048,0.1,0.001,2.48,0.0248,-0.62,-0.0062,1.13,0.0113,0.4,0.004,0.39,0.0039000000000000003,0.65,0.006500000000000001,2.58,0.0258,1.58,0.0158,0.92,0.0092,1.32,0.0132,0.61,0.0060999999999999995,2.43,0.024300000000000002,0.01,0.0001,0.09,0.0009,-0.05,-0.0005,1.7,0.017
2021-01-21,-0.41,-0.0040999999999999995,-0.59,-0.0059,-0.68,-0.0068000000000000005,-1.35,-0.013500000000000002,-0.05,-0.0005,-3.61,-0.0361,0.1,0.001,-3.44,-0.0344,-0.78,-0.0078000000000000005,-0.26,-0.0026,0.07,0.0007000000000000001,2.01,0.020099999999999996,0.03,0.0003,-1.81,-0.0181,-0.28,-0.0028000000000000004,0.83,0.0083,-0.9,-0.009000000000000001,-1.45,-0.014499999999999999,0.95,0.0095,-0.14,-0.0014000000000000002
2021-01-22,0.03,0.0003,-1.03,-0.0103,0.24,0.0024,-0.34,-0.0034000000000000002,0.6,0.006,0.22,0.0022,0.17,0.0017000000000000001,-0.41,-0.0040999999999999995,0.19,0.0019,0.1,0.001,0.08,0.0008,0.04,0.0004,-0.33,-0.0033,-1.04,-0.0104,0.03,0.0003,0.1,0.001,-0.73,-0.0073,0.33,0.0033,0.62,0.0062,-0.85,-0.0085
2021-01-25,1.45,0.014499999999999999,-0.94,-0.009399999999999999,1.12,0.011200000000000002,-0.28,-0.0028000000000000004,-0.44,-0.0044,-0.71,-0.0070999999999999995,2.62,0.0262,-0.85,-0.0085,1.64,0.016399999999999998,0.81,0.008100000000000001,0.06,0.0006,1.09,0.0109,0.23,0.0023,0.03,0.0003,-0.77,-0.0077,0.02,0.0002,-0.72,-0.0072,-1.77,-0.0177,-2.33,-0.0233,-0.51,-0.0051
2021-01-26,1.34,0.0134,-1.77,-0.0177,-0.53,-0.0053,-1.51,-0.0151,-1.63,-0.0163,-2.94,-0.0294,0.07,0.0007000000000000001,-2.35,-0.0235,-0.85,-0.0085,0.64,0.0064,0.09,0.0009,-0.5,-0.005,0.76,0.0076,-1.85,-0.018500000000000003,-0.66,-0.0066,0.8,0.008,-0.87,-0.0087,-2.59,-0.0259,-1.92,-0.0192,0.62,0.0062
2021-01-27,-0.61,-0.0060999999999999995,-3.38,-0.0338,-2.86,-0.0286,-2.31,-0.0231,-3.01,-0.0301,-2.18,-0.0218,-2.38,-0.023799999999999998,-0.87,-0.0087,-2.36,-0.0236,-3.13,-0.0313,-2.51,-0.025099999999999997,-2.24,-0.022400000000000003,0.36,0.0036,-3.49,-0.0349,-1.96,-0.0196,-2.16,-0.0216,-3.19,-0.0319,-3.74,-0.0374,-3.35,-0.0335,-3.92,-0.0392
2021-01-28,-0.29,-0.0029,1.94,0.0194,1.07,0.010700000000000001,1.16,0.0116,0.99,0.009899999999999999,-0.48,-0.0048,-2.43,-0.024300000000000002,1.12,0.011200000000000002,1.03,0.0103,2.37,0.023700000000000002,1.92,0.0192,-0.67,-0.0067,-0.51,-0.0051,2.41,0.0241,0.32,0.0032,-0.08,-0.0008,2.01,0.020099999999999996,3.44,0.0344,1.31,0.0131,0.86,0.0086
2021-01-29,-1.95,-0.0195,-1.23,-0.0123,-0.65,-0.006500000000000001,-2.71,-0.0271,-1.61,-0.0161,-3.16,-0.0316,-4.15,-0.0415,-3.47,-0.0347,-0.66,-0.0066,-2.38,-0.023799999999999998,-1.91,-0.0191,-2.08,-0.0208,-2.03,-0.0203,-2.19,-0.0219,-2.56,-0.0256,-1.3,-0.013000000000000001,-2.11,-0.021099999999999997,-2.0,-0.02,-2.43,-0.024300000000000002,-1.02,-0.0102
2021-02-01,0.19,0.0019,1.56,0.015600000000000001,0.58,0.0058,1.22,0.012199999999999999,2.27,0.0227,2.1,0.021,4.79,0.0479,1.0,0.01,0.58,0.0058,0.76,0.0076,2.78,0.0278,2.12,0.0212,0.61,0.0060999999999999995,1.51,0.0151,2.15,0.0215,1.6,0.016,1.3,0.013000000000000001,3.64,0.0364,2.29,0.0229,1.13,0.0113
2021-02-02,0.87,0.0087,2.67,0.026699999999999998,0.44,0.0044,1.84,0.0184,1.27,0.0127,1.65,0.0165,3.26,0.0326,1.13,0.0113,0.69,0.0069,1.5,0.015,1.76,0.0176,1.14,0.011399999999999999,0.46,0.0046,3.13,0.0313,1.22,0.012199999999999999,0.85,0.0085,2.42,0.0242,-1.25,-0.0125,1.98,0.019799999999999998,1.99,0.0199
2021-02-03,-0.2,-0.002,-0.6,-0.006,-0.23,-0.0023,0.06,0.0006,-0.11,-0.0011,1.0,0.01,-0.92,-0.0092,4.26,0.0426,-0.02,-0.0002,-0.38,-0.0038,1.24,0.0124,-1.11,-0.0111,0.49,0.0049,0.17,0.0017000000000000001,0.78,0.0078000000000000005,-0.46,-0.0046,0.33,0.0033,0.46,0.0046,0.09,0.0009,-0.22,-0.0022
2021-02-04,0.67,0.0067,2.13,0.0213,1.11,0.0111,-0.3,-0.003,1.25,0.0125,1.44,0.0144,-0.2,-0.002,1.01,0.0101,0.63,0.0063,1.42,0.014199999999999999,0.98,0.0098,1.45,0.014499999999999999,-0.7,-0.006999999999999999,1.4,0.013999999999999999,2.09,0.0209,0.99,0.009899999999999999,2.0,0.02,0.89,0.0089,-0.23,-0.0023,1.38,0.0138
2021-02-05,0.87,0.0087,2.22,0.0222,1.05,0.0105,0.44,0.0044,2.06,0.0206,1.31,0.0131,0.35,0.0034999999999999996,1.08,0.0108,0.59,0.0059,-0.18,-0.0018,1.02,0.0102,-0.12,-0.0012,1.11,0.0111,0.81,0.008100000000000001,0.24,0.0024,0.58,0.0058,-0.1,-0.001,3.11,0.0311,1.73,0.0173,1.75,0.0175
2021-02-08,0.63,0.0063,-0.28,-0.0028000000000000004,0.84,0.0084,1.33,0.013300000000000001,2.3,0.023,2.89,0.028900000000000002,1.55,0.0155,4.53,0.0453,-0.43,-0.0043,1.33,0.013300000000000001,0.53,0.0053,1.44,0.0144,0.85,0.0085,0.79,0.0079,0.97,0.0097,0.32,0.0032,0.98,0.0098,1.24,0.0124,2.44,0.024399999999999998,-0.07,-0.0007000000000000001
2021-02-09,-0.13,-0.0013,-0.19,-0.0019,-0.23,-0.0023,-0.91,-0.0091,-0.62,-0.0062,-0.06,-0.0006,-1.12,-0.011200000000000002,-1.23,-0.0123,0.07,0.0007000000000000001,-0.06,-0.0006,0.5,0.005,-0.41,-0.0040999999999999995,0.06,0.0006,0.66,0.0066,-0.22,-0.0022,-0.31,-0.0031,0.26,0.0026,-0.07,-0.0007000000000000001,0.05,0.0005,0.73,0.0073
2021-02-10,0.0,0.0,0.38,0.0038,-0.14,-0.0014000000000000002,-0.61,-0.0060999999999999995,-0.42,-0.0042,0.28,0.0028000000000000004,-4.13,-0.041299999999999996,1.93,0.019299999999999998,0.63,0.0063,0.22,0.0022,0.08,0.0008,-0.1,-0.001,0.54,0.0054,0.65,0.006500000000000001,-0.36,-0.0036,-0.4,-0.004,0.06,0.0006,-0.01,-0.0001,-0.67,-0.0067,-0.26,-0.0026
2021-02-11,0.26,0.0026,0.69,0.0069,0.03,0.0003,0.87,0.0087,0.9,0.009000000000000001,0.38,0.0038,0.25,0.0025,-1.53,-0.015300000000000001,-0.64,-0.0064,0.22,0.0022,0.59,0.0059,1.04,0.0104,-1.04,-0.0104,-0.53,-0.0053,-0.81,-0.008100000000000001,-0.58,-0.0058,0.12,0.0012,-0.95,-0.0095,2.57,0.025699999999999997,0.08,0.0008
2021-02-12,0.36,0.0036,-0.88,-0.0088,0.45,0.0045000000000000005,0.79,0.0079,-0.12,-0.0012,1.11,0.0111,0.35,0.0034999999999999996,1.48,0.0148,-0.54,-0.0054,-0.35,-0.0034999999999999996,0.6,0.006,0.69,0.0069,1.05,0.0105,1.4,0.013999999999999999,0.29,0.0029,0.3,0.003,0.49,0.0049,1.82,0.0182,1.14,0.011399999999999999,0.06,0.0006
2021-02-16,-0.67,-0.0067,-0.11,-0.0011,-1.06,-0.0106,-0.21,-0.0021,-1.87,-0.0187,2.6,0.026000000000000002,-1.86,-0.018600000000000002,2.93,0.029300000000000003,-0.79,-0.0079,-0.33,-0.0033,0.05,0.0005,-0.77,-0.0077,-0.57,-0.005699999999999999,0.2,0.002,-0.28,-0.0028000000000000004,-0.3,-0.003,1.09,0.0109,0.72,0.0072,0.09,0.0009,0.23,0.0023
2021-02-17,0.24,0.0024,0.4,0.004,0.21,0.0021,-0.38,-0.0038,-0.57,-0.005699999999999999,-0.6,-0.006,-0.05,-0.0005,1.43,0.0143,0.24,0.0024,1.32,0.0132,-0.45,-0.0045000000000000005,-1.44,-0.0144,-0.2,-0.002,-0.38,-0.0038,-0.68,-0.0068000000000000005,1.02,0.0102,0.13,0.0013,1.02,0.0102,-1.05,-0.0105,-0.95,-0.0095
2021-02-18,1.05,0.0105,0.26,0.0026,-1.01,-0.0101,-1.42,-0.014199999999999999,-0.94,-0.009399999999999999,-2.1,-0.021,-1.48,-0.0148,-2.36,-0.0236,0.13,0.0013,-0.69,-0.0069,-0.4,-0.004,-0.86,-0.0086,0.35,0.0034999999999999996,-0.75,-0.0075,-0.28,-0.0028000000000000004,-0.5,-0.005,-0.29,-0.0029,-0.34,-0.0034000000000000002,-2.68,-0.0268,0.69,0.0069
2021-02-19,-1.55,-0.0155,-0.69,-0.0069,-0.35,-0.0034999999999999996,1.9,0.019,1.83,0.0183,3.78,0.0378,-0.16,-0.0016,1.78,0.0178,-1.04,-0.0104,-0.56,-0.005600000000000001,-0.51,-0.0051,0.59,0.0059,-0.03,-0.0003,1.11,0.0111,1.2,0.012,-1.04,-0.0104,0.92,0.0092,4.76,0.047599999999999996,2.75,0.0275,0.06,0.0006
2021-02-22,0.44,0.0044,-1.91,-0.0191,-0.96,-0.0096,0.32,0.0032,-0.59,-0.0059,3.58,0.0358,-6.1,-0.061,3.5,0.035,-1.58,-0.0158,1.13,0.0113,-2.15,-0.0215,-2.93,-0.029300000000000003,-0.16,-0.0016,-0.21,-0.0021,0.09,0.0009,-1.43,-0.0143,1.12,0.011200000000000002,1.51,0.0151,-2.09,-0.0209,-0.03,-0.0003
2021-02-23,0.01,0.0001,-0.51,-0.0051,-0.75,-0.0075,-0.9,-0.009000000000000001,0.28,0.0028000000000000004,0.43,0.0043,-1.94,-0.0194,1.6,0.016,0.85,0.0085,0.98,0.0098,-0.33,-0.0033,-0.4,-0.004,0.03,0.0003,0.11,0.0011,-0.07,-0.0007000000000000001,-0.64,-0.0064,0.82,0.008199999999999999,-0.79,-0.0079,-0.58,-0.0058,0.04,0.0004
2021-02-24,0.29,0.0029,0.39,0.0039000000000000003,0.94,0.009399999999999999,1.54,0.0154,2.11,0.021099999999999997,4.04,0.0404,5.23,0.052300000000000006,3.68,0.0368,-0.68,-0.0068000000000000005,0.42,0.0042,0.69,0.0069,1.08,0.0108,0.51,0.0051,1.2,0.012,1.7,0.017,-0.87,-0.0087,2.19,0.0219,1.0,0.01,0.73,0.0073,2.4,0.024
2021-02-25,-1.28,-0.0128,-1.01,-0.0101,-1.5,-0.015,-2.52,-0.0252,-3.86,-0.038599999999999995,-4.09,-0.0409,-6.74,-0.0674,-1.96,-0.0196,-1.06,-0.0106,-2.02,-0.0202,-3.22,-0.0322,-3.8,-0.038,-0.37,-0.0037,-2.16,-0.0216,-2.52,-0.0252,-2.6,-0.026000000000000002,-2.11,-0.021099999999999997,-4.32,-0.0432,-2.97,-0.0297,-2.08,-0.0208
2021-02-26,-1.25,-0.0125,-0.41,-0.0040999999999999995,-0.65,-0.006500000000000001,-0.47,-0.004699999999999999,0.55,0.0055000000000000005,-3.15,-0.0315,-0.71,-0.0070999999999999995,-2.23,-0.0223,-2.26,-0.0226,-0.48,-0.0048,0.65,0.006500000000000001,0.68,0.0068000000000000005,-1.5,-0.015,-0.25,-0.0025,-0.29,-0.0029,0.34,0.0034000000000000002,-1.38,-0.0138,-3.44,-0.0344,1.0,0.01,0.55,0.0055000000000000005
2021-03-01,1.22,0.012199999999999999,2.06,0.0206,1.42,0.014199999999999999,2.91,0.0291,2.31,0.0231,5.68,0.056799999999999996,5.34,0.053399999999999996,2.57,0.025699999999999997,2.25,0.0225,2.28,0.022799999999999997,2.64,0.0264,3.8,0.038,1.7,0.017,2.16,0.0216,2.9,0.028999999999999998,1.81,0.0181,2.77,0.0277,2.83,0.028300000000000002,4.23,0.042300000000000004,0.77,0.0077
2021-03-02,0.07,0.0007000000000000001,-0.11,-0.0011,-0.91,-0.0091,0.37,0.0037,-0.24,-0.0024,-0.01,-0.0001,-2.81,-0.0281,-0.64,-0.0064,-0.34,-0.0034000000000000002,-0.24,-0.0024,-1.4,-0.013999999999999999,-2.0,-0.02,0.33,0.0033,-0.12,-0.0012,-0.94,-0.009399999999999999,-1.42,-0.014199999999999999,-0.37,-0.0037,0.98,0.0098,-2.09,-0.0209,0.02,0.0002
2021-03-03,-0.36,-0.0036,-1.84,-0.0184,-2.18,-0.0218,-0.83,-0.0083,-1.47,-0.0147,2.16,0.0216,-3.64,-0.0364,1.59,0.0159,-0.87,-0.0087,-0.31,-0.0031,-2.97,-0.0297,-2.5,-0.025,0.43,0.0043,0.23,0.0023,-0.04,-0.0004,-2.12,-0.0212,0.57,0.005699999999999999,-0.18,-0.0018,-2.41,-0.0241,-1.3,-0.013000000000000001
2021-03-04,-0.05,-0.0005,-2.33,-0.0233,-2.15,-0.0215,-2.3,-0.023,-1.58,-0.0158,-4.46,-0.0446,-4.07,-0.0407,2.76,0.0276,0.26,0.0026,-0.52,-0.0052,-1.53,-0.015300000000000001,-2.71,-0.0271,-0.95,-0.0095,-2.8,-0.027999999999999997,-2.09,-0.0209,-1.16,-0.0116,-1.1,-0.011000000000000001,-4.17,-0.0417,-2.81,-0.0281,-1.28,-0.0128
2021-03-05,2.31,0.0231,1.56,0.015600000000000001,1.83,0.0183,2.71,0.0271,3.76,0.037599999999999995,3.84,0.0384,-1.64,-0.016399999999999998,4.13,0.041299999999999996,1.77,0.0177,2.39,0.0239,1.85,0.018500000000000003,1.7,0.017,2.14,0.021400000000000002,3.09,0.030899999999999997,3.02,0.0302,1.15,0.0115,2.08,0.0208,3.39,0.0339,1.54,0.0154,1.08,0.0108
2021-03-08,0.94,0.009399999999999999,1.45,0.014499999999999999,-0.93,-0.009300000000000001,1.22,0.012199999999999999,1.65,0.0165,4.59,0.045899999999999996,-3.33,-0.0333,-0.12,-0.0012,1.38,0.0138,2.56,0.0256,-2.51,-0.025099999999999997,-3.22,-0.0322,1.91,0.0191,0.11,0.0011,0.99,0.009899999999999999,0.17,0.0017000000000000001,1.56,0.015600000000000001,-0.62,-0.0062,0.08,0.0008,0.95,0.0095
2021-03-09,0.04,0.0004,0.51,0.0051,1.36,0.013600000000000001,0.45,0.0045000000000000005,0.34,0.0034000000000000002,0.6,0.006,12.87,0.12869999999999998,-1.99,-0.0199,0.68,0.0068000000000000005,-1.39,-0.0139,3.15,0.0315,3.86,0.038599999999999995,-0.33,-0.0033,0.87,0.0087,0.07,0.0007000000000000001,2.37,0.023700000000000002,-0.55,-0.0055000000000000005,0.23,0.0023,2.33,0.0233,0.36,0.0036
2021-03-10,1.28,0.0128,1.1,0.011000000000000001,0.33,0.0033,1.97,0.0197,2.95,0.029500000000000002,3.13,0.0313,0.18,0.0018,2.75,0.0275,1.16,0.0116,1.59,0.0159,-0.13,-0.0013,-0.68,-0.0068000000000000005,0.92,0.0092,0.94,0.009399999999999999,2.08,0.0208,0.7,0.006999999999999999,1.64,0.016399999999999998,2.32,0.0232,2.2,0.022000000000000002,1.15,0.0115
2021-03-11,-0.51,-0.0051,1.74,0.0174,1.27,0.0127,0.49,0.0049,0.46,0.0046,1.22,0.012199999999999999,3.37,0.0337,0.43,0.0043,-0.4,-0.004,-0.47,-0.004699999999999999,2.65,0.0265,2.44,0.024399999999999998,-0.61,-0.0060999999999999995,1.2,0.012,0.6,0.006,1.27,0.0127,0.38,0.0038,3.42,0.0342,2.77,0.0277,0.2,0.002
2021-03-12,0.24,0.0024,-0.08,-0.0008,0.07,0.0007000000000000001,0.33,0.0033,0.04,0.0004,1.2,0.012,0.25,0.0025,0.1,0.001,1.3,0.013000000000000001,0.95,0.0095,-1.03,-0.0103,-0.66,-0.0066,0.5,0.005,1.26,0.0126,1.3,0.013000000000000001,0.38,0.0038,1.06,0.0106,0.33,0.0033,0.75,0.0075,0.61,0.0060999999999999995
2021-03-15,0.8,0.008,2.67,0.026699999999999998,0.8,0.008,0.01,0.0001,1.45,0.014499999999999999,-1.41,-0.0141,1.32,0.0132,-1.31,-0.0131,1.19,0.011899999999999999,0.22,0.0022,0.62,0.0062,1.99,0.0199,0.98,0.0098,0.0,0.0,0.72,0.0072,0.47,0.004699999999999999,-0.28,-0.0028000000000000004,-0.14,-0.0014000000000000002,0.71,0.0070999999999999995,2.19,0.0219
2021-03-16,0.09,0.0009,-1.48,-0.0148,-0.12,-0.0012,-0.57,-0.005699999999999999,-1.46,-0.0146,-2.56,-0.0256,-3.81,-0.0381,-2.9,-0.028999999999999998,-0.17,-0.0017000000000000001,0.34,0.0034000000000000002,0.25,0.0025,0.6,0.006,-0.99,-0.009899999999999999,-1.45,-0.014499999999999999,-1.58,-0.0158,-0.09,-0.0009,-0.85,-0.0085,-2.5,-0.025,-2.87,-0.0287,-0.34,-0.0034000000000000002
2021-03-17,0.13,0.0013,0.61,0.0060999999999999995,-0.2,-0.002,1.11,0.0111,2.51,0.025099999999999997,2.15,0.0215,3.26,0.0326,0.75,0.0075,-1.39,-0.0139,-0.14,-0.0014000000000000002,0.12,0.0012,0.12,0.0012,0.51,0.0051,0.24,0.0024,0.82,0.008199999999999999,0.45,0.0045000000000000005,0.4,0.004,1.66,0.0166,0.53,0.0053,0.99,0.009899999999999999
2021-03-18,-0.7,-0.006999999999999999,-0.89,-0.0089,-1.61,-0.0161,-0.6,-0.006,-2.91,-0.0291,-1.17,-0.011699999999999999,-5.38,-0.0538,-5.1,-0.051,-0.64,-0.0064,-1.07,-0.010700000000000001,-2.92,-0.0292,-2.9,-0.028999999999999998,0.17,0.0017000000000000001,-0.14,-0.0014000000000000002,-0.97,-0.0097,-1.92,-0.0192,0.24,0.0024,-1.43,-0.0143,-2.66,-0.026600000000000002,-1.63,-0.0163
2021-03-19,0.39,0.0039000000000000003,-1.84,-0.0184,0.76,0.0076,-0.26,-0.0026,0.14,0.0014000000000000002,0.0,0.0,0.36,0.0036,0.4,0.004,0.4,0.004,-0.38,-0.0038,0.74,0.0074,0.31,0.0031,-1.24,-0.0124,0.1,0.001,0.32,0.0032,1.61,0.0161,-1.26,-0.0126,-1.07,-0.010700000000000001,0.13,0.0013,-0.52,-0.0052
2021-03-22,0.66,0.0066,0.23,0.0023,1.01,0.0101,0.2,0.002,-0.34,-0.0034000000000000002,-1.97,-0.0197,1.01,0.0101,-1.27,-0.0127,-0.26,-0.0026,1.14,0.011399999999999999,1.05,0.0105,2.12,0.0212,0.46,0.0046,-0.93,-0.009300000000000001,-0.03,-0.0003,0.75,0.0075,-1.13,-0.0113,-1.18,-0.0118,0.41,0.0040999999999999995,0.42,0.0042
2021-03-23,-0.45,-0.0045000000000000005,-2.25,-0.0225,-1.85,-0.018500000000000003,-2.59,-0.0259,-2.64,-0.0264,-5.12,-0.0512,-2.03,-0.0203,-1.71,-0.0171,1.1,0.011000000000000001,-1.21,-0.0121,-0.14,-0.0014000000000000002,-1.55,-0.0155,-0.95,-0.0095,-1.77,-0.0177,-2.18,-0.0218,0.03,0.0003,-1.48,-0.0148,-4.51,-0.0451,-2.94,-0.0294,-1.52,-0.0152
2021-03-24,-0.84,-0.0084,-2.01,-0.020099999999999996,-1.17,-0.011699999999999999,0.69,0.0069,0.07,0.0007000000000000001,1.46,0.0146,-3.66,-0.0366,2.38,0.023799999999999998,0.32,0.0032,-2.0,-0.02,-1.72,-0.0172,-1.66,-0.0166,0.75,0.0075,0.47,0.004699999999999999,0.13,0.0013,-1.23,-0.0123,0.3,0.003,-0.37,-0.0037,-0.51,-0.0051,-0.72,-0.0072
2021-03-25,1.25,0.0125,-0.77,-0.0077,0.6,0.006,1.74,0.0174,2.94,0.0294,3.7,0.037000000000000005,1.65,0.0165,0.27,0.0027,1.13,0.0113,0.3,0.003,-0.29,-0.0029,0.44,0.0044,1.49,0.0149,2.06,0.0206,1.79,0.0179,0.5,0.005,1.45,0.014499999999999999,-0.23,-0.0023,1.46,0.0146,1.55,0.0155
2021-03-26,1.85,0.018500000000000003,2.95,0.029500000000000002,1.33,0.013300000000000001,2.15,0.0215,3.23,0.0323,7.11,0.0711,-2.04,-0.0204,2.63,0.0263,0.64,0.0064,-1.59,-0.0159,1.54,0.0154,2.52,0.0252,1.18,0.0118,2.31,0.0231,2.38,0.023799999999999998,1.32,0.0132,1.71,0.0171,4.31,0.0431,3.43,0.034300000000000004,1.06,0.0106
2021-03-29,0.75,0.0075,-1.07,-0.010700000000000001,-0.33,-0.0033,-0.69,-0.0069,-1.94,-0.0194,-1.85,-0.018500000000000003,-1.19,-0.011899999999999999,-1.39,-0.0139,0.82,0.008199999999999999,0.0,0.0,-0.34,-0.0034000000000000002,-0.55,-0.0055000000000000005,0.16,0.0016,-0.66,-0.0066,-1.08,-0.0108,0.11,0.0011,-1.09,-0.0109,-1.05,-0.0105,-2.86,-0.0286,-0.69,-0.0069
2021-03-30,-1.01,-0.0101,0.63,0.0063,-0.33,-0.0033,-0.09,-0.0009,1.79,0.0179,3.04,0.0304,3.61,0.0361,-0.65,-0.006500000000000001,-0.93,-0.009300000000000001,0.28,0.0028000000000000004,-0.45,-0.0045000000000000005,-0.93,-0.009300000000000001,-0.12,-0.0012,0.73,0.0073,0.67,0.0067,-0.03,-0.0003,0.58,0.0058,-0.15,-0.0015,1.92,0.0192,0.45,0.0045000000000000005
2021-03-31,-0.74,-0.0074,-0.21,-0.0021,1.07,0.010700000000000001,-0.72,-0.0072,0.16,0.0016,-0.12,-0.0012,3.11,0.0311,-0.97,-0.0097,0.6,0.006,-0.91,-0.0091,1.56,0.015600000000000001,1.66,0.0166,-0.57,-0.005699999999999999,-0.15,-0.0015,-0.14,-0.0014000000000000002,0.45,0.0045000000000000005,-0.75,-0.0075,0.37,0.0037,1.55,0.0155,-0.48,-0.0048
2021-04-01,0.06,0.0006,-0.65,-0.006500000000000001,0.16,0.0016,1.43,0.0143,1.63,0.0163,0.15,0.0015,-0.52,-0.0052,2.98,0.0298,0.13,0.0013,1.02,0.0102,2.47,0.024700000000000003,1.46,0.0146,0.33,0.0033,1.23,0.0123,0.97,0.0097,1.15,0.0115,1.15,0.0115,1.57,0.015700000000000002,0.39,0.0039000000000000003,0.62,0.0062
2021-04-05,0.71,0.0070999999999999995,1.97,0.0197,0.44,0.0044,0.71,0.0070999999999999995,1.11,0.0111,0.47,0.004699999999999999,3.99,0.039900000000000005,-2.72,-0.027200000000000002,0.84,0.0084,0.46,0.0046,2.09,0.0209,1.9,0.019,1.14,0.011399999999999999,0.9,0.009000000000000001,0.98,0.0098,1.91,0.0191,0.68,0.0068000000000000005,2.74,0.0274,0.28,0.0028000000000000004,1.22,0.012199999999999999
2021-04-06,0.61,0.0060999999999999995,1.43,0.0143,-0.52,-0.0052,0.12,0.0012,0.35,0.0034999999999999996,-1.02,-0.0102,0.24,0.0024,-0.18,-0.0018,0.41,0.0040999999999999995,0.64,0.0064,0.04,0.0004,-0.16,-0.0016,0.34,0.0034000000000000002,-0.16,-0.0016,-0.07,-0.0007000000000000001,0.0,0.0,-0.3,-0.003,-0.38,-0.0038,-0.12,-0.0012,1.44,0.0144
2021-04-07,-0.3,-0.003,-0.34,-0.0034000000000000002,-0.63,-0.0063,-2.06,-0.0206,-1.1,-0.011000000000000001,-0.65,-0.006500000000000001,-2.48,-0.0248,0.45,0.0045000000000000005,0.03,0.0003,-0.52,-0.0052,0.41,0.0040999999999999995,0.32,0.0032,-0.73,-0.0073,-0.78,-0.0078000000000000005,-0.77,-0.0077,0.52,0.0052,0.29,0.0029,-1.6,-0.016,-1.8,-0.018000000000000002,-0.01,-0.0001
2021-04-08,0.16,0.0016,-0.91,-0.0091,0.37,0.0037,-0.08,-0.0008,-0.09,-0.0009,-0.58,-0.0058,1.14,0.011399999999999999,-1.39,-0.0139,-0.27,-0.0027,-0.54,-0.0054,1.4,0.013999999999999999,1.36,0.013600000000000001,0.28,0.0028000000000000004,0.24,0.0024,0.22,0.0022,0.49,0.0049,0.19,0.0019,1.12,0.011200000000000002,0.3,0.003,-0.1,-0.001
2021-04-09,-0.42,-0.0042,1.76,0.0176,0.51,0.0051,0.64,0.0064,2.0,0.02,0.22,0.0022,-0.61,-0.0060999999999999995,-0.53,-0.0053,-0.15,-0.0015,-0.25,-0.0025,0.66,0.0066,1.04,0.0104,0.98,0.0098,0.82,0.008199999999999999,0.85,0.0085,1.48,0.0148,1.01,0.0101,-0.69,-0.0069,0.22,0.0022,0.15,0.0015
2021-04-12,0.6,0.006,1.09,0.0109,-0.37,-0.0037,0.44,0.0044,0.27,0.0027,0.23,0.0023,2.62,0.0262,-1.07,-0.010700000000000001,0.08,0.0008,-0.24,-0.0024,-0.11,-0.0011,-0.74,-0.0074,0.55,0.0055000000000000005,0.47,0.004699999999999999,0.65,0.006500000000000001,0.23,0.0023,0.26,0.0026,-0.72,-0.0072,-0.19,-0.0019,0.3,0.003
2021-04-13,-0.31,-0.0031,-1.9,-0.019,0.68,0.0068000000000000005,-0.45,-0.0045000000000000005,-1.04,-0.0104,-1.93,-0.019299999999999998,5.63,0.056299999999999996,0.14,0.0014000000000000002,1.06,0.0106,-0.04,-0.0004,0.91,0.0091,1.21,0.0121,-0.79,-0.0079,0.0,0.0,-1.0,-0.01,0.09,0.0009,-0.91,-0.0091,0.57,0.005699999999999999,-0.95,-0.0095,0.36,0.0036
2021-04-14,-0.07,-0.0007000000000000001,-0.32,-0.0032,0.33,0.0033,0.63,0.0063,0.24,0.0024,2.44,0.024399999999999998,-2.74,-0.0274,3.22,0.0322,0.48,0.0048,-0.06,-0.0006,-1.06,-0.0106,-1.35,-0.013500000000000002,0.12,0.0012,-0.41,-0.0040999999999999995,0.55,0.0055000000000000005,-0.82,-0.008199999999999999,0.77,0.0077,2.97,0.0297,-0.17,-0.0017000000000000001,-0.1,-0.001
2021-04-15,0.67,0.0067,0.77,0.0077,1.28,0.0128,0.72,0.0072,0.33,0.0033,-0.28,-0.0028000000000000004,0.75,0.0075,-0.95,-0.0095,1.08,0.0108,0.46,0.0046,1.7,0.017,1.85,0.018500000000000003,0.98,0.0098,0.71,0.0070999999999999995,0.73,0.0073,1.02,0.0102,0.54,0.0054,2.6,0.026000000000000002,0.14,0.0014000000000000002,0.53,0.0053
2021-04-16,0.7,0.006999999999999999,0.48,0.0048,0.76,0.0076,1.56,0.015600000000000001,1.82,0.0182,1.44,0.0144,0.2,0.002,-0.94,-0.009399999999999999,0.57,0.005699999999999999,0.98,0.0098,-0.21,-0.0021,-0.09,-0.0009,0.72,0.0072,-0.25,-0.0025,0.92,0.0092,0.74,0.0074,0.48,0.0048,0.98,0.0098,1.37,0.0137,0.71,0.0070999999999999995
2021-04-19,0.07,0.0007000000000000001,-1.22,-0.012199999999999999,-0.5,-0.005,-0.38,-0.0038,-0.62,-0.0062,-0.54,-0.0054,-2.67,-0.026699999999999998,-0.13,-0.0013,-0.39,-0.0039000000000000003,-0.45,-0.0045000000000000005,-0.93,-0.009300000000000001,-0.75,-0.0075,-0.12,-0.0012,-1.04,-0.0104,-0.25,-0.0025,-0.69,-0.0069,-0.27,-0.0027,-1.45,-0.014499999999999999,-1.37,-0.0137,-0.47,-0.004699999999999999
2021-04-20,0.21,0.0021,-2.82,-0.0282,0.14,0.0014000000000000002,-1.39,-0.0139,-2.44,-0.024399999999999998,-3.14,-0.031400000000000004,-0.5,-0.005,-2.83,-0.028300000000000002,1.02,0.0102,-0.68,-0.0068000000000000005,-0.57,-0.005699999999999999,-1.25,-0.0125,-0.1,-0.001,-0.91,-0.0091,-0.65,-0.006500000000000001,-0.83,-0.0083,-1.68,-0.0168,-2.19,-0.0219,-1.7,-0.017,-1.03,-0.0103
2021-04-21,1.03,0.0103,2.68,0.0268,1.8,0.018000000000000002,2.29,0.0229,1.31,0.0131,2.94,0.0294,3.24,0.032400000000000005,1.42,0.014199999999999999,-0.63,-0.0063,0.8,0.008,0.53,0.0053,1.04,0.0104,1.0,0.01,1.06,0.0106,1.48,0.0148,0.77,0.0077,1.43,0.0143,1.32,0.0132,2.59,0.0259,0.25,0.0025
2021-04-22,-0.64,-0.0064,0.38,0.0038,-0.54,-0.0054,-1.79,-0.0179,-0.25,-0.0025,-2.46,-0.0246,-2.52,-0.0252,-1.3,-0.013000000000000001,-0.74,-0.0074,0.25,0.0025,-0.63,-0.0063,-1.07,-0.010700000000000001,-0.61,-0.0060999999999999995,-0.75,-0.0075,-0.14,-0.0014000000000000002,-1.12,-0.011200000000000002,-0.89,-0.0089,-2.43,-0.024300000000000002,-0.44,-0.0044,0.14,0.0014000000000000002
2021-04-23,-0.09,-0.0009,1.56,0.015600000000000001,0.54,0.0054,1.88,0.018799999999999997,1.92,0.0192,2.92,0.0292,1.58,0.0158,0.94,0.009399999999999999,0.03,0.0003,0.28,0.0028000000000000004,1.61,0.0161,1.59,0.0159,0.25,0.0025,1.72,0.0172,1.26,0.0126,0.79,0.0079,1.87,0.0187,2.38,0.023799999999999998,2.42,0.0242,0.68,0.0068000000000000005
2021-04-26,-0.93,-0.009300000000000001,0.04,0.0004,0.37,0.0037,0.46,0.0046,0.91,0.0091,3.5,0.035,0.99,0.009899999999999999,0.67,0.0067,-0.46,-0.0046,-0.25,-0.0025,0.68,0.0068000000000000005,0.65,0.006500000000000001,-0.71,-0.0070999999999999995,-0.44,-0.0044,-0.39,-0.0039000000000000003,0.37,0.0037,0.32,0.0032,2.44,0.024399999999999998,0.35,0.0034999999999999996,-0.65,-0.006500000000000001
2021-04-27,-0.01,-0.0001,1.27,0.0127,-0.43,-0.0043,-0.03,-0.0003,0.52,0.0052,0.03,0.0003,-3.08,-0.0308,1.39,0.0139,-0.69,-0.0069,-0.18,-0.0018,-0.27,-0.0027,-0.43,-0.0043,-0.69,-0.0069,1.72,0.0172,0.24,0.0024,0.38,0.0038,0.56,0.005600000000000001,-0.6,-0.006,0.42,0.0042,0.66,0.0066
2021-04-28,0.29,0.0029,-0.55,-0.0055000000000000005,-0.25,-0.0025,0.22,0.0022,-0.27,-0.0027,0.51,0.0051,-1.21,-0.0121,3.42,0.0342,0.13,0.0013,-0.41,-0.0040999999999999995,-0.08,-0.0008,-0.93,-0.009300000000000001,0.3,0.003,0.44,0.0044,-0.29,-0.0029,0.4,0.004,0.37,0.0037,0.29,0.0029,-1.36,-0.013600000000000001,-0.63,-0.0063
2021-04-29,1.13,0.0113,1.25,0.0125,-0.83,-0.0083,0.7,0.006999999999999999,0.96,0.0096,-0.06,-0.0006,-2.61,-0.026099999999999998,1.15,0.0115,0.87,0.0087,1.87,0.0187,0.36,0.0036,0.2,0.002,1.41,0.0141,-0.17,-0.0017000000000000001,1.27,0.0127,0.65,0.006500000000000001,1.31,0.0131,-1.63,-0.0163,1.29,0.0129,1.34,0.0134
2021-04-30,-0.55,-0.0055000000000000005,-0.97,-0.0097,-0.34,-0.0034000000000000002,-1.19,-0.011899999999999999,-1.48,-0.0148,-1.05,-0.0105,3.27,0.0327,-2.81,-0.0281,0.56,0.005600000000000001,-0.06,-0.0006,-1.08,-0.0108,-1.72,-0.0172,-0.5,-0.005,-0.49,-0.0049,-0.97,-0.0097,-0.31,-0.0031,-1.07,-0.010700000000000001,-1.77,-0.0177,-2.22,-0.0222,-0.14,-0.0014000000000000002
2021-05-03,1.04,0.0104,0.89,0.0089,0.84,0.0084,1.37,0.0137,1.67,0.0167,4.1,0.040999999999999995,-2.21,-0.022099999999999998,3.02,0.0302,0.2,0.002,0.02,0.0002,-0.56,-0.005600000000000001,-0.13,-0.0013,1.01,0.0101,1.58,0.0158,2.69,0.0269,-0.12,-0.0012,0.47,0.004699999999999999,1.86,0.018600000000000002,0.1,0.001,0.12,0.0012
2021-05-04,-0.55,-0.0055000000000000005,-0.87,-0.0087,-1.09,-0.0109,1.23,0.0123,0.76,0.0076,4.12,0.0412,-1.65,-0.0165,0.16,0.0016,-0.32,-0.0032,-0.01,-0.0001,-1.75,-0.0175,-2.11,-0.021099999999999997,0.71,0.0070999999999999995,-0.18,-0.0018,-0.99,-0.009899999999999999,-1.09,-0.0109,0.59,0.0059,1.69,0.0169,-1.01,-0.0101,-0.88,-0.0088
2021-05-05,-0.01,-0.0001,0.25,0.0025,-0.12,-0.0012,1.3,0.013000000000000001,-0.01,-0.0001,1.7,0.017,0.34,0.0034000000000000002,3.25,0.0325,-1.31,-0.0131,0.02,0.0002,-0.58,-0.0058,0.34,0.0034000000000000002,0.64,0.0064,-0.46,-0.0046,-0.38,-0.0038,-0.57,-0.005699999999999999,0.4,0.004,2.73,0.0273,0.3,0.003,-0.63,-0.0063
2021-05-06,1.08,0.0108,0.28,0.0028000000000000004,-0.29,-0.0029,0.01,0.0001,0.38,0.0038,1.64,0.016399999999999998,-0.25,-0.0025,0.3,0.003,0.8,0.008,1.01,0.0101,0.3,0.003,0.88,0.0088,0.65,0.006500000000000001,-0.47,-0.004699999999999999,-0.03,-0.0003,1.15,0.0115,1.07,0.010700000000000001,1.41,0.0141,1.15,0.0115,-0.12,-0.0012
2021-05-07,-0.15,-0.0015,2.44,0.024399999999999998,0.68,0.0068000000000000005,0.95,0.0095,1.73,0.0173,2.34,0.023399999999999997,1.23,0.0123,2.06,0.0206,0.42,0.0042,0.86,0.0086,0.85,0.0085,1.01,0.0101,0.17,0.0017000000000000001,1.45,0.014499999999999999,1.98,0.019799999999999998,0.21,0.0021,0.61,0.0060999999999999995,2.85,0.0285,1.23,0.0123,0.41,0.0040999999999999995
2021-05-10,0.31,0.0031,-1.92,-0.0192,-0.93,-0.009300000000000001,-0.76,-0.0076,-0.01,-0.0001,0.41,0.0040999999999999995,-4.96,-0.0496,-0.37,-0.0037,0.96,0.0096,-0.09,-0.0009,-2.36,-0.0236,-2.57,-0.025699999999999997,0.8,0.008,-0.6,-0.006,-0.02,-0.0002,-1.23,-0.0123,-0.55,-0.0055000000000000005,0.61,0.0060999999999999995,-3.04,-0.0304,-0.71,-0.0070999999999999995
2021-05-11,-0.7,-0.006999999999999999,-0.62,-0.0062,-0.43,-0.0043,0.38,0.0038,-2.7,-0.027000000000000003,1.15,0.0115,-1.81,-0.0181,-2.48,-0.0248,-1.08,-0.0108,-0.74,-0.0074,-0.06,-0.0006,-0.39,-0.0039000000000000003,-0.74,-0.0074,-1.07,-0.010700000000000001,-1.82,-0.0182,-0.59,-0.0059,-1.3,-0.013000000000000001,1.98,0.019799999999999998,-0.38,-0.0038,-0.8,-0.008
2021-05-12,-0.98,-0.0098,-3.48,-0.0348,-0.99,-0.009899999999999999,-2.68,-0.0268,-4.96,-0.0496,-5.33,-0.0533,-4.01,-0.0401,0.36,0.0036,-2.16,-0.0216,-1.26,-0.0126,-2.69,-0.0269,-2.94,-0.0294,-2.36,-0.0236,-2.64,-0.0264,-2.59,-0.0259,-2.91,-0.0291,-1.65,-0.0165,-3.03,-0.030299999999999997,-3.89,-0.038900000000000004,-2.93,-0.029300000000000003
2021-05-13,1.32,0.0132,0.78,0.0078000000000000005,0.64,0.0064,1.73,0.0173,3.04,0.0304,2.75,0.0275,-1.37,-0.0137,-1.49,-0.0149,1.78,0.0178,0.75,0.0075,0.79,0.0079,1.31,0.0131,2.01,0.020099999999999996,2.03,0.0203,1.95,0.0195,1.2,0.012,1.85,0.018500000000000003,-0.35,-0.0034999999999999996,1.93,0.019299999999999998,0.92,0.0092
2021-05-14,0.3,0.003,2.2,0.022000000000000002,0.99,0.009899999999999999,1.39,0.0139,1.38,0.0138,0.97,0.0097,2.77,0.0277,3.43,0.034300000000000004,0.65,0.006500000000000001,0.58,0.0058,2.36,0.0236,2.11,0.021099999999999997,0.43,0.0043,2.01,0.020099999999999996,1.12,0.011200000000000002,1.53,0.015300000000000001,1.44,0.0144,0.9,0.009000000000000001,1.81,0.0181,1.74,0.0174
2021-05-17,-0.22,-0.0022,0.76,0.0076,-0.11,-0.0011,0.48,0.0048,-0.82,-0.008199999999999999,2.68,0.0268,-1.37,-0.0137,2.3,0.023,-0.56,-0.005600000000000001,-2.43,-0.024300000000000002,-0.59,-0.0059,-0.62,-0.0062,0.32,0.0032,-0.44,-0.0044,0.13,0.0013,0.46,0.0046,0.14,0.0014000000000000002,3.46,0.0346,-0.99,-0.009899999999999999,-0.46,-0.0046
2021-05-18,-0.4,-0.004,-0.97,-0.0097,0.08,0.0008,-0.95,-0.0095,-2.38,-0.023799999999999998,-2.14,-0.021400000000000002,-0.31,-0.0031,-2.39,-0.0239,-0.08,-0.0008,-1.64,-0.016399999999999998,-0.55,-0.0055000000000000005,-0.84,-0.0084,-1.2,-0.012,-0.61,-0.0060999999999999995,-1.5,-0.015,-0.57,-0.005699999999999999,-1.06,-0.0106,-1.14,-0.011399999999999999,-1.14,-0.011399999999999999,-0.06,-0.0006
2021-05-19,-0.39,-0.0039000000000000003,-2.03,-0.0203,-0.39,-0.0039000000000000003,-1.09,-0.0109,-0.97,-0.0097,-2.81,-0.0281,-1.84,-0.0184,-2.47,-0.024700000000000003,-0.27,-0.0027,-0.82,-0.008199999999999999,0.28,0.0028000000000000004,0.42,0.0042,-0.62,-0.0062,-0.28,-0.0028000000000000004,-0.37,-0.0037,-0.5,-0.005,-0.53,-0.0053,-4.36,-0.0436,-0.2,-0.002,-0.63,-0.0063
2021-05-20,0.98,0.0098,0.01,0.0001,1.49,0.0149,-0.12,-0.0012,0.29,0.0029,-0.6,-0.006,2.83,0.028300000000000002,-0.17,-0.0017000000000000001,0.8,0.008,1.33,0.013300000000000001,1.83,0.0183,2.08,0.0208,0.21,0.0021,-0.3,-0.003,0.57,0.005699999999999999,0.35,0.0034999999999999996,0.22,0.0022,0.2,0.002,0.8,0.008,0.82,0.008199999999999999
2021-05-21,0.26,0.0026,-1.29,-0.0129,-0.27,-0.0027,0.55,0.0055000000000000005,-0.15,-0.0015,0.4,0.004,0.13,0.0013,0.26,0.0026,0.49,0.0049,0.31,0.0031,-0.34,-0.0034000000000000002,-0.63,-0.0063,0.11,0.0011,-0.14,-0.0014000000000000002,0.39,0.0039000000000000003,-0.57,-0.005699999999999999,0.86,0.0086,-0.78,-0.0078000000000000005,0.82,0.008199999999999999,-0.31,-0.0031
2021-05-24,0.53,0.0053,0.86,0.0086,0.12,0.0012,0.75,0.0075,0.43,0.0043,1.11,0.0111,2.7,0.027000000000000003,1.14,0.011399999999999999,-0.08,-0.0008,0.65,0.006500000000000001,1.97,0.0197,1.43,0.0143,0.42,0.0042,1.07,0.010700000000000001,0.24,0.0024,0.48,0.0048,0.38,0.0038,0.46,0.0046,0.28,0.0028000000000000004,0.88,0.0088
2021-05-25,-0.27,-0.0027,0.45,0.0045000000000000005,-0.38,-0.0038,-0.78,-0.0078000000000000005,0.24,0.0024,-2.95,-0.029500000000000002,-0.42,-0.0042,-2.12,-0.0212,-1.3,-0.013000000000000001,-0.39,-0.0039000000000000003,0.12,0.0012,-0.09,-0.0009,-0.84,-0.0084,-0.55,-0.0055000000000000005,-0.81,-0.008100000000000001,0.37,0.0037,-0.97,-0.0097,-1.52,-0.0152,-0.93,-0.009300000000000001,-0.06,-0.0006
2021-05-26,0.23,0.0023,2.02,0.0202,-0.12,-0.0012,0.4,0.004,1.38,0.0138,1.62,0.016200000000000003,2.52,0.0252,1.24,0.0124,0.08,0.0008,0.72,0.0072,0.5,0.005,0.05,0.0005,-0.59,-0.0059,1.1,0.011000000000000001,0.42,0.0042,0.41,0.0040999999999999995,0.33,0.0033,0.96,0.0096,1.5,0.015,0.59,0.0059
2021-05-27,0.1,0.001,0.13,0.0013,-0.18,-0.0018,0.92,0.0092,0.53,0.0053,2.41,0.0241,2.26,0.0226,0.19,0.0019,-0.51,-0.0051,0.87,0.0087,-0.37,-0.0037,-0.03,-0.0003,0.86,0.0086,0.34,0.0034000000000000002,0.17,0.0017000000000000001,-0.42,-0.0042,0.91,0.0091,1.89,0.0189,1.49,0.0149,0.74,0.0074
2021-05-28,0.29,0.0029,-0.43,-0.0043,0.4,0.004,-0.23,-0.0023,-0.1,-0.001,0.52,0.0052,-0.82,-0.008199999999999999,0.09,0.0009,0.42,0.0042,-0.17,-0.0017000000000000001,0.19,0.0019,0.14,0.0014000000000000002,-0.32,-0.0032,0.29,0.0029,0.09,0.0009,-0.26,-0.0026,0.03,0.0003,0.0,0.0,0.2,0.002,0.05,0.0005
2021-06-01,0.1,0.001,-0.57,-0.005699999999999999,-1.33,-0.013300000000000001,1.43,0.0143,0.66,0.0066,4.45,0.044500000000000005,0.28,0.0028000000000000004,4.2,0.042,-0.17,-0.0017000000000000001,-0.18,-0.0018,-0.21,-0.0021,-0.49,-0.0049,0.57,0.005699999999999999,0.14,0.0014000000000000002,0.26,0.0026,-0.12,-0.0012,0.49,0.0049,1.83,0.0183,0.61,0.0060999999999999995,-0.24,-0.0024
2021-06-02,0.87,0.0087,-0.85,-0.0085,-0.19,-0.0019,-0.63,-0.0063,-1.62,-0.016200000000000003,-2.97,-0.0297,-2.12,-0.0212,1.62,0.016200000000000003,0.57,0.005699999999999999,-0.19,-0.0019,-0.03,-0.0003,0.68,0.0068000000000000005,-0.51,-0.0051,-0.7,-0.006999999999999999,-0.53,-0.0053,0.3,0.003,0.08,0.0008,-1.06,-0.0106,-0.38,-0.0038,-0.3,-0.003
2021-06-03,0.0,0.0,-0.21,-0.0021,0.43,0.0043,0.2,0.002,-0.71,-0.0070999999999999995,0.18,0.0018,-2.17,-0.0217,0.18,0.0018,0.59,0.0059,-0.38,-0.0038,-1.0,-0.01,-0.93,-0.009300000000000001,0.38,0.0038,-0.93,-0.009300000000000001,0.04,0.0004,-0.8,-0.008,0.05,0.0005,-2.16,-0.0216,-0.36,-0.0036,-1.24,-0.0124
2021-06-04,0.46,0.0046,0.16,0.0016,0.64,0.0064,0.25,0.0025,0.85,0.0085,0.9,0.009000000000000001,3.05,0.0305,0.58,0.0058,0.02,0.0002,0.74,0.0074,1.7,0.017,1.91,0.0191,0.52,0.0052,-0.07,-0.0007000000000000001,0.29,0.0029,0.32,0.0032,0.15,0.0015,0.27,0.0027,1.23,0.0123,0.54,0.0054
2021-06-07,-0.2,-0.002,0.48,0.0048,1.51,0.0151,-0.82,-0.008199999999999999,-0.37,-0.0037,-0.96,-0.0096,0.35,0.0034999999999999996,-0.32,-0.0032,0.34,0.0034000000000000002,-0.18,-0.0018,0.65,0.006500000000000001,-0.31,-0.0031,-1.06,-0.0106,-0.23,-0.0023,0.03,0.0003,-0.18,-0.0018,-0.4,-0.004,-1.22,-0.012199999999999999,-0.01,-0.0001,0.03,0.0003
2021-06-08,-0.79,-0.0079,0.25,0.0025,-0.32,-0.0032,0.2,0.002,0.7,0.006999999999999999,2.55,0.0255,-0.11,-0.0011,0.97,0.0097,-0.59,-0.0059,-0.02,-0.0002,0.14,0.0014000000000000002,0.22,0.0022,-0.07,-0.0007000000000000001,-0.21,-0.0021,0.76,0.0076,1.12,0.011200000000000002,0.07,0.0007000000000000001,0.18,0.0018,1.76,0.0176,1.38,0.0138
2021-06-09,-0.8,-0.008,-1.19,-0.011899999999999999,1.29,0.0129,-0.92,-0.0092,-1.64,-0.016399999999999998,-1.56,-0.015600000000000001,-0.96,-0.0096,-0.61,-0.0060999999999999995,0.7,0.006999999999999999,-0.02,-0.0002,0.04,0.0004,-0.05,-0.0005,-0.42,-0.0042,-1.46,-0.0146,-1.2,-0.012,-0.25,-0.0025,-0.99,-0.009899999999999999,-0.8,-0.008,-0.97,-0.0097,-0.86,-0.0086
2021-06-10,0.08,0.0008,-0.45,-0.0045000000000000005,1.79,0.0179,-0.78,-0.0078000000000000005,-2.02,-0.0202,-0.96,-0.0096,0.63,0.0063,-0.04,-0.0004,0.64,0.0064,0.22,0.0022,1.19,0.011899999999999999,0.47,0.004699999999999999,-0.17,-0.0017000000000000001,-0.4,-0.004,0.37,0.0037,0.86,0.0086,-0.84,-0.0084,-0.33,-0.0033,-0.39,-0.0039000000000000003,0.53,0.0053
2021-06-11,0.25,0.0025,1.96,0.0196,-0.66,-0.0066,0.27,0.0027,0.72,0.0072,0.8,0.008,0.25,0.0025,-0.25,-0.0025,0.37,0.0037,0.31,0.0031,0.45,0.0045000000000000005,0.71,0.0070999999999999995,0.55,0.0055000000000000005,0.67,0.0067,0.44,0.0044,0.44,0.0044,0.48,0.0048,0.47,0.004699999999999999,0.85,0.0085,0.75,0.0075
2021-06-14,-0.34,-0.0034000000000000002,-0.79,-0.0079,0.13,0.0013,-1.28,-0.0128,-1.21,-0.0121,-2.92,-0.0292,0.23,0.0023,-0.37,-0.0037,-0.06,-0.0006,0.07,0.0007000000000000001,0.84,0.0084,1.2,0.012,-1.22,-0.012199999999999999,-0.25,-0.0025,-0.83,-0.0083,0.2,0.002,-0.86,-0.0086,-2.1,-0.021,-0.35,-0.0034999999999999996,-0.13,-0.0013
2021-06-15,-0.53,-0.0053,-0.4,-0.004,-0.56,-0.005600000000000001,0.09,0.0009,0.42,0.0042,-0.21,-0.0021,-1.78,-0.0178,2.29,0.0229,0.37,0.0037,-0.28,-0.0028000000000000004,-0.7,-0.006999999999999999,-0.61,-0.0060999999999999995,0.26,0.0026,0.24,0.0024,0.02,0.0002,-0.26,-0.0026,0.39,0.0039000000000000003,-2.17,-0.0217,0.31,0.0031,-0.47,-0.004699999999999999
2021-06-16,-1.25,-0.0125,-0.1,-0.001,-0.33,-0.0033,-1.07,-0.010700000000000001,-1.2,-0.012,-1.95,-0.0195,0.53,0.0053,-0.43,-0.0043,-1.3,-0.013000000000000001,-0.63,-0.0063,-0.66,-0.0066,-0.18,-0.0018,-1.35,-0.013500000000000002,-0.8,-0.008,-1.15,-0.0115,-0.08,-0.0008,-0.12,-0.0012,-0.96,-0.0096,0.36,0.0036,-0.4,-0.004
2021-06-17,-0.02,-0.0002,-0.83,-0.0083,0.69,0.0069,-1.92,-0.0192,-1.28,-0.0128,-4.69,-0.046900000000000004,0.44,0.0044,-3.65,-0.0365,-0.08,-0.0008,-0.02,-0.0002,1.32,0.0132,1.21,0.0121,-1.4,-0.013999999999999999,-1.32,-0.0132,-1.57,-0.015700000000000002,0.94,0.009399999999999999,-2.23,-0.0223,-5.15,-0.051500000000000004,-1.5,-0.015,-0.65,-0.006500000000000001
2021-06-18,-1.81,-0.0181,-1.04,-0.0104,-1.03,-0.0103,-1.75,-0.0175,-0.62,-0.0062,-2.69,-0.0269,0.03,0.0003,-2.73,-0.0273,-2.75,-0.0275,-1.04,-0.0104,-0.59,-0.0059,-1.31,-0.0131,-1.53,-0.015300000000000001,-1.07,-0.010700000000000001,-1.51,-0.0151,-0.73,-0.0073,-2.23,-0.0223,-1.0,-0.01,-0.46,-0.0046,-1.55,-0.0155
2021-06-21,0.97,0.0097,1.53,0.015300000000000001,1.2,0.012,1.97,0.0197,1.86,0.018600000000000002,2.91,0.0291,0.29,0.0029,4.42,0.044199999999999996,1.67,0.0167,1.01,0.0101,0.93,0.009300000000000001,1.04,0.0104,1.81,0.0181,1.48,0.0148,2.38,0.023799999999999998,0.44,0.0044,2.46,0.0246,2.37,0.023700000000000002,1.85,0.018500000000000003,1.68,0.0168
2021-06-22,0.25,0.0025,1.52,0.0152,0.07,0.0007000000000000001,0.12,0.0012,0.34,0.0034000000000000002,0.2,0.002,0.39,0.0039000000000000003,0.81,0.008100000000000001,-0.68,-0.0068000000000000005,0.22,0.0022,0.96,0.0096,0.96,0.0096,0.35,0.0034999999999999996,0.49,0.0049,-0.03,-0.0003,1.32,0.0132,0.17,0.0017000000000000001,0.7,0.006999999999999999,1.31,0.0131,0.44,0.0044
2021-06-23,-0.81,-0.008100000000000001,0.68,0.0068000000000000005,-0.48,-0.0048,-0.7,-0.006999999999999999,-0.48,-0.0048,0.36,0.0036,3.96,0.039599999999999996,0.49,0.0049,-0.95,-0.0095,-0.73,-0.0073,0.02,0.0002,0.0,0.0,-0.74,-0.0074,0.08,0.0008,-0.19,-0.0019,-0.04,-0.0004,0.15,0.0015,0.82,0.008199999999999999,1.19,0.011899999999999999,-0.14,-0.0014000000000000002
2021-06-24,0.49,0.0049,0.41,0.0040999999999999995,0.92,0.0092,0.07,0.0007000000000000001,1.0,0.01,2.74,0.0274,2.48,0.0248,0.89,0.0089,0.1,0.001,1.05,0.0105,0.77,0.0077,0.47,0.004699999999999999,0.49,0.0049,0.47,0.004699999999999999,0.49,0.0049,-0.41,-0.0040999999999999995,1.07,0.010700000000000001,1.2,0.012,-0.51,-0.0051,0.56,0.005600000000000001
2021-06-25,0.59,0.0059,8.29,0.08289999999999999,0.43,0.0043,0.04,0.0004,0.14,0.0014000000000000002,-1.69,-0.0169,-0.7,-0.006999999999999999,0.57,0.005699999999999999,1.07,0.010700000000000001,0.53,0.0053,-0.12,-0.0012,-0.08,-0.0008,0.73,0.0073,0.09,0.0009,0.32,0.0032,-0.21,-0.0021,1.12,0.011200000000000002,-0.01,-0.0001,0.39,0.0039000000000000003,0.16,0.0016
2021-06-28,0.04,0.0004,-1.38,-0.0138,0.1,0.001,-0.4,-0.004,0.23,0.0023,-1.73,-0.0173,1.23,0.0123,-3.56,-0.0356,0.22,0.0022,-0.45,-0.0045000000000000005,0.94,0.009399999999999999,1.6,0.016,-0.05,-0.0005,-1.05,-0.0105,-0.61,-0.0060999999999999995,0.54,0.0054,-1.08,-0.0108,-0.61,-0.0060999999999999995,0.46,0.0046,-1.04,-0.0104
2021-06-29,-0.5,-0.005,1.32,0.0132,0.07,0.0007000000000000001,-0.06,-0.0006,0.15,0.0015,0.45,0.0045000000000000005,-0.73,-0.0073,-0.47,-0.004699999999999999,-1.51,-0.0151,-0.56,-0.005600000000000001,0.18,0.0018,0.63,0.0063,-0.19,-0.0019,-0.02,-0.0002,0.23,0.0023,0.15,0.0015,-0.3,-0.003,0.15,0.0015,-0.09,-0.0009,-0.14,-0.0014000000000000002
2021-06-30,0.47,0.004699999999999999,-0.15,-0.0015,0.01,0.0001,0.61,0.0060999999999999995,0.5,0.005,0.99,0.009899999999999999,-0.03,-0.0003,1.29,0.0129,0.08,0.0008,0.56,0.005600000000000001,-0.64,-0.0064,0.09,0.0009,0.86,0.0086,0.33,0.0033,0.23,0.0023,0.25,0.0025,0.21,0.0021,0.13,0.0013,0.56,0.005600000000000001,0.41,0.0040999999999999995
2021-07-01,-0.26,-0.0026,1.24,0.0124,1.0,0.01,0.72,0.0072,1.13,0.0113,1.01,0.0101,-0.17,-0.0017000000000000001,1.81,0.0181,1.13,0.0113,0.74,0.0074,0.29,0.0029,-0.02,-0.0002,0.36,0.0036,1.07,0.010700000000000001,0.82,0.008199999999999999,-0.12,-0.0012,0.83,0.0083,-0.44,-0.0044,-0.6,-0.006,0.74,0.0074
2021-07-02,0.02,0.0002,0.72,0.0072,0.39,0.0039000000000000003,-0.04,-0.0004,-0.62,-0.0062,0.16,0.0016,-0.14,-0.0014000000000000002,-0.47,-0.004699999999999999,0.14,0.0014000000000000002,0.5,0.005,1.08,0.0108,1.16,0.0116,-0.04,-0.0004,0.51,0.0051,-0.05,-0.0005,1.15,0.0115,0.07,0.0007000000000000001,0.27,0.0027,-0.32,-0.0032,0.74,0.0074
2021-07-06,-0.62,-0.0062,-0.42,-0.0042,-0.47,-0.004699999999999999,-1.79,-0.0179,-1.72,-0.0172,-4.16,-0.0416,-2.63,-0.0263,-3.3,-0.033,0.13,0.0013,-0.79,-0.0079,0.39,0.0039000000000000003,0.55,0.0055000000000000005,-1.06,-0.0106,-0.99,-0.009899999999999999,-1.04,-0.0104,1.66,0.0166,-1.31,-0.0131,-1.42,-0.014199999999999999,-0.46,-0.0046,-0.29,-0.0029
2021-07-07,0.42,0.0042,-0.15,-0.0015,-0.01,-0.0001,0.88,0.0088,1.2,0.012,2.29,0.0229,-1.92,-0.0192,-1.75,-0.0175,0.46,0.0046,0.2,0.002,0.19,0.0019,0.29,0.0029,1.08,0.0108,-0.23,-0.0023,0.82,0.008199999999999999,0.36,0.0036,-0.02,-0.0002,0.92,0.0092,0.0,0.0,0.12,0.0012
2021-07-08,-0.49,-0.0049,-0.34,-0.0034000000000000002,-0.16,-0.0016,-1.34,-0.0134,-2.36,-0.0236,-2.03,-0.0203,0.49,0.0049,-0.29,-0.0029,-0.31,-0.0031,-0.45,-0.0045000000000000005,-0.97,-0.0097,-1.0,-0.01,-0.33,-0.0033,-2.44,-0.024399999999999998,-1.11,-0.0111,0.03,0.0003,-1.73,-0.0173,-2.13,-0.0213,-1.45,-0.014499999999999999,-1.0,-0.01
2021-07-09,0.63,0.0063,1.2,0.012,0.46,0.0046,2.03,0.0203,1.66,0.0166,4.49,0.0449,1.4,0.013999999999999999,1.97,0.0197,0.58,0.0058,0.8,0.008,0.86,0.0086,1.25,0.0125,1.11,0.0111,2.09,0.0209,1.76,0.0176,0.7,0.006999999999999999,2.5,0.025,3.05,0.0305,1.9,0.019,1.89,0.0189
2021-07-12,-0.18,-0.0018,0.13,0.0013,-0.08,-0.0008,0.67,0.0067,0.16,0.0016,0.97,0.0097,3.15,0.0315,-0.11,-0.0011,0.11,0.0011,0.82,0.008199999999999999,-0.09,-0.0009,0.13,0.0013,-0.16,-0.0016,-0.28,-0.0028000000000000004,0.03,0.0003,0.04,0.0004,0.98,0.0098,-0.34,-0.0034000000000000002,0.89,0.0089,0.14,0.0014000000000000002
2021-07-13,-0.27,-0.0027,-0.46,-0.0046,-0.65,-0.006500000000000001,-1.21,-0.0121,-2.12,-0.0212,-2.67,-0.026699999999999998,-2.12,-0.0212,-0.71,-0.0070999999999999995,-0.81,-0.008100000000000001,-0.62,-0.0062,0.03,0.0003,-0.14,-0.0014000000000000002,-0.69,-0.0069,-1.01,-0.0101,-1.5,-0.015,-0.85,-0.0085,-0.77,-0.0077,-1.23,-0.0123,-1.52,-0.0152,-0.43,-0.0043
2021-07-14,0.63,0.0063,-0.29,-0.0029,-0.66,-0.0066,-0.4,-0.004,-0.32,-0.0032,-1.24,-0.0124,-1.88,-0.018799999999999997,-3.16,-0.0316,0.43,0.0043,-0.11,-0.0011,-0.38,-0.0038,0.54,0.0054,0.55,0.0055000000000000005,-0.29,-0.0029,-0.06,-0.0006,0.12,0.0012,-0.36,-0.0036,-0.71,-0.0070999999999999995,-1.4,-0.013999999999999999,-0.1,-0.001
2021-07-15,0.7,0.006999999999999999,-0.53,-0.0053,-0.51,-0.0051,0.01,0.0001,-0.28,-0.0028000000000000004,0.01,0.0001,-0.55,-0.0055000000000000005,-1.49,-0.0149,0.99,0.009899999999999999,0.14,0.0014000000000000002,-0.81,-0.008100000000000001,-0.93,-0.009300000000000001,-0.35,-0.0034999999999999996,-0.11,-0.0011,-0.35,-0.0034999999999999996,-0.67,-0.0067,0.5,0.005,0.0,0.0,-0.32,-0.0032,-0.66,-0.0066
2021-07-16,-0.18,-0.0018,-1.65,-0.0165,0.49,0.0049,-1.64,-0.016399999999999998,-1.23,-0.0123,-3.73,-0.0373,-1.4,-0.013999999999999999,-2.94,-0.0294,0.62,0.0062,-0.71,-0.0070999999999999995,-0.06,-0.0006,-1.35,-0.013500000000000002,-0.9,-0.009000000000000001,-1.35,-0.013500000000000002,-0.81,-0.008100000000000001,-1.1,-0.011000000000000001,-1.28,-0.0128,-2.79,-0.0279,-1.04,-0.0104,-1.23,-0.0123
2021-07-19,-0.62,-0.0062,-1.44,-0.0144,-0.37,-0.0037,-2.1,-0.021,-1.2,-0.012,-2.96,-0.0296,-0.33,-0.0033,-3.71,-0.0371,-1.9,-0.019,-1.95,-0.0195,-1.04,-0.0104,-1.11,-0.0111,-1.25,-0.0125,-1.76,-0.0176,-1.28,-0.0128,-0.66,-0.0066,-3.03,-0.030299999999999997,-2.26,-0.0226,-0.84,-0.0084,-2.42,-0.0242
2021-07-20,0.53,0.0053,2.33,0.0233,1.49,0.0149,1.17,0.011699999999999999,2.95,0.029500000000000002,3.26,0.0326,2.66,0.026600000000000002,1.43,0.0143,0.75,0.0075,0.96,0.0096,1.57,0.015700000000000002,1.75,0.0175,1.0,0.01,1.94,0.0194,2.57,0.025699999999999997,1.19,0.011899999999999999,2.3,0.023,1.26,0.0126,2.75,0.0275,2.39,0.0239
2021-07-21,-0.11,-0.0011,1.18,0.0118,0.61,0.0060999999999999995,1.12,0.011200000000000002,1.71,0.0171,2.77,0.0277,-0.11,-0.0011,3.79,0.0379,-0.73,-0.0073,0.52,0.0052,0.98,0.0098,0.83,0.0083,-0.26,-0.0026,1.43,0.0143,1.02,0.0102,0.44,0.0044,1.6,0.016,2.39,0.0239,1.97,0.0197,2.29,0.0229
2021-07-22,-0.49,-0.0049,1.31,0.0131,0.15,0.0015,-0.07,-0.0007000000000000001,-1.07,-0.010700000000000001,-0.49,-0.0049,-1.25,-0.0125,-1.15,-0.0115,0.0,0.0,-0.23,-0.0023,1.0,0.01,0.35,0.0034999999999999996,-1.04,-0.0104,0.07,0.0007000000000000001,-0.66,-0.0066,0.62,0.0062,-0.81,-0.008100000000000001,-0.4,-0.004,-1.1,-0.011000000000000001,1.52,0.0152
2021-07-23,1.1,0.011000000000000001,1.67,0.0167,1.0,0.01,0.68,0.0068000000000000005,1.99,0.0199,0.75,0.0075,-0.53,-0.0053,-0.49,-0.0049,1.11,0.0111,0.41,0.0040999999999999995,1.91,0.0191,0.84,0.0084,0.24,0.0024,0.17,0.0017000000000000001,1.28,0.0128,0.91,0.0091,0.56,0.005600000000000001,0.6,0.006,0.0,0.0,1.35,0.013500000000000002
2021-07-26,0.12,0.0012,-0.32,-0.0032,-0.98,-0.0098,0.76,0.0076,-0.78,-0.0078000000000000005,3.15,0.0315,1.82,0.0182,2.55,0.0255,0.17,0.0017000000000000001,0.64,0.0064,-0.03,-0.0003,-0.04,-0.0004,0.81,0.008100000000000001,0.11,0.0011,0.2,0.002,0.44,0.0044,0.44,0.0044,1.52,0.0152,-0.17,-0.0017000000000000001,0.64,0.0064
2021-07-27,-0.11,-0.0011,-0.74,-0.0074,0.15,0.0015,-0.42,-0.0042,0.25,0.0025,-0.09,-0.0009,-1.88,-0.018799999999999997,-1.26,-0.0126,1.33,0.013300000000000001,0.09,0.0009,-1.2,-0.012,-1.16,-0.0116,0.1,0.001,-2.26,-0.0226,-0.07,-0.0007000000000000001,-1.23,-0.0123,-0.16,-0.0016,0.18,0.0018,-1.19,-0.011899999999999999,0.43,0.0043
2021-07-28,-0.88,-0.0088,0.29,0.0029,1.31,0.0131,0.25,0.0025,0.02,0.0002,1.69,0.0169,0.45,0.0045000000000000005,1.14,0.011399999999999999,-0.43,-0.0043,-0.48,-0.0048,0.84,0.0084,0.21,0.0021,-0.28,-0.0028000000000000004,-0.48,-0.0048,-0.05,-0.0005,-0.11,-0.0011,-0.26,-0.0026,1.47,0.0147,1.81,0.0181,-1.39,-0.0139
2021-07-29,0.27,0.0027,1.28,0.0128,-0.16,-0.0016,0.96,0.0096,2.42,0.0242,4.2,0.042,3.89,0.038900000000000004,0.86,0.0086,0.17,0.0017000000000000001,-0.07,-0.0007000000000000001,-0.48,-0.0048,1.11,0.0111,0.25,0.0025,0.07,0.0007000000000000001,1.43,0.0143,-0.11,-0.0011,1.02,0.0102,2.6,0.026000000000000002,0.44,0.0044,1.21,0.0121
2021-07-30,-0.23,-0.0023,-0.22,-0.0022,-0.15,-0.0015,0.1,0.001,-0.17,-0.0017000000000000001,0.2,0.002,0.74,0.0074,-1.56,-0.015600000000000001,-0.94,-0.009399999999999999,0.0,0.0,-0.77,-0.0077,0.32,0.0032,-0.21,-0.0021,-0.68,-0.0068000000000000005,-0.51,-0.0051,-3.5,-0.035,-0.68,-0.0068000000000000005,-1.31,-0.0131,0.38,0.0038,-0.71,-0.0070999999999999995
2021-08-02,-0.25,-0.0025,0.97,0.0097,0.17,0.0017000000000000001,-0.64,-0.0064,-0.43,-0.0043,-2.49,-0.024900000000000002,2.15,0.0215,-0.83,-0.0083,0.59,0.0059,0.01,0.0001,-0.14,-0.0014000000000000002,0.01,0.0001,-0.38,-0.0038,-0.4,-0.004,-0.6,-0.006,-0.1,-0.001,-0.41,-0.0040999999999999995,-1.75,-0.0175,-1.53,-0.015300000000000001,-0.58,-0.0058
2021-08-03,0.18,0.0018,1.46,0.0146,1.33,0.013300000000000001,0.96,0.0096,1.3,0.013000000000000001,2.61,0.026099999999999998,0.14,0.0014000000000000002,1.97,0.0197,0.69,0.0069,-0.26,-0.0026,0.29,0.0029,0.99,0.009899999999999999,1.12,0.011200000000000002,0.65,0.006500000000000001,0.81,0.008100000000000001,1.27,0.0127,0.62,0.0062,0.72,0.0072,0.88,0.0088,-0.77,-0.0077
2021-08-04,-1.97,-0.0197,-0.12,-0.0012,-0.18,-0.0018,-1.71,-0.0171,-1.44,-0.0144,-2.95,-0.029500000000000002,-1.19,-0.011899999999999999,-3.2,-0.032,-0.29,-0.0029,-0.64,-0.0064,0.32,0.0032,0.21,0.0021,-1.72,-0.0172,-1.99,-0.0199,-0.81,-0.008100000000000001,-0.82,-0.008199999999999999,-0.42,-0.0042,-1.53,-0.015300000000000001,-0.88,-0.0088,-0.57,-0.005699999999999999
2021-08-05,0.19,0.0019,1.4,0.013999999999999999,0.67,0.0067,0.32,0.0032,0.74,0.0074,-1.31,-0.0131,0.87,0.0087,1.56,0.015600000000000001,0.89,0.0089,0.99,0.009899999999999999,1.01,0.0101,0.17,0.0017000000000000001,0.32,0.0032,1.7,0.017,-0.31,-0.0031,0.92,0.0092,0.86,0.0086,-0.09,-0.0009,0.99,0.009899999999999999,0.83,0.0083
2021-08-06,1.03,0.0103,-0.36,-0.0036,-0.59,-0.0059,1.47,0.0147,-0.22,-0.0022,2.59,0.0259,-1.36,-0.013600000000000001,0.89,0.0089,0.05,0.0005,0.1,0.001,-0.27,-0.0027,-0.38,-0.0038,0.79,0.0079,0.43,0.0043,0.23,0.0023,-0.57,-0.005699999999999999,1.7,0.017,0.7,0.006999999999999999,0.07,0.0007000000000000001,-0.01,-0.0001
2021-08-09,0.71,0.0070999999999999995,-0.68,-0.0068000000000000005,0.61,0.0060999999999999995,-0.3,-0.003,-0.7,-0.006999999999999999,2.01,0.020099999999999996,1.24,0.0124,-1.55,-0.0155,-0.1,-0.001,-0.39,-0.0039000000000000003,0.04,0.0004,-0.14,-0.0014000000000000002,0.52,0.0052,-0.92,-0.0092,-0.44,-0.0044,0.03,0.0003,0.02,0.0002,-0.48,-0.0048,0.75,0.0075,-1.13,-0.0113
2021-08-10,0.42,0.0042,0.59,0.0059,-0.82,-0.008199999999999999,1.4,0.013999999999999999,1.39,0.0139,6.35,0.0635,-0.09,-0.0009,2.02,0.0202,0.28,0.0028000000000000004,0.39,0.0039000000000000003,-0.57,-0.005699999999999999,-0.48,-0.0048,1.17,0.011699999999999999,1.09,0.0109,0.94,0.009399999999999999,0.59,0.0059,0.61,0.0060999999999999995,1.9,0.019,1.08,0.0108,-0.33,-0.0033
2021-08-11,0.37,0.0037,0.18,0.0018,-1.35,-0.013500000000000002,1.0,0.01,2.03,0.0203,2.45,0.0245,0.06,0.0006,0.68,0.0068000000000000005,0.8,0.008,0.7,0.006999999999999999,-0.02,-0.0002,0.03,0.0003,1.0,0.01,1.39,0.0139,0.91,0.0091,0.23,0.0023,0.69,0.0069,1.98,0.019799999999999998,-0.01,-0.0001,0.48,0.0048
2021-08-12,-0.19,-0.0019,-0.19,-0.0019,0.81,0.008100000000000001,-0.17,-0.0017000000000000001,-0.22,-0.0022,0.6,0.006,1.26,0.0126,-0.06,-0.0006,0.07,0.0007000000000000001,-0.09,-0.0009,0.67,0.0067,0.73,0.0073,-0.13,-0.0013,-0.02,-0.0002,-0.16,-0.0016,-0.23,-0.0023,-0.18,-0.0018,-0.96,-0.0096,0.26,0.0026,-0.03,-0.0003
2021-08-13,1.02,0.0102,0.33,0.0033,0.28,0.0028000000000000004,-0.12,-0.0012,-0.31,-0.0031,0.49,0.0049,-1.03,-0.0103,-1.54,-0.0154,0.46,0.0046,0.3,0.003,0.31,0.0031,0.32,0.0032,-0.06,-0.0006,-0.18,-0.0018,-0.24,-0.0024,-0.36,-0.0036,-0.42,-0.0042,0.01,0.0001,-1.35,-0.013500000000000002,0.54,0.0054
2021-08-16,0.33,0.0033,-0.19,-0.0019,0.4,0.004,-0.64,-0.0064,0.31,0.0031,-1.81,-0.0181,-3.27,-0.0327,-2.0,-0.02,0.38,0.0038,-0.44,-0.0044,-0.15,-0.0015,0.45,0.0045000000000000005,0.57,0.005699999999999999,-0.22,-0.0022,0.04,0.0004,0.46,0.0046,-0.07,-0.0007000000000000001,-2.21,-0.022099999999999998,-0.88,-0.0088,-0.16,-0.0016
2021-08-17,-0.18,-0.0018,-2.2,-0.022000000000000002,1.21,0.0121,-1.42,-0.014199999999999999,-2.64,-0.0264,-3.23,-0.0323,-2.97,-0.0297,-0.72,-0.0072,-0.02,-0.0002,-0.19,-0.0019,-0.91,-0.0091,-0.94,-0.009399999999999999,-0.85,-0.0085,-0.94,-0.009399999999999999,-0.82,-0.008199999999999999,-1.85,-0.018500000000000003,-0.76,-0.0076,-2.49,-0.024900000000000002,-2.08,-0.0208,-0.91,-0.0091
2021-08-18,-1.58,-0.0158,-0.86,-0.0086,-1.31,-0.0131,-1.26,-0.0126,-0.76,-0.0076,0.79,0.0079,2.33,0.0233,-2.18,-0.0218,-0.66,-0.0066,-0.76,-0.0076,-0.62,-0.0062,-1.84,-0.0184,-0.89,-0.0089,-0.86,-0.0086,-1.19,-0.011899999999999999,-0.5,-0.005,-1.08,-0.0108,-1.72,-0.0172,-0.52,-0.0052,-0.55,-0.0055000000000000005
2021-08-19,0.31,0.0031,-1.23,-0.0123,-0.18,-0.0018,-1.45,-0.014499999999999999,-0.79,-0.0079,-4.14,-0.0414,-2.31,-0.0231,-2.77,-0.0277,0.07,0.0007000000000000001,-0.42,-0.0042,0.47,0.004699999999999999,0.62,0.0062,-0.14,-0.0014000000000000002,-1.06,-0.0106,-0.48,-0.0048,0.11,0.0011,-0.6,-0.006,-2.19,-0.0219,-0.97,-0.0097,-0.71,-0.0070999999999999995
2021-08-20,-0.32,-0.0032,1.12,0.011200000000000002,0.9,0.009000000000000001,0.81,0.008100000000000001,1.39,0.0139,-0.21,-0.0021,0.74,0.0074,0.29,0.0029,1.19,0.011899999999999999,0.84,0.0084,1.38,0.0138,1.17,0.011699999999999999,0.69,0.0069,0.21,0.0021,0.97,0.0097,0.98,0.0098,0.73,0.0073,0.15,0.0015,1.29,0.0129,0.63,0.0063
2021-08-23,-0.1,-0.001,1.13,0.0113,1.02,0.0102,1.07,0.010700000000000001,0.49,0.0049,2.84,0.028399999999999998,2.87,0.0287,3.98,0.0398,-0.95,-0.0095,0.57,0.005699999999999999,1.18,0.0118,1.49,0.0149,0.07,0.0007000000000000001,1.26,0.0126,0.43,0.0043,0.71,0.0070999999999999995,0.85,0.0085,2.82,0.0282,1.68,0.0168,0.95,0.0095
2021-08-24,-0.6,-0.006,0.63,0.0063,-0.33,-0.0033,0.81,0.008100000000000001,1.52,0.0152,2.52,0.0252,0.88,0.0088,1.72,0.0172,-0.38,-0.0038,-0.12,-0.0012,0.49,0.0049,0.07,0.0007000000000000001,0.19,0.0019,0.51,0.0051,0.4,0.004,0.5,0.005,0.64,0.0064,1.02,0.0102,1.0,0.01,1.12,0.011200000000000002
2021-08-25,0.05,0.0005,0.06,0.0006,-0.13,-0.0013,0.61,0.0060999999999999995,1.16,0.0116,-1.42,-0.014199999999999999,0.31,0.0031,0.87,0.0087,0.26,0.0026,-0.16,-0.0016,0.21,0.0021,0.09,0.0009,0.42,0.0042,0.76,0.0076,0.77,0.0077,0.0,0.0,0.75,0.0075,-0.1,-0.001,0.88,0.0088,0.42,0.0042
2021-08-26,-0.94,-0.009399999999999999,-1.74,-0.0174,-0.43,-0.0043,-0.75,-0.0075,-1.01,-0.0101,-1.95,-0.0195,-1.45,-0.014499999999999999,-1.45,-0.014499999999999999,-0.48,-0.0048,-0.99,-0.009899999999999999,-0.67,-0.0067,-0.39,-0.0039000000000000003,-0.16,-0.0016,-0.64,-0.0064,-0.78,-0.0078000000000000005,-0.51,-0.0051,-0.75,-0.0075,-1.31,-0.0131,-0.41,-0.0040999999999999995,-1.38,-0.0138
2021-08-27,0.71,0.0070999999999999995,0.92,0.0092,0.21,0.0021,1.5,0.015,1.78,0.0178,2.87,0.0287,1.7,0.017,3.0,0.03,0.35,0.0034999999999999996,1.04,0.0104,1.3,0.013000000000000001,1.04,0.0104,0.59,0.0059,0.87,0.0087,1.57,0.015700000000000002,0.41,0.0040999999999999995,1.49,0.0149,3.1,0.031,1.54,0.0154,0.93,0.009300000000000001
2021-08-30,0.19,0.0019,0.28,0.0028000000000000004,0.5,0.005,-0.4,-0.004,-0.48,-0.0048,-0.35,-0.0034999999999999996,1.59,0.0159,-1.11,-0.0111,0.06,0.0006,0.27,0.0027,0.81,0.008100000000000001,1.46,0.0146,0.11,0.0011,-0.94,-0.009399999999999999,-0.09,-0.0009,1.2,0.012,-1.26,-0.0126,-0.43,-0.0043,0.47,0.004699999999999999,-0.33,-0.0033
2021-08-31,0.43,0.0043,-1.98,-0.019799999999999998,0.08,0.0008,-0.4,-0.004,-0.93,-0.009300000000000001,-2.09,-0.0209,0.37,0.0037,-0.5,-0.005,-0.05,-0.0005,0.64,0.0064,-0.3,-0.003,-0.65,-0.006500000000000001,0.01,0.0001,-0.51,-0.0051,0.26,0.0026,0.55,0.0055000000000000005,-0.11,-0.0011,-0.1,-0.001,-0.48,-0.0048,0.62,0.0062
2021-09-01,0.44,0.0044,0.37,0.0037,0.16,0.0016,-0.04,-0.0004,0.29,0.0029,-0.11,-0.0011,-0.07,-0.0007000000000000001,-1.34,-0.0134,1.13,0.0113,0.36,0.0036,0.32,0.0032,0.07,0.0007000000000000001,0.1,0.001,0.51,0.0051,-0.39,-0.0039000000000000003,0.05,0.0005,-0.33,-0.0033,-0.72,-0.0072,0.05,0.0005,0.28,0.0028000000000000004
2021-09-02,0.03,0.0003,-0.74,-0.0074,1.02,0.0102,0.61,0.0060999999999999995,0.83,0.0083,0.14,0.0014000000000000002,-0.14,-0.0014000000000000002,2.7,0.027000000000000003,0.95,0.0095,0.34,0.0034000000000000002,-0.27,-0.0027,0.6,0.006,0.8,0.008,0.86,0.0086,0.93,0.009300000000000001,-0.05,-0.0005,0.22,0.0022,0.71,0.0070999999999999995,1.19,0.011899999999999999,0.17,0.0017000000000000001
2021-09-03,-0.42,-0.0042,-0.23,-0.0023,-0.08,-0.0008,-0.95,-0.0095,-0.97,-0.0097,-1.0,-0.01,-0.08,-0.0008,-0.39,-0.0039000000000000003,-0.77,-0.0077,-0.34,-0.0034000000000000002,0.51,0.0051,0.38,0.0038,-0.21,-0.0021,-0.98,-0.0098,-0.53,-0.0053,0.2,0.002,-0.39,-0.0039000000000000003,0.15,0.0015,-0.92,-0.0092,-0.44,-0.0044
2021-09-07,-1.6,-0.016,-1.11,-0.0111,-0.58,-0.0058,-1.04,-0.0104,-1.2,-0.012,0.16,0.0016,1.75,0.0175,-0.43,-0.0043,-1.28,-0.0128,-0.66,-0.0066,-0.24,-0.0024,0.16,0.0016,-2.32,-0.0232,-0.24,-0.0024,-1.01,-0.0101,-0.04,-0.0004,-0.41,-0.0040999999999999995,-0.92,-0.0092,-1.42,-0.014199999999999999,-0.35,-0.0034999999999999996
2021-09-08,1.36,0.013600000000000001,-1.4,-0.013999999999999999,-0.3,-0.003,-0.92,-0.0092,-1.0,-0.01,-2.17,-0.0217,-0.07,-0.0007000000000000001,-1.14,-0.011399999999999999,1.6,0.016,0.06,0.0006,-0.55,-0.0055000000000000005,-0.81,-0.008100000000000001,0.4,0.004,-0.54,-0.0054,-0.24,-0.0024,0.26,0.0026,-0.38,-0.0038,-2.62,-0.0262,-0.97,-0.0097,0.56,0.005600000000000001
2021-09-09,-0.96,-0.0096,2.76,0.0276,-1.03,-0.0103,0.44,0.0044,-0.4,-0.004,0.6,0.006,-0.03,-0.0003,0.26,0.0026,-0.61,-0.0060999999999999995,-0.77,-0.0077,-0.21,-0.0021,-0.38,-0.0038,-1.03,-0.0103,-0.81,-0.008100000000000001,-0.42,-0.0042,-0.6,-0.006,0.17,0.0017000000000000001,0.3,0.003,0.05,0.0005,0.41,0.0040999999999999995
2021-09-10,-0.25,-0.0025,0.19,0.0019,-0.71,-0.0070999999999999995,-0.17,-0.0017000000000000001,-0.59,-0.0059,0.06,0.0006,-1.73,-0.0173,-0.08,-0.0008,-1.35,-0.013500000000000002,-0.66,-0.0066,-0.8,-0.008,-1.15,-0.0115,-0.53,-0.0053,-0.56,-0.005600000000000001,-0.6,-0.006,-0.59,-0.0059,-1.01,-0.0101,1.14,0.011399999999999999,-0.47,-0.004699999999999999,0.03,0.0003
2021-09-13,0.65,0.006500000000000001,-1.35,-0.013500000000000002,-1.03,-0.0103,0.18,0.0018,0.24,0.0024,-1.53,-0.015300000000000001,1.2,0.012,3.15,0.0315,0.07,0.0007000000000000001,0.76,0.0076,-0.26,-0.0026,0.03,0.0003,0.09,0.0009,0.57,0.005699999999999999,0.1,0.001,-0.1,-0.001,1.15,0.0115,-0.03,-0.0003,0.0,0.0,0.28,0.0028000000000000004
2021-09-14,-0.43,-0.0043,-0.55,-0.0055000000000000005,-0.34,-0.0034000000000000002,-1.55,-0.0155,-1.46,-0.0146,-2.7,-0.027000000000000003,-0.11,-0.0011,-1.71,-0.0171,-0.47,-0.004699999999999999,-2.57,-0.025699999999999997,0.05,0.0005,-0.45,-0.0045000000000000005,-1.06,-0.0106,-1.31,-0.0131,-0.87,-0.0087,-0.45,-0.0045000000000000005,-1.39,-0.0139,-1.12,-0.011200000000000002,-1.17,-0.011699999999999999,0.01,0.0001
2021-09-15,0.57,0.005699999999999999,-0.4,-0.004,0.62,0.0062,1.08,0.0108,0.86,0.0086,4.08,0.0408,1.59,0.0159,4.0,0.04,0.29,0.0029,0.93,0.009300000000000001,1.02,0.0102,0.55,0.0055000000000000005,0.63,0.0063,0.86,0.0086,1.5,0.015,0.73,0.0073,1.04,0.0104,2.27,0.0227,0.82,0.008199999999999999,-0.62,-0.0062
2021-09-16,-0.04,-0.0004,0.3,0.003,-0.04,-0.0004,-0.54,-0.0054,0.13,0.0013,-1.55,-0.0155,-0.01,-0.0001,-1.01,-0.0101,-0.96,-0.0096,0.11,0.0011,0.23,0.0023,-0.16,-0.0016,-0.86,-0.0086,0.15,0.0015,-0.27,-0.0027,0.66,0.0066,-0.12,-0.0012,-4.41,-0.0441,-0.47,-0.004699999999999999,0.55,0.0055000000000000005
2021-09-17,-0.68,-0.0068000000000000005,-0.58,-0.0058,-0.07,-0.0007000000000000001,-1.99,-0.0199,-0.16,-0.0016,-3.29,-0.0329,0.29,0.0029,-0.87,-0.0087,-1.43,-0.0143,-0.21,-0.0021,-1.24,-0.0124,-1.08,-0.0108,-1.08,-0.0108,-0.8,-0.008,-1.37,-0.0137,-0.42,-0.0042,-0.23,-0.0023,-1.92,-0.0192,-0.57,-0.005699999999999999,-0.68,-0.0068000000000000005
2021-09-20,-1.01,-0.0101,-1.86,-0.018600000000000002,-1.38,-0.0138,-1.85,-0.018500000000000003,-1.97,-0.0197,-5.23,-0.052300000000000006,-3.73,-0.0373,-3.02,-0.0302,-0.45,-0.0045000000000000005,-1.45,-0.014499999999999999,-1.9,-0.019,-2.04,-0.0204,-0.73,-0.0073,-0.66,-0.0066,-1.2,-0.012,-2.22,-0.0222,-2.29,-0.0229,-2.94,-0.0294,-2.59,-0.0259,-1.45,-0.014499999999999999
2021-09-21,-0.34,-0.0034000000000000002,0.18,0.0018,0.48,0.0048,-0.39,-0.0039000000000000003,-0.85,-0.0085,-1.24,-0.0124,0.84,0.0084,0.48,0.0048,-0.2,-0.002,-1.39,-0.0139,0.25,0.0025,0.12,0.0012,-0.75,-0.0075,0.82,0.008199999999999999,-0.21,-0.0021,-0.07,-0.0007000000000000001,-0.05,-0.0005,-0.27,-0.0027,0.17,0.0017000000000000001,0.43,0.0043
2021-09-22,0.4,0.004,1.45,0.014499999999999999,0.1,0.001,0.98,0.0098,1.05,0.0105,1.63,0.0163,1.84,0.0184,3.28,0.032799999999999996,0.22,0.0022,0.76,0.0076,0.65,0.006500000000000001,1.63,0.0163,0.78,0.0078000000000000005,0.02,0.0002,1.18,0.0118,0.81,0.008100000000000001,1.41,0.0141,1.46,0.0146,1.93,0.019299999999999998,1.11,0.0111
2021-09-23,0.24,0.0024,1.47,0.0147,1.05,0.0105,1.75,0.0175,0.89,0.0089,2.21,0.022099999999999998,0.82,0.008199999999999999,3.47,0.0347,-0.04,-0.0004,0.74,0.0074,1.13,0.0113,1.06,0.0106,1.07,0.010700000000000001,1.66,0.0166,1.34,0.0134,0.7,0.006999999999999999,2.39,0.0239,0.92,0.0092,2.25,0.0225,1.68,0.0168
2021-09-24,-0.23,-0.0023,-3.76,-0.037599999999999995,-0.91,-0.0091,-0.13,-0.0013,-0.37,-0.0037,0.21,0.0021,2.14,0.021400000000000002,0.82,0.008199999999999999,-0.11,-0.0011,-0.22,-0.0022,0.28,0.0028000000000000004,-0.09,-0.0009,-0.41,-0.0040999999999999995,0.92,0.0092,0.19,0.0019,0.28,0.0028000000000000004,0.56,0.005600000000000001,0.09,0.0009,-0.81,-0.008100000000000001,0.58,0.0058
2021-09-27,-0.08,-0.0008,-0.37,-0.0037,-1.07,-0.010700000000000001,1.33,0.013300000000000001,1.31,0.0131,3.65,0.0365,2.12,0.0212,3.84,0.0384,-0.58,-0.0058,0.36,0.0036,-1.2,-0.012,-0.83,-0.0083,0.34,0.0034000000000000002,0.17,0.0017000000000000001,0.72,0.0072,-0.01,-0.0001,1.28,0.0128,2.32,0.0232,1.24,0.0124,0.22,0.0022
2021-09-28,-1.09,-0.0109,-1.74,-0.0174,-1.86,-0.018600000000000002,-1.11,-0.0111,-2.28,-0.022799999999999997,-1.2,-0.012,-1.42,-0.014199999999999999,0.23,0.0023,-1.15,-0.0115,-1.4,-0.013999999999999999,-3.49,-0.0349,-2.73,-0.0273,-0.66,-0.0066,-1.2,-0.012,-1.66,-0.0166,-2.15,-0.0215,-1.64,-0.016399999999999998,-0.58,-0.0058,-2.84,-0.028399999999999998,-1.86,-0.018600000000000002
2021-09-29,1.14,0.011399999999999999,-0.1,-0.001,0.42,0.0042,-0.04,-0.0004,0.54,0.0054,-1.92,-0.0192,0.31,0.0031,0.08,0.0008,1.16,0.0116,0.52,0.0052,-0.38,-0.0038,-0.13,-0.0013,0.46,0.0046,-0.95,-0.0095,0.47,0.004699999999999999,0.21,0.0021,0.18,0.0018,-1.56,-0.015600000000000001,-0.94,-0.009399999999999999,-0.14,-0.0014000000000000002
2021-09-30,-1.34,-0.0134,-1.91,-0.0191,-0.61,-0.0060999999999999995,-1.21,-0.0121,-2.61,-0.026099999999999998,-1.53,-0.015300000000000001,-0.9,-0.009000000000000001,-1.22,-0.012199999999999999,-0.92,-0.0092,-0.94,-0.009399999999999999,-0.32,-0.0032,-0.63,-0.0063,-2.3,-0.023,-1.42,-0.014199999999999999,-2.27,-0.0227,-1.77,-0.0177,-1.61,-0.0161,-1.23,-0.0123,-0.82,-0.008199999999999999,-1.43,-0.0143
2021-10-01,0.55,0.0055000000000000005,1.17,0.011699999999999999,-0.05,-0.0005,2.12,0.0212,1.37,0.0137,0.42,0.0042,0.24,0.0024,3.25,0.0325,0.24,0.0024,1.63,0.0163,1.74,0.0174,0.61,0.0060999999999999995,0.68,0.0068000000000000005,2.36,0.0236,1.48,0.0148,-0.19,-0.0019,1.76,0.0176,0.97,0.0097,0.51,0.0051,2.25,0.0225
2021-10-04,-0.16,-0.0016,-0.28,-0.0028000000000000004,-1.73,-0.0173,-0.47,-0.004699999999999999,-0.52,-0.0052,-0.31,-0.0031,0.78,0.0078000000000000005,1.92,0.0192,1.48,0.0148,-0.45,-0.0045000000000000005,-2.61,-0.026099999999999998,-2.2,-0.022000000000000002,-0.08,-0.0008,-0.42,-0.0042,-0.43,-0.0043,-1.82,-0.0182,-1.07,-0.010700000000000001,-0.18,-0.0018,-1.57,-0.015700000000000002,-0.98,-0.0098
2021-10-05,0.71,0.0070999999999999995,0.87,0.0087,0.43,0.0043,1.34,0.0134,0.3,0.003,1.73,0.0173,0.06,0.0006,0.68,0.0068000000000000005,-0.11,-0.0011,0.44,0.0044,1.61,0.0161,1.35,0.013500000000000002,0.91,0.0091,1.0,0.01,0.47,0.004699999999999999,0.67,0.0067,1.45,0.014499999999999999,-1.06,-0.0106,0.8,0.008,0.37,0.0037
2021-10-06,0.84,0.0084,-0.74,-0.0074,-0.53,-0.0053,-0.38,-0.0038,0.31,0.0031,-2.99,-0.029900000000000003,-0.12,-0.0012,-1.36,-0.013600000000000001,1.2,0.012,-0.13,-0.0013,0.83,0.0083,0.48,0.0048,0.11,0.0011,1.01,0.0101,-0.72,-0.0072,0.55,0.0055000000000000005,0.26,0.0026,0.41,0.0040999999999999995,0.21,0.0021,0.5,0.005
2021-10-07,0.13,0.0013,1.88,0.018799999999999997,1.09,0.0109,1.11,0.0111,1.18,0.0118,2.58,0.0258,1.94,0.0194,0.86,0.0086,-0.23,-0.0023,0.62,0.0062,0.97,0.0097,1.18,0.0118,0.47,0.004699999999999999,0.08,0.0008,1.73,0.0173,1.46,0.0146,0.98,0.0098,3.2,0.032,2.27,0.0227,0.75,0.0075
2021-10-08,-0.23,-0.0023,-0.71,-0.0070999999999999995,-0.93,-0.009300000000000001,-0.3,-0.003,-0.51,-0.0051,-1.04,-0.0104,-0.28,-0.0028000000000000004,3.03,0.030299999999999997,-0.39,-0.0039000000000000003,-2.17,-0.0217,-0.32,-0.0032,-0.45,-0.0045000000000000005,-0.68,-0.0068000000000000005,0.45,0.0045000000000000005,-0.01,-0.0001,-0.35,-0.0034999999999999996,0.47,0.004699999999999999,-0.37,-0.0037,-1.15,-0.0115,-0.6,-0.006
2021-10-11,-0.07,-0.0007000000000000001,-1.51,-0.0151,-0.67,-0.0067,0.28,0.0028000000000000004,-0.77,-0.0077,1.71,0.0171,0.45,0.0045000000000000005,-0.5,-0.005,-1.11,-0.0111,-2.45,-0.0245,-0.77,-0.0077,-0.38,-0.0038,-0.02,-0.0002,-1.05,-0.0105,-0.22,-0.0022,-0.77,-0.0077,-1.12,-0.011200000000000002,0.5,0.005,0.11,0.0011,-0.56,-0.005600000000000001
2021-10-12,0.12,0.0012,1.85,0.018500000000000003,-0.09,-0.0009,0.5,0.005,-0.09,-0.0009,0.7,0.006999999999999999,1.66,0.0166,-0.16,-0.0016,0.71,0.0070999999999999995,-0.73,-0.0073,0.06,0.0006,-0.84,-0.0084,-0.08,-0.0008,0.05,0.0005,0.06,0.0006,0.09,0.0009,-0.16,-0.0016,-0.25,-0.0025,1.49,0.0149,0.26,0.0026
2021-10-13,0.0,0.0,1.81,0.0181,0.29,0.0029,0.21,0.0021,0.43,0.0043,0.12,0.0012,0.27,0.0027,-0.08,-0.0008,1.1,0.011000000000000001,0.16,0.0016,1.31,0.0131,0.21,0.0021,0.23,0.0023,0.03,0.0003,-0.27,-0.0027,0.62,0.0062,-0.5,-0.005,2.0,0.02,0.66,0.0066,-0.55,-0.0055000000000000005
2021-10-14,0.9,0.009000000000000001,1.11,0.0111,1.17,0.011699999999999999,2.24,0.022400000000000003,2.5,0.025,0.9,0.009000000000000001,0.79,0.0079,1.15,0.0115,1.3,0.013000000000000001,1.38,0.0138,1.94,0.0194,2.23,0.0223,1.16,0.0116,2.05,0.020499999999999997,2.02,0.0202,1.14,0.011399999999999999,1.89,0.0189,3.81,0.0381,2.2,0.022000000000000002,0.72,0.0072
2021-10-15,-0.5,-0.005,0.15,0.0015,-0.12,-0.0012,0.53,0.0053,-0.26,-0.0026,1.84,0.0184,2.31,0.0231,0.37,0.0037,-0.15,-0.0015,0.05,0.0005,0.28,0.0028000000000000004,0.58,0.0058,-0.48,-0.0048,1.49,0.0149,0.17,0.0017000000000000001,1.79,0.0179,1.58,0.0158,1.98,0.019799999999999998,0.78,0.0078000000000000005,-0.27,-0.0027
2021-10-18,-0.6,-0.006,1.02,0.0102,-0.83,-0.0083,0.2,0.002,1.01,0.0101,0.34,0.0034000000000000002,2.06,0.0206,0.23,0.0023,-0.88,-0.0088,-1.11,-0.0111,1.06,0.0106,0.89,0.0089,-0.38,-0.0038,-0.36,-0.0036,0.21,0.0021,1.18,0.0118,0.07,0.0007000000000000001,-0.33,-0.0033,1.42,0.014199999999999999,0.6,0.006
2021-10-19,0.26,0.0026,-0.56,-0.005600000000000001,1.55,0.0155,0.25,0.0025,-0.12,-0.0012,-0.68,-0.0068000000000000005,-0.49,-0.0049,0.98,0.0098,1.03,0.0103,1.02,0.0102,0.7,0.006999999999999999,1.2,0.012,-0.15,-0.0015,-0.29,-0.0029,0.49,0.0049,0.24,0.0024,0.85,0.0085,0.81,0.008100000000000001,0.39,0.0039000000000000003,-0.46,-0.0046
2021-10-20,0.73,0.0073,0.04,0.0004,0.77,0.0077,0.63,0.0063,1.43,0.0143,1.49,0.0149,0.51,0.0051,0.82,0.008199999999999999,1.42,0.014199999999999999,1.33,0.013300000000000001,-0.44,-0.0044,0.32,0.0032,1.2,0.012,0.18,0.0018,0.49,0.0049,-0.04,-0.0004,1.01,0.0101,0.9,0.009000000000000001,0.23,0.0023,-0.76,-0.0076
2021-10-21,-0.51,-0.0051,2.32,0.0232,0.44,0.0044,0.19,0.0019,-0.14,-0.0014000000000000002,-2.57,-0.025699999999999997,2.71,0.0271,-1.66,-0.0166,-0.4,-0.004,-0.81,-0.008100000000000001,0.51,0.0051,0.62,0.0062,-0.25,-0.0025,1.12,0.011200000000000002,0.86,0.0086,1.04,0.0104,-0.16,-0.0016,-0.97,-0.0097,0.62,0.0062,0.81,0.008100000000000001
2021-10-22,0.41,0.0040999999999999995,0.05,0.0005,-0.02,-0.0002,-0.3,-0.003,0.04,0.0004,1.56,0.015600000000000001,0.91,0.0091,1.09,0.0109,0.54,0.0054,-0.52,-0.0052,-1.35,-0.013500000000000002,-0.7,-0.006999999999999999,-0.23,-0.0023,0.54,0.0054,0.09,0.0009,-0.9,-0.009000000000000001,1.14,0.011399999999999999,-0.21,-0.0021,-1.05,-0.0105,-0.77,-0.0077
2021-10-25,-0.23,-0.0023,0.82,0.008199999999999999,0.27,0.0027,0.78,0.0078000000000000005,1.04,0.0104,4.86,0.048600000000000004,9.52,0.09519999999999999,1.67,0.0167,-0.18,-0.0018,0.12,0.0012,0.35,0.0034999999999999996,0.31,0.0031,-0.86,-0.0086,0.47,0.004699999999999999,0.1,0.001,0.43,0.0043,0.16,0.0016,2.76,0.0276,1.71,0.0171,-0.08,-0.0008
2021-10-26,0.32,0.0032,0.05,0.0005,0.38,0.0038,0.22,0.0022,-0.66,-0.0066,0.13,0.0013,-0.77,-0.0077,0.69,0.0069,0.31,0.0031,-0.19,-0.0019,-0.17,-0.0017000000000000001,0.52,0.0052,0.27,0.0027,1.25,0.0125,-0.92,-0.0092,0.28,0.0028000000000000004,-0.11,-0.0011,-1.37,-0.0137,-0.44,-0.0044,0.0,0.0
2021-10-27,-0.23,-0.0023,-1.09,-0.0109,-1.04,-0.0104,-1.73,-0.0173,-1.02,-0.0102,-3.28,-0.032799999999999996,0.92,0.0092,-3.05,-0.0305,-0.79,-0.0079,-1.5,-0.015,0.57,0.005699999999999999,-0.57,-0.005699999999999999,-1.56,-0.015600000000000001,-1.23,-0.0123,-1.64,-0.016399999999999998,-0.14,-0.0014000000000000002,-2.45,-0.0245,-3.01,-0.0301,-0.36,-0.0036,0.64,0.0064
2021-10-28,1.12,0.011200000000000002,1.64,0.016399999999999998,1.37,0.0137,1.74,0.0174,2.05,0.020499999999999997,1.48,0.0148,3.65,0.0365,0.64,0.0064,0.65,0.006500000000000001,0.14,0.0014000000000000002,0.62,0.0062,1.75,0.0175,1.14,0.011399999999999999,1.16,0.0116,1.38,0.0138,0.91,0.0091,1.0,0.01,0.69,0.0069,2.92,0.0292,0.46,0.0046
2021-10-29,-0.18,-0.0018,1.85,0.018500000000000003,0.54,0.0054,-0.58,-0.0058,-0.43,-0.0043,1.05,0.0105,2.74,0.0274,-0.46,-0.0046,-0.7,-0.006999999999999999,-1.04,-0.0104,1.11,0.0111,-0.1,-0.001,-0.39,-0.0039000000000000003,-0.34,-0.0034000000000000002,1.01,0.0101,-0.58,-0.0058,-0.08,-0.0008,-1.4,-0.013999999999999999,1.07,0.010700000000000001,-1.38,-0.0138
2021-11-01,0.45,0.0045000000000000005,0.16,0.0016,0.61,0.0060999999999999995,0.41,0.0040999999999999995,1.42,0.014199999999999999,-0.83,-0.0083,7.37,0.0737,1.7,0.017,0.58,0.0058,0.84,0.0084,-0.51,-0.0051,0.38,0.0038,0.59,0.0059,0.51,0.0051,1.15,0.0115,-0.47,-0.004699999999999999,0.5,0.005,0.91,0.0091,1.7,0.017,2.06,0.0206
2021-11-02,0.05,0.0005,0.41,0.0040999999999999995,0.82,0.008199999999999999,1.2,0.012,-0.59,-0.0059,-1.11,-0.0111,-2.35,-0.0235,-1.01,-0.0101,-0.07,-0.0007000000000000001,0.09,0.0009,0.37,0.0037,1.15,0.0115,0.42,0.0042,-0.71,-0.0070999999999999995,0.8,0.008,0.17,0.0017000000000000001,-0.09,-0.0009,0.98,0.0098,1.12,0.011200000000000002,-0.73,-0.0073
2021-11-03,1.13,0.0113,3.08,0.0308,0.87,0.0087,1.64,0.016399999999999998,1.01,0.0101,1.8,0.018000000000000002,3.15,0.0315,-0.92,-0.0092,-0.23,-0.0023,1.14,0.011399999999999999,0.31,0.0031,0.71,0.0070999999999999995,1.05,0.0105,1.31,0.0131,1.35,0.013500000000000002,1.79,0.0179,0.81,0.008100000000000001,-0.15,-0.0015,-0.54,-0.0054,0.77,0.0077
2021-11-04,0.0,0.0,1.07,0.010700000000000001,-0.64,-0.0064,-0.26,-0.0026,1.23,0.0123,0.04,0.0004,1.51,0.0151,-0.02,-0.0002,-0.56,-0.005600000000000001,-0.69,-0.0069,0.92,0.0092,1.64,0.016399999999999998,-1.1,-0.011000000000000001,-0.2,-0.002,0.21,0.0021,1.52,0.0152,-1.01,-0.0101,-0.85,-0.0085,-0.11,-0.0011,1.1,0.011000000000000001
2021-11-05,0.72,0.0072,0.82,0.008199999999999999,-0.84,-0.0084,1.26,0.0126,2.01,0.020099999999999996,1.66,0.0166,-0.48,-0.0048,1.66,0.0166,1.03,0.0103,1.61,0.0161,-0.07,-0.0007000000000000001,0.14,0.0014000000000000002,0.93,0.009300000000000001,1.66,0.0166,1.03,0.0103,0.28,0.0028000000000000004,0.62,0.0062,0.98,0.0098,0.41,0.0040999999999999995,2.87,0.0287
2021-11-08,-0.83,-0.0083,-1.86,-0.018600000000000002,0.15,0.0015,0.56,0.005600000000000001,0.61,0.0060999999999999995,2.86,0.0286,-3.46,-0.0346,0.97,0.0097,-1.2,-0.012,-0.19,-0.0019,0.51,0.0051,0.78,0.0078000000000000005,-0.01,-0.0001,0.44,0.0044,-0.48,-0.0048,-0.67,-0.0067,0.59,0.0059,3.92,0.0392,2.02,0.0202,-0.69,-0.0069
2021-11-09,0.44,0.0044,0.97,0.0097,-0.74,-0.0074,0.42,0.0042,1.66,0.0166,-2.03,-0.0203,-9.43,-0.0943,0.42,0.0042,0.42,0.0042,-0.31,-0.0031,-0.14,-0.0014000000000000002,-0.08,-0.0008,0.01,0.0001,0.1,0.001,0.0,0.0,1.27,0.0127,-0.61,-0.0060999999999999995,-0.27,-0.0027,-0.66,-0.0066,-0.64,-0.0064
2021-11-10,0.33,0.0033,-2.35,-0.0235,-0.19,-0.0019,-0.84,-0.0084,-1.36,-0.013600000000000001,-2.43,-0.024300000000000002,3.12,0.031200000000000002,-2.88,-0.0288,0.55,0.0055000000000000005,0.26,0.0026,-1.98,-0.019799999999999998,-1.86,-0.018600000000000002,0.33,0.0033,-1.16,-0.0116,-0.25,-0.0025,-1.58,-0.0158,-0.22,-0.0022,-2.07,-0.0207,-1.32,-0.0132,-0.68,-0.0068000000000000005
2021-11-11,-0.28,-0.0028000000000000004,-0.43,-0.0043,-0.28,-0.0028000000000000004,0.8,0.008,0.7,0.006999999999999999,3.67,0.036699999999999997,0.17,0.0017000000000000001,0.35,0.0034999999999999996,-0.33,-0.0033,-1.75,-0.0175,0.28,0.0028000000000000004,0.87,0.0087,-0.09,-0.0009,-0.45,-0.0045000000000000005,0.71,0.0070999999999999995,0.02,0.0002,0.2,0.002,4.13,0.041299999999999996,1.9,0.019,-1.0,-0.01
2021-11-12,-0.06,-0.0006,0.85,0.0085,0.38,0.0038,1.09,0.0109,1.46,0.0146,-0.35,-0.0034999999999999996,-1.91,-0.0191,-0.29,-0.0029,-0.14,-0.0014000000000000002,-0.48,-0.0048,1.71,0.0171,0.87,0.0087,0.97,0.0097,0.4,0.004,0.74,0.0074,0.94,0.009399999999999999,0.33,0.0033,1.06,0.0106,0.22,0.0022,0.99,0.009899999999999999
2021-11-15,0.47,0.004699999999999999,0.09,0.0009,-0.53,-0.0053,-0.56,-0.005600000000000001,-0.55,-0.0055000000000000005,-1.82,-0.0182,-1.36,-0.013600000000000001,0.85,0.0085,1.24,0.0124,-0.16,-0.0016,0.02,0.0002,-0.23,-0.0023,0.52,0.0052,-0.63,-0.0063,-0.3,-0.003,0.39,0.0039000000000000003,-0.19,-0.0019,-1.01,-0.0101,-0.59,-0.0059,0.18,0.0018
2021-11-16,-0.59,-0.0059,1.94,0.0194,0.24,0.0024,-0.14,-0.0014000000000000002,1.12,0.011200000000000002,-0.35,-0.0034999999999999996,3.08,0.0308,0.19,0.0019,-0.59,-0.0059,-0.34,-0.0034000000000000002,0.62,0.0062,0.98,0.0098,0.06,0.0006,0.05,0.0005,0.44,0.0044,0.75,0.0075,0.02,0.0002,-1.27,-0.0127,-0.2,-0.002,-0.14,-0.0014000000000000002
2021-11-17,-0.5,-0.005,-0.8,-0.008,-0.01,-0.0001,-0.58,-0.0058,0.15,0.0015,-1.69,-0.0169,2.57,0.025699999999999997,-1.76,-0.0176,0.12,0.0012,-0.18,-0.0018,-0.6,-0.006,0.07,0.0007000000000000001,-0.42,-0.0042,-1.01,-0.0101,-0.46,-0.0046,-0.44,-0.0044,-1.26,-0.0126,-0.94,-0.009399999999999999,-0.86,-0.0086,-0.08,-0.0008
2021-11-18,-0.76,-0.0076,0.15,0.0015,-0.46,-0.0046,-0.44,-0.0044,0.07,0.0007000000000000001,1.0,0.01,-0.01,-0.0001,-0.44,-0.0044,-0.59,-0.0059,-1.26,-0.0126,-0.25,-0.0025,1.85,0.018500000000000003,-1.23,-0.0123,-0.21,-0.0021,-0.37,-0.0037,2.48,0.0248,-0.58,-0.0058,-0.63,-0.0063,-0.93,-0.009300000000000001,0.04,0.0004
2021-11-19,-1.04,-0.0104,0.77,0.0077,-0.36,-0.0036,-0.32,-0.0032,0.18,0.0018,0.09,0.0009,2.64,0.0264,-4.05,-0.0405,0.34,0.0034000000000000002,-1.16,-0.0116,-0.01,-0.0001,1.15,0.0115,0.05,0.0005,-0.27,-0.0027,-1.01,-0.0101,-0.51,-0.0051,-1.34,-0.0134,-1.16,-0.0116,1.13,0.0113,-1.13,-0.0113
2021-11-22,0.89,0.0089,-0.47,-0.004699999999999999,-0.82,-0.008199999999999999,0.07,0.0007000000000000001,-0.12,-0.0012,4.06,0.0406,2.06,0.0206,1.77,0.0177,0.58,0.0058,-0.05,-0.0005,-2.14,-0.021400000000000002,-0.63,-0.0063,0.59,0.0059,0.13,0.0013,0.34,0.0034000000000000002,-0.97,-0.0097,0.45,0.0045000000000000005,-1.17,-0.011699999999999999,-0.41,-0.0040999999999999995,-0.57,-0.005699999999999999
2021-11-23,0.54,0.0054,-1.01,-0.0101,-0.24,-0.0024,-0.08,-0.0008,0.71,0.0070999999999999995,0.2,0.002,-3.43,-0.034300000000000004,3.28,0.032799999999999996,0.38,0.0038,0.13,0.0013,-0.89,-0.0089,-0.15,-0.0015,0.04,0.0004,0.62,0.0062,0.65,0.006500000000000001,0.13,0.0013,1.53,0.015300000000000001,1.17,0.011699999999999999,-1.04,-0.0104,0.45,0.0045000000000000005
2021-11-24,-0.43,-0.0043,-0.22,-0.0022,0.1,0.001,-0.48,-0.0048,-0.48,-0.0048,-1.59,-0.0159,0.35,0.0034999999999999996,1.06,0.0106,0.16,0.0016,-0.35,-0.0034999999999999996,0.56,0.005600000000000001,0.9,0.009000000000000001,-0.93,-0.009300000000000001,-0.61,-0.0060999999999999995,-0.05,-0.0005,0.05,0.0005,0.18,0.0018,0.31,0.0031,-0.16,-0.0016,0.34,0.0034000000000000002
2021-11-26,-1.95,-0.0195,-2.36,-0.0236,-0.64,-0.0064,-2.2,-0.022000000000000002,-2.86,-0.0286,-3.49,-0.0349,-3.01,-0.0301,-4.45,-0.044500000000000005,-1.71,-0.0171,-1.14,-0.011399999999999999,-1.85,-0.018500000000000003,-2.5,-0.025,-0.79,-0.0079,-3.54,-0.0354,-2.82,-0.0282,-1.76,-0.0176,-3.54,-0.0354,-2.18,-0.0218,-2.88,-0.0288,-3.33,-0.0333
2021-11-29,0.51,0.0051,0.83,0.0083,-0.33,-0.0033,0.95,0.0095,0.16,0.0016,-1.82,-0.0182,3.78,0.0378,0.87,0.0087,1.2,0.012,-0.25,-0.0025,1.67,0.0167,2.72,0.027200000000000002,-0.19,-0.0019,0.16,0.0016,0.34,0.0034000000000000002,0.76,0.0076,0.36,0.0036,1.34,0.0134,-0.17,-0.0017000000000000001,0.41,0.0040999999999999995
2021-11-30,-3.0,-0.03,-1.34,-0.0134,-1.41,-0.0141,-2.94,-0.0294,-2.5,-0.025,-3.89,-0.038900000000000004,-0.07,-0.0007000000000000001,-2.45,-0.0245,-3.06,-0.030600000000000002,-3.1,-0.031,-2.51,-0.025099999999999997,-0.19,-0.0019,-3.22,-0.0322,-2.5,-0.025,-3.05,-0.0305,-1.89,-0.0189,-2.44,-0.024399999999999998,-2.31,-0.0231,-2.1,-0.021,-1.94,-0.0194
2021-12-01,-0.89,-0.0089,-1.56,-0.015600000000000001,-0.74,-0.0074,-1.44,-0.0144,-0.32,-0.0032,-1.5,-0.015,-3.41,-0.0341,-1.47,-0.0147,-0.01,-0.0001,-1.97,-0.0197,-2.5,-0.025,-1.14,-0.011399999999999999,-0.24,-0.0024,-2.08,-0.0208,-1.36,-0.013600000000000001,-1.64,-0.016399999999999998,-1.22,-0.012199999999999999,-1.98,-0.019799999999999998,-2.52,-0.0252,-1.72,-0.0172
2021-12-02,1.66,0.0166,1.99,0.0199,0.65,0.006500000000000001,1.97,0.0197,3.78,0.0378,2.52,0.0252,-0.12,-0.0012,2.87,0.0287,1.43,0.0143,3.7,0.037000000000000005,1.47,0.0147,0.47,0.004699999999999999,1.3,0.013000000000000001,3.68,0.0368,2.72,0.027200000000000002,0.66,0.0066,2.88,0.0288,1.89,0.0189,2.24,0.022400000000000003,3.08,0.0308
2021-12-03,0.84,0.0084,-0.65,-0.006500000000000001,-0.62,-0.0062,-0.19,-0.0019,-0.53,-0.0053,0.38,0.0038,-5.39,-0.053899999999999997,-0.89,-0.0089,0.76,0.0076,0.86,0.0086,-2.2,-0.022000000000000002,-1.13,-0.0113,0.7,0.006999999999999999,-0.55,-0.0055000000000000005,-0.47,-0.004699999999999999,-0.49,-0.0049,-1.43,-0.0143,-0.79,-0.0079,-2.23,-0.0223,-0.66,-0.0066
2021-12-06,1.75,0.0175,-0.11,-0.0011,0.34,0.0034000000000000002,1.32,0.0132,2.33,0.0233,0.77,0.0077,-0.2,-0.002,1.77,0.0177,1.64,0.016399999999999998,0.88,0.0088,1.03,0.0103,0.61,0.0060999999999999995,1.69,0.0169,2.87,0.0287,2.06,0.0206,1.13,0.0113,1.82,0.0182,1.96,0.0196,-0.22,-0.0022,3.32,0.0332
2021-12-07,0.62,0.0062,1.95,0.0195,1.92,0.0192,1.65,0.0165,1.28,0.0128,2.78,0.0278,3.69,0.0369,2.47,0.024700000000000003,0.8,0.008,-1.27,-0.0127,2.94,0.0294,3.77,0.0377,0.12,0.0012,0.8,0.008,1.66,0.0166,1.82,0.0182,1.79,0.0179,2.1,0.021,1.69,0.0169,1.78,0.0178
2021-12-08,-0.23,-0.0023,-0.57,-0.005699999999999999,0.77,0.0077,0.61,0.0060999999999999995,0.78,0.0078000000000000005,0.24,0.0024,1.23,0.0123,0.06,0.0006,0.03,0.0003,-0.3,-0.003,0.99,0.009899999999999999,0.7,0.006999999999999999,-0.19,-0.0019,0.4,0.004,0.22,0.0022,-0.5,-0.005,-0.11,-0.0011,0.76,0.0076,0.47,0.004699999999999999,0.62,0.0062
2021-12-09,-0.22,-0.0022,-1.52,-0.0152,-0.86,-0.0086,-0.75,-0.0075,-0.72,-0.0072,-0.49,-0.0049,-5.03,-0.050300000000000004,-0.93,-0.009300000000000001,-0.45,-0.0045000000000000005,-1.42,-0.014199999999999999,-1.41,-0.0141,-1.14,-0.011399999999999999,-0.75,-0.0075,-0.63,-0.0063,-0.55,-0.0055000000000000005,-0.52,-0.0052,-0.23,-0.0023,-0.08,-0.0008,-1.86,-0.018600000000000002,-0.35,-0.0034999999999999996
2021-12-10,1.55,0.0155,-0.3,-0.003,-0.21,-0.0021,0.84,0.0084,1.0,0.01,-0.53,-0.0053,1.95,0.0195,0.8,0.008,0.51,0.0051,0.26,0.0026,1.09,0.0109,1.57,0.015700000000000002,0.57,0.005699999999999999,-0.03,-0.0003,0.67,0.0067,0.36,0.0036,0.22,0.0022,0.4,0.004,-0.2,-0.002,0.72,0.0072
2021-12-13,1.31,0.0131,-1.65,-0.0165,1.21,0.0121,-1.53,-0.015300000000000001,-1.99,-0.0199,-0.16,-0.0016,-4.69,-0.046900000000000004,-2.91,-0.0291,0.76,0.0076,-0.95,-0.0095,-0.69,-0.0069,-1.97,-0.0197,-0.48,-0.0048,-1.77,-0.0177,-1.28,-0.0128,-1.3,-0.013000000000000001,-1.38,-0.0138,-1.05,-0.0105,-0.48,-0.0048,-1.85,-0.018500000000000003
2021-12-14,0.1,0.001,-1.08,-0.0108,-0.45,-0.0045000000000000005,-0.24,-0.0024,-1.24,-0.0124,1.96,0.0196,-0.87,-0.0087,-0.47,-0.004699999999999999,-0.62,-0.0062,0.57,0.005699999999999999,-2.08,-0.0208,-0.91,-0.0091,-0.49,-0.0049,-0.45,-0.0045000000000000005,-0.32,-0.0032,-0.35,-0.0034999999999999996,0.3,0.003,-0.45,-0.0045000000000000005,-2.48,-0.0248,-0.53,-0.0053
2021-12-15,0.85,0.0085,-0.24,-0.0024,2.56,0.0256,1.32,0.0132,1.56,0.015600000000000001,-3.33,-0.0333,1.47,0.0147,-0.33,-0.0033,1.52,0.0152,-0.05,-0.0005,1.88,0.018799999999999997,3.34,0.0334,0.72,0.0072,0.81,0.008100000000000001,1.05,0.0105,1.71,0.0171,0.8,0.008,-1.51,-0.0151,1.88,0.018799999999999997,0.07,0.0007000000000000001
2021-12-16,1.32,0.0132,-1.79,-0.0179,0.21,0.0021,0.07,0.0007000000000000001,-1.61,-0.0161,3.22,0.0322,-3.93,-0.0393,0.55,0.0055000000000000005,0.37,0.0037,1.95,0.0195,-2.39,-0.0239,-3.26,-0.0326,1.16,0.0116,-0.12,-0.0012,-0.76,-0.0076,-2.15,-0.0215,0.68,0.0068000000000000005,2.79,0.0279,-1.48,-0.0148,-0.93,-0.009300000000000001
2021-12-17,-1.05,-0.0105,-0.87,-0.0087,0.29,0.0029,-1.33,-0.013300000000000001,-2.03,-0.0203,1.61,0.0161,-0.2,-0.002,-2.07,-0.0207,-1.37,-0.0137,0.45,0.0045000000000000005,-0.22,-0.0022,-0.48,-0.0048,-1.68,-0.0168,0.03,0.0003,-0.91,-0.0091,-0.38,-0.0038,-1.79,-0.0179,-0.25,-0.0025,-0.28,-0.0028000000000000004,-1.16,-0.0116
2021-12-20,-0.51,-0.0051,-3.31,-0.0331,-0.66,-0.0066,-1.95,-0.0195,-1.92,-0.0192,-4.29,-0.0429,-3.18,-0.0318,-1.17,-0.011699999999999999,-0.13,-0.0013,-0.57,-0.005699999999999999,-1.37,-0.0137,-0.85,-0.0085,-1.67,-0.0167,-0.96,-0.0096,-1.09,-0.0109,-1.17,-0.011699999999999999,-1.94,-0.0194,-1.81,-0.0181,-2.74,-0.0274,-0.37,-0.0037
2021-12-21,-0.04,-0.0004,4.9,0.049,0.6,0.006,1.52,0.0152,3.03,0.030299999999999997,2.85,0.0285,3.6,0.036000000000000004,3.27,0.0327,0.14,0.0014000000000000002,1.3,0.013000000000000001,2.53,0.0253,2.38,0.023799999999999998,0.65,0.006500000000000001,3.1,0.031,2.14,0.021400000000000002,1.35,0.013500000000000002,2.37,0.023700000000000002,2.44,0.024399999999999998,2.6,0.026000000000000002,2.72,0.027200000000000002
2021-12-22,0.49,0.0049,-0.24,-0.0024,0.96,0.0096,0.93,0.009300000000000001,1.62,0.016200000000000003,1.6,0.016,6.12,0.061200000000000004,0.61,0.0060999999999999995,0.45,0.0045000000000000005,0.22,0.0022,0.96,0.0096,1.14,0.011399999999999999,-0.05,-0.0005,0.76,0.0076,1.11,0.0111,0.43,0.0043,0.9,0.009000000000000001,1.16,0.0116,0.18,0.0018,1.17,0.011699999999999999
2021-12-23,0.25,0.0025,0.16,0.0016,0.51,0.0051,0.86,0.0086,0.67,0.0067,0.61,0.0060999999999999995,4.73,0.0473,0.0,0.0,0.0,0.0,0.87,0.0087,0.56,0.005600000000000001,0.68,0.0068000000000000005,0.71,0.0070999999999999995,1.38,0.0138,1.09,0.0109,0.21,0.0021,0.69,0.0069,1.31,0.0131,0.67,0.0067,0.87,0.0087
2021-12-27,0.75,0.0075,1.48,0.0148,0.29,0.0029,1.6,0.016,1.64,0.016399999999999998,1.9,0.019,2.25,0.0225,2.54,0.0254,0.61,0.0060999999999999995,-0.08,-0.0008,1.41,0.0141,2.4,0.024,1.39,0.0139,0.7,0.006999999999999999,1.71,0.0171,0.39,0.0039000000000000003,0.93,0.009300000000000001,1.58,0.0158,1.41,0.0141,0.99,0.009899999999999999
2021-12-28,0.69,0.0069,-0.38,-0.0038,-0.58,-0.0058,0.58,0.0058,0.27,0.0027,-0.82,-0.008199999999999999,-0.38,-0.0038,-0.26,-0.0026,0.8,0.008,0.4,0.004,-0.75,-0.0075,-0.77,-0.0077,0.68,0.0068000000000000005,0.14,0.0014000000000000002,0.27,0.0027,0.52,0.0052,0.0,0.0,-0.1,-0.001,-0.54,-0.0054,0.0,0.0
2021-12-29,0.23,0.0023,1.2,0.012,0.42,0.0042,0.46,0.0046,0.77,0.0077,0.15,0.0015,-0.22,-0.0022,-0.58,-0.0058,0.43,0.0043,-0.36,-0.0036,-0.12,-0.0012,0.14,0.0014000000000000002,0.61,0.0060999999999999995,0.17,0.0017000000000000001,0.7,0.006999999999999999,0.13,0.0013,-0.11,-0.0011,0.0,0.0,-0.16,-0.0016,0.13,0.0013
2021-12-30,-0.14,-0.0014000000000000002,-0.32,-0.0032,0.33,0.0033,-0.43,-0.0043,-0.91,-0.0091,-0.45,-0.0045000000000000005,-1.03,-0.0103,-0.93,-0.009300000000000001,0.28,0.0028000000000000004,0.26,0.0026,-0.01,-0.0001,-0.69,-0.0069,-0.14,-0.0014000000000000002,-0.2,-0.002,-0.5,-0.005,-0.04,-0.0004,-0.19,-0.0019,0.04,0.0004,0.05,0.0005,-0.12,-0.0012
2021-12-31,0.69,0.0069,-0.52,-0.0052,-0.51,-0.0051,0.48,0.0048,0.91,0.0091,0.74,0.0074,-0.81,-0.008100000000000001,0.2,0.002,0.33,0.0033,-0.71,-0.0070999999999999995,-0.93,-0.009300000000000001,-0.26,-0.0026,0.52,0.0052,0.27,0.0027,0.39,0.0039000000000000003,-0.18,-0.0018,-0.22,-0.0022,0.52,0.0052,0.13,0.0013,0.25,0.0025
2022-01-03,0.13,0.0013,-0.52,-0.0052,-0.39,-0.0039000000000000003,-0.84,-0.0084,-1.55,-0.0155,0.05,0.0005,11.05,0.1105,3.21,0.0321,-0.6,-0.006,1.04,0.0104,-0.24,-0.0024,1.21,0.0121,-0.58,-0.0058,0.15,0.0015,-0.84,-0.0084,0.69,0.0069,1.35,0.013500000000000002,-0.36,-0.0036,-0.23,-0.0023,-0.17,-0.0017000000000000001
2022-01-04,1.14,0.011399999999999999,0.77,0.0077,-1.45,-0.014499999999999999,0.97,0.0097,1.52,0.0152,2.08,0.0208,-1.9,-0.019,3.61,0.0361,-0.09,-0.0009,0.04,0.0004,-1.45,-0.014499999999999999,-1.22,-0.012199999999999999,1.12,0.011200000000000002,1.35,0.013500000000000002,0.97,0.0097,-0.8,-0.008,1.66,0.0166,1.13,0.0113,0.21,0.0021,-0.4,-0.004
2022-01-05,0.18,0.0018,-2.87,-0.0287,-1.79,-0.0179,-0.77,-0.0077,-2.58,-0.0258,2.77,0.0277,-4.69,-0.046900000000000004,-0.46,-0.0046,-0.16,-0.0016,0.03,0.0003,-4.13,-0.041299999999999996,-2.77,-0.0277,-0.05,-0.0005,-1.41,-0.0141,-1.35,-0.013500000000000002,-1.64,-0.016399999999999998,-1.4,-0.013999999999999999,-1.06,-0.0106,-3.31,-0.0331,-2.12,-0.0212
2022-01-06,0.07,0.0007000000000000001,-0.27,-0.0027,-0.58,-0.0058,-0.71,-0.0070999999999999995,-0.37,-0.0037,-2.37,-0.023700000000000002,-1.31,-0.0131,2.53,0.0253,-0.65,-0.006500000000000001,0.38,0.0038,0.09,0.0009,-0.3,-0.003,-0.41,-0.0040999999999999995,-0.02,-0.0002,-0.25,-0.0025,-0.23,-0.0023,0.66,0.0066,-1.26,-0.0126,-0.2,-0.002,0.54,0.0054
2022-01-07,0.2,0.002,-2.45,-0.0245,-0.45,-0.0045000000000000005,-0.37,-0.0037,-3.21,-0.0321,-0.15,-0.0015,-2.78,-0.0278,1.02,0.0102,0.84,0.0084,0.24,0.0024,-0.68,-0.0068000000000000005,-1.33,-0.013300000000000001,0.35,0.0034999999999999996,0.1,0.001,-0.96,-0.0096,-0.83,-0.0083,0.48,0.0048,1.37,0.0137,-1.11,-0.0111,-0.78,-0.0078000000000000005
2022-01-10,-0.4,-0.004,-3.18,-0.0318,0.79,0.0079,-0.93,-0.009300000000000001,-0.08,-0.0008,-1.88,-0.018799999999999997,1.87,0.0187,-0.29,-0.0029,-0.67,-0.0067,-0.6,-0.006,0.25,0.0025,0.45,0.0045000000000000005,-0.89,-0.0089,-1.48,-0.0148,-0.7,-0.006999999999999999,-1.07,-0.010700000000000001,-0.25,-0.0025,-0.81,-0.008100000000000001,-0.4,-0.004,-1.63,-0.0163
2022-01-11,0.44,0.0044,0.31,0.0031,0.48,0.0048,1.46,0.0146,1.71,0.0171,-0.24,-0.0024,0.69,0.0069,3.55,0.0355,-0.58,-0.0058,0.86,0.0086,1.32,0.0132,1.51,0.0151,0.28,0.0028000000000000004,0.13,0.0013,0.78,0.0078000000000000005,1.19,0.011899999999999999,1.07,0.010700000000000001,2.11,0.021099999999999997,1.36,0.013600000000000001,0.08,0.0008
2022-01-12,-0.12,-0.0012,1.0,0.01,-1.0,-0.01,0.28,0.0028000000000000004,0.21,0.0021,2.42,0.0242,2.92,0.0292,0.27,0.0027,0.4,0.004,0.01,0.0001,0.26,0.0026,0.2,0.002,0.27,0.0027,-0.28,-0.0028000000000000004,0.14,0.0014000000000000002,-0.21,-0.0021,0.06,0.0006,2.92,0.0292,-0.12,-0.0012,-0.63,-0.0063
2022-01-13,0.69,0.0069,-1.51,-0.0151,-1.62,-0.016200000000000003,-0.35,-0.0034999999999999996,0.64,0.0064,-1.04,-0.0104,-4.72,-0.0472,-0.66,-0.0066,0.3,0.003,0.02,0.0002,-3.16,-0.0316,-2.35,-0.0235,0.83,0.0083,0.37,0.0037,0.09,0.0009,-1.18,-0.0118,-0.41,-0.0040999999999999995,-1.65,-0.0165,-1.32,-0.0132,-0.61,-0.0060999999999999995
2022-01-14,0.47,0.004699999999999999,-1.29,-0.0129,-0.15,-0.0015,-0.28,-0.0028000000000000004,-1.03,-0.0103,-0.5,-0.005,1.33,0.013300000000000001,2.48,0.0248,-0.29,-0.0029,-0.47,-0.004699999999999999,0.49,0.0049,0.74,0.0074,-0.48,-0.0048,-1.14,-0.011399999999999999,-0.66,-0.0066,-0.93,-0.009300000000000001,-0.7,-0.006999999999999999,-0.79,-0.0079,-0.66,-0.0066,-1.47,-0.0147
2022-01-18,-1.07,-0.010700000000000001,-0.89,-0.0089,-2.06,-0.0206,-1.41,-0.0141,-3.35,-0.0335,-3.58,-0.0358,-2.13,-0.0213,0.17,0.0017000000000000001,-1.18,-0.0118,-1.24,-0.0124,-2.41,-0.0241,-2.58,-0.0258,-1.11,-0.0111,-2.52,-0.0252,-1.68,-0.0168,-1.9,-0.019,-2.16,-0.0216,0.06,0.0006,-2.59,-0.0259,-1.97,-0.0197
2022-01-19,-0.17,-0.0017000000000000001,-0.96,-0.0096,-0.72,-0.0072,-1.17,-0.011699999999999999,-2.34,-0.023399999999999997,-2.23,-0.0223,-3.65,-0.0365,-0.64,-0.0064,0.1,0.001,-0.5,-0.005,-0.23,-0.0023,-1.98,-0.019799999999999998,0.63,0.0063,-0.57,-0.005699999999999999,-1.05,-0.0105,-0.87,-0.0087,-1.49,-0.0149,0.72,0.0072,-1.58,-0.0158,-0.95,-0.0095
2022-01-20,-0.81,-0.008100000000000001,-2.49,-0.024900000000000002,-0.74,-0.0074,-1.86,-0.018600000000000002,-2.04,-0.0204,-2.74,-0.0274,-0.78,-0.0078000000000000005,-1.27,-0.0127,-0.16,-0.0016,-1.11,-0.0111,-0.79,-0.0079,-1.83,-0.0183,-1.94,-0.0194,0.0,0.0,-1.32,-0.0132,-2.6,-0.026000000000000002,-0.46,-0.0046,-1.33,-0.013300000000000001,-1.58,-0.0158,-0.67,-0.0067
2022-01-21,-0.24,-0.0024,-0.24,-0.0024,-1.24,-0.0124,-1.89,-0.0189,-1.37,-0.0137,-6.45,-0.0645,-4.65,-0.04650000000000001,-2.3,-0.023,-0.31,-0.0031,-2.41,-0.0241,-2.61,-0.026099999999999998,-1.58,-0.0158,-0.94,-0.009399999999999999,-1.63,-0.0163,-1.25,-0.0125,-2.92,-0.0292,-2.09,-0.0209,-2.99,-0.029900000000000003,-2.26,-0.0226,-0.23,-0.0023
2022-01-24,-0.19,-0.0019,2.38,0.023799999999999998,-0.11,-0.0011,0.38,0.0038,2.71,0.0271,2.3,0.023,-1.11,-0.0111,0.79,0.0079,-0.84,-0.0084,0.74,0.0074,1.05,0.0105,0.19,0.0019,0.02,0.0002,0.69,0.0069,1.32,0.0132,2.26,0.0226,0.16,0.0016,-0.89,-0.0089,1.53,0.015300000000000001,0.34,0.0034000000000000002
2022-01-25,-0.84,-0.0084,-1.45,-0.014499999999999999,-0.61,-0.0060999999999999995,-0.58,-0.0058,-2.19,-0.0219,-0.45,-0.0045000000000000005,-1.22,-0.012199999999999999,4.05,0.0405,-1.13,-0.0113,-0.58,-0.0058,-3.0,-0.03,-2.22,-0.0222,-0.71,-0.0070999999999999995,-1.15,-0.0115,-1.85,-0.018500000000000003,-2.3,-0.023,0.0,0.0,-1.04,-0.0104,-2.93,-0.029300000000000003,-1.11,-0.0111
2022-01-26,-0.58,-0.0058,-1.52,-0.0152,-0.68,-0.0068000000000000005,-0.8,-0.008,-2.05,-0.020499999999999997,-1.65,-0.0165,1.57,0.015700000000000002,-0.44,-0.0044,-0.59,-0.0059,-3.24,-0.032400000000000005,0.1,0.001,0.33,0.0033,-1.75,-0.0175,-0.5,-0.005,-0.55,-0.0055000000000000005,-0.85,-0.0085,0.22,0.0022,-1.66,-0.0166,-1.84,-0.0184,-0.64,-0.0064
2022-01-27,0.51,0.0051,0.55,0.0055000000000000005,-0.57,-0.005699999999999999,-0.4,-0.004,-1.89,-0.0189,0.15,0.0015,-9.23,-0.09230000000000001,1.2,0.012,0.63,0.0063,0.37,0.0037,-0.08,-0.0008,-1.8,-0.018000000000000002,1.7,0.017,-1.17,-0.011699999999999999,-0.08,-0.0008,0.17,0.0017000000000000001,-0.6,-0.006,-1.54,-0.0154,-3.16,-0.0316,-1.33,-0.013300000000000001
2022-01-28,1.12,0.011200000000000002,0.68,0.0068000000000000005,2.43,0.024300000000000002,0.25,0.0025,1.9,0.019,1.82,0.0182,1.47,0.0147,-0.46,-0.0046,1.18,0.0118,3.45,0.0345,3.19,0.0319,4.36,0.0436,-0.91,-0.0091,1.55,0.0155,1.46,0.0146,2.4,0.024,2.19,0.0219,-0.78,-0.0078000000000000005,0.93,0.009300000000000001,2.93,0.029300000000000003
2022-01-31,0.35,0.0034999999999999996,2.42,0.0242,1.42,0.014199999999999999,1.17,0.011699999999999999,2.24,0.022400000000000003,1.36,0.013600000000000001,8.78,0.08779999999999999,0.43,0.0043,1.73,0.0173,1.2,0.012,2.86,0.0286,3.31,0.0331,1.85,0.018500000000000003,1.79,0.0179,1.2,0.012,2.43,0.024300000000000002,1.14,0.011399999999999999,2.32,0.0232,4.06,0.0406,2.3,0.023
2022-02-01,-0.19,-0.0019,0.93,0.009300000000000001,0.58,0.0058,2.03,0.0203,0.75,0.0075,4.34,0.0434,0.11,0.0011,3.9,0.039,-1.01,-0.0101,0.04,0.0004,0.71,0.0070999999999999995,0.4,0.004,0.38,0.0038,3.27,0.0327,0.77,0.0077,0.86,0.0086,1.35,0.013500000000000002,1.95,0.0195,0.99,0.009899999999999999,0.55,0.0055000000000000005
2022-02-02,0.9,0.009000000000000001,0.19,0.0019,0.33,0.0033,0.12,0.0012,0.79,0.0079,2.63,0.0263,-2.22,-0.0222,0.47,0.004699999999999999,1.29,0.0129,-0.02,-0.0002,0.76,0.0076,1.52,0.0152,-0.98,-0.0098,0.19,0.0019,0.84,0.0084,0.01,0.0001,0.54,0.0054,-0.2,-0.002,-0.58,-0.0058,-0.42,-0.0042
2022-02-03,-0.06,-0.0006,-2.68,-0.0268,-1.07,-0.010700000000000001,-1.68,-0.0168,-2.18,-0.0218,0.29,0.0029,-1.67,-0.0167,-1.07,-0.010700000000000001,-0.62,-0.0062,0.74,0.0074,-5.57,-0.0557,-2.56,-0.0256,-1.15,-0.0115,-2.01,-0.020099999999999996,-0.74,-0.0074,-3.97,-0.0397,-0.9,-0.009000000000000001,-2.43,-0.024300000000000002,-2.58,-0.0258,-0.99,-0.009899999999999999
2022-02-04,-1.14,-0.011399999999999999,0.39,0.0039000000000000003,-0.06,-0.0006,-1.71,-0.0171,-2.57,-0.025699999999999997,-0.04,-0.0004,1.81,0.0181,1.62,0.016200000000000003,-0.54,-0.0054,-0.16,-0.0016,1.69,0.0169,0.16,0.0016,-1.52,-0.0152,-0.63,-0.0063,-1.25,-0.0125,4.75,0.0475,1.08,0.0108,-0.07,-0.0007000000000000001,-0.32,-0.0032,0.41,0.0040999999999999995
2022-02-07,0.99,0.009899999999999999,-0.38,-0.0038,0.13,0.0013,-0.76,-0.0076,0.39,0.0039000000000000003,-0.28,-0.0028000000000000004,-1.44,-0.0144,0.97,0.0097,0.04,0.0004,-0.11,-0.0011,-1.47,-0.0147,-0.18,-0.0018,-0.28,-0.0028000000000000004,0.18,0.0018,0.1,0.001,-0.2,-0.002,0.29,0.0029,1.55,0.0155,-0.15,-0.0015,0.36,0.0036
2022-02-08,0.75,0.0075,0.28,0.0028000000000000004,0.38,0.0038,1.71,0.0171,1.72,0.0172,4.65,0.04650000000000001,1.23,0.0123,-2.31,-0.0231,-0.02,-0.0002,0.51,0.0051,0.62,0.0062,1.67,0.0167,1.14,0.011399999999999999,1.53,0.015300000000000001,1.79,0.0179,1.73,0.0173,1.43,0.0143,2.43,0.024300000000000002,1.34,0.0134,1.05,0.0105
2022-02-09,-0.17,-0.0017000000000000001,2.1,0.021,1.42,0.014199999999999999,2.09,0.0209,2.35,0.0235,3.06,0.030600000000000002,1.35,0.013500000000000002,0.92,0.0092,0.42,0.0042,2.08,0.0208,2.73,0.0273,2.13,0.0213,0.48,0.0048,1.96,0.0196,1.26,0.0126,0.38,0.0038,0.74,0.0074,2.81,0.0281,2.95,0.029500000000000002,1.95,0.0195
2022-02-10,-0.77,-0.0077,-1.24,-0.0124,-1.51,-0.0151,-0.92,-0.0092,-3.4,-0.034,-0.16,-0.0016,-2.56,-0.0256,-0.55,-0.0055000000000000005,-2.46,-0.0246,-0.54,-0.0054,-2.1,-0.021,-2.6,-0.026000000000000002,-1.54,-0.0154,-1.69,-0.0169,-1.67,-0.0167,-1.49,-0.0149,-1.16,-0.0116,-0.92,-0.0092,-2.47,-0.024700000000000003,-0.6,-0.006
2022-02-11,-0.21,-0.0021,-3.57,-0.035699999999999996,-0.93,-0.009300000000000001,-1.49,-0.0149,-1.07,-0.010700000000000001,-1.35,-0.013500000000000002,-4.34,-0.0434,3.02,0.0302,0.31,0.0031,-1.06,-0.0106,-2.85,-0.0285,-3.14,-0.031400000000000004,-0.12,-0.0012,-2.89,-0.028900000000000002,-1.36,-0.013600000000000001,-2.2,-0.022000000000000002,-1.55,-0.0155,0.31,0.0031,-2.97,-0.0297,-1.47,-0.0147
2022-02-14,-0.12,-0.0012,0.15,0.0015,-1.25,-0.0125,-1.03,-0.0103,0.06,0.0006,-0.18,-0.0018,1.3,0.013000000000000001,-2.16,-0.0216,-0.93,-0.009300000000000001,0.01,0.0001,-0.03,-0.0003,-0.02,-0.0002,-0.24,-0.0024,0.4,0.004,-0.2,-0.002,0.14,0.0014000000000000002,-0.78,-0.0078000000000000005,-0.41,-0.0040999999999999995,-0.34,-0.0034000000000000002,0.02,0.0002
2022-02-15,0.2,0.002,2.75,0.0275,2.01,0.020099999999999996,2.41,0.0241,2.38,0.023799999999999998,3.31,0.0331,4.81,0.0481,-1.3,-0.013000000000000001,-0.46,-0.0046,1.37,0.0137,1.69,0.0169,3.21,0.0321,0.69,0.0069,2.95,0.029500000000000002,2.35,0.0235,1.03,0.0103,1.65,0.0165,1.8,0.018000000000000002,3.2,0.032,2.08,0.0208
2022-02-16,0.17,0.0017000000000000001,0.34,0.0034000000000000002,-0.09,-0.0009,0.66,0.0066,0.97,0.0097,1.03,0.0103,0.2,0.002,0.51,0.0051,0.28,0.0028000000000000004,-0.32,-0.0032,-0.63,-0.0063,-0.05,-0.0005,-0.25,-0.0025,0.52,0.0052,0.92,0.0092,-0.05,-0.0005,0.21,0.0021,1.55,0.0155,2.27,0.0227,0.59,0.0059
2022-02-17,0.71,0.0070999999999999995,-3.07,-0.030699999999999998,-2.06,-0.0206,-2.67,-0.026699999999999998,-2.28,-0.022799999999999997,-1.41,-0.0141,-4.37,-0.0437,0.09,0.0009,0.07,0.0007000000000000001,-1.66,-0.0166,-3.68,-0.0368,-2.65,-0.0265,-1.38,-0.0138,-1.85,-0.018500000000000003,-1.94,-0.0194,-1.18,-0.0118,-2.62,-0.0262,-0.66,-0.0066,-2.97,-0.0297,-1.87,-0.0187
2022-02-18,0.13,0.0013,-0.1,-0.001,-1.03,-0.0103,-0.86,-0.0086,-0.2,-0.002,0.9,0.009000000000000001,-1.66,-0.0166,-0.74,-0.0074,-0.38,-0.0038,-0.32,-0.0032,-1.56,-0.015600000000000001,-0.97,-0.0097,-0.02,-0.0002,-0.57,-0.005699999999999999,-0.34,-0.0034000000000000002,-0.62,-0.0062,-0.32,-0.0032,-0.32,-0.0032,-1.21,-0.0121,-0.4,-0.004
2022-02-22,0.17,0.0017000000000000001,-2.41,-0.0241,-0.28,-0.0028000000000000004,-1.17,-0.011699999999999999,-2.66,-0.026600000000000002,-2.58,-0.0258,-3.75,-0.0375,-1.56,-0.015600000000000001,-0.23,-0.0023,-0.65,-0.006500000000000001,-0.78,-0.0078000000000000005,-1.32,-0.0132,-0.64,-0.0064,-1.98,-0.019799999999999998,-1.01,-0.0101,-2.73,-0.0273,-0.7,-0.006999999999999999,-1.01,-0.0101,-2.06,-0.0206,-1.09,-0.0109
2022-02-23,-0.93,-0.009300000000000001,-1.41,-0.0141,-0.83,-0.0083,-1.62,-0.016200000000000003,-2.68,-0.0268,-0.79,-0.0079,-5.61,-0.056100000000000004,1.07,0.010700000000000001,-1.36,-0.013600000000000001,-1.99,-0.0199,-2.28,-0.022799999999999997,-2.53,-0.0253,-1.7,-0.017,-1.96,-0.0196,-1.98,-0.019799999999999998,-2.46,-0.0246,-1.73,-0.0173,-0.55,-0.0055000000000000005,-2.23,-0.0223,-3.23,-0.0323
2022-02-24,-1.67,-0.0167,1.27,0.0127,1.19,0.011899999999999999,0.19,0.0019,2.98,0.0298,0.68,0.0068000000000000005,3.65,0.0365,-0.27,-0.0027,0.86,0.0086,1.09,0.0109,4.82,0.0482,2.81,0.0281,-1.09,-0.0109,0.38,0.0038,1.37,0.0137,2.63,0.0263,-0.75,-0.0075,0.56,0.005600000000000001,4.93,0.0493,1.05,0.0105
2022-02-25,3.52,0.0352,1.75,0.0175,2.78,0.0278,3.24,0.032400000000000005,2.74,0.0274,7.35,0.0735,1.43,0.0143,2.56,0.0256,3.11,0.0311,1.99,0.0199,1.43,0.0143,1.62,0.016200000000000003,3.53,0.0353,1.81,0.0181,2.92,0.0292,2.06,0.0206,3.01,0.0301,4.1,0.040999999999999995,2.55,0.0255,1.8,0.018000000000000002
2022-02-28,-0.77,-0.0077,-1.03,-0.0103,-0.58,-0.0058,-0.93,-0.009300000000000001,0.05,0.0005,0.62,0.0062,5.31,0.053099999999999994,3.08,0.0308,0.64,0.0064,-0.62,-0.0062,0.37,0.0037,0.15,0.0015,-1.52,-0.0152,-0.46,-0.0046,0.04,0.0004,-0.09,-0.0009,-1.26,-0.0126,-0.27,-0.0027,0.39,0.0039000000000000003,-0.91,-0.0091
2022-03-01,-0.6,-0.006,-3.6,-0.036000000000000004,-0.55,-0.0055000000000000005,-2.86,-0.0286,-1.86,-0.018600000000000002,0.77,0.0077,-1.5,-0.015,1.31,0.0131,-0.82,-0.008199999999999999,-0.8,-0.008,-1.16,-0.0116,-1.88,-0.018799999999999997,-3.18,-0.0318,-2.6,-0.026000000000000002,-1.25,-0.0125,-0.53,-0.0053,-3.67,-0.036699999999999997,1.1,0.011000000000000001,-0.91,-0.0091,-2.14,-0.021400000000000002
2022-03-02,1.04,0.0104,3.36,0.0336,1.35,0.013500000000000002,2.33,0.0233,2.84,0.028399999999999998,4.06,0.0406,2.4,0.024,2.04,0.0204,1.47,0.0147,0.71,0.0070999999999999995,1.37,0.0137,2.47,0.024700000000000003,1.94,0.0194,2.85,0.0285,2.26,0.0226,1.46,0.0146,2.36,0.0236,1.47,0.0147,1.41,0.0141,1.75,0.0175
2022-03-03,0.36,0.0036,-2.01,-0.020099999999999996,-0.02,-0.0002,-0.27,-0.0027,-1.12,-0.011200000000000002,1.71,0.0171,-3.99,-0.039900000000000005,0.12,0.0012,1.58,0.0158,-0.04,-0.0004,-1.96,-0.0196,-0.83,-0.0083,0.7,0.006999999999999999,-0.69,-0.0069,-0.1,-0.001,-0.94,-0.009399999999999999,-0.66,-0.0066,1.45,0.014499999999999999,-0.61,-0.0060999999999999995,-2.29,-0.0229
2022-03-04,-0.3,-0.003,-2.86,-0.0286,0.13,0.0013,-1.22,-0.012199999999999999,-1.46,-0.0146,1.5,0.015,-1.21,-0.0121,3.24,0.032400000000000005,2.03,0.0203,-1.08,-0.0108,-1.95,-0.0195,-1.56,-0.015600000000000001,-0.67,-0.0067,-0.62,-0.0062,-0.72,-0.0072,-0.9,-0.009000000000000001,-2.06,-0.0206,2.02,0.0202,-1.49,-0.0149,-1.83,-0.0183
2022-03-07,-1.66,-0.0166,-5.92,-0.0592,-1.33,-0.013300000000000001,-4.06,-0.0406,-4.27,-0.042699999999999995,-3.78,-0.0378,-4.33,-0.0433,1.33,0.013300000000000001,0.83,0.0083,-1.78,-0.0178,-4.16,-0.0416,-3.26,-0.0326,-2.56,-0.0256,-4.53,-0.0453,-3.32,-0.0332,-3.4,-0.034,-4.15,-0.0415,-1.91,-0.0191,-1.37,-0.0137,-6.49,-0.0649
2022-03-08,-3.29,-0.0329,-1.04,-0.0104,-1.7,-0.017,-0.14,-0.0014000000000000002,0.88,0.0088,-3.99,-0.039900000000000005,2.16,0.0216,1.06,0.0106,-1.4,-0.013999999999999999,-1.31,-0.0131,-0.34,-0.0034000000000000002,-0.39,-0.0039000000000000003,-0.91,-0.0091,0.13,0.0013,-0.86,-0.0086,-0.81,-0.008100000000000001,-0.39,-0.0039000000000000003,0.37,0.0037,1.77,0.0177,1.2,0.012
2022-03-09,0.73,0.0073,4.58,0.0458,2.15,0.0215,2.84,0.028399999999999998,3.37,0.0337,2.17,0.0217,4.06,0.0406,-2.87,-0.0287,-0.65,-0.006500000000000001,0.74,0.0074,4.61,0.0461,3.49,0.0349,1.45,0.014499999999999999,2.45,0.0245,2.84,0.028399999999999998,1.84,0.0184,3.74,0.0374,0.67,0.0067,1.79,0.0179,3.03,0.030299999999999997
2022-03-10,-0.95,-0.0095,-0.53,-0.0053,-0.4,-0.004,0.69,0.0069,0.08,0.0008,3.2,0.032,-2.01,-0.020099999999999996,3.02,0.0302,0.72,0.0072,-0.14,-0.0014000000000000002,-1.26,-0.0126,-1.94,-0.0194,-0.9,-0.009000000000000001,0.68,0.0068000000000000005,0.13,0.0013,2.29,0.0229,-0.52,-0.0052,0.96,0.0096,-1.24,-0.0124,0.28,0.0028000000000000004
2022-03-11,-0.92,-0.0092,-2.31,-0.0231,-0.94,-0.009399999999999999,-1.07,-0.010700000000000001,-0.63,-0.0063,-0.92,-0.0092,-4.25,-0.0425,-0.86,-0.0086,-0.54,-0.0054,-0.58,-0.0058,-2.36,-0.0236,-1.96,-0.0196,-1.12,-0.011200000000000002,-0.74,-0.0074,-0.83,-0.0083,-1.09,-0.0109,-0.84,-0.0084,-1.1,-0.011000000000000001,-2.78,-0.0278,-1.31,-0.0131
2022-03-14,0.63,0.0063,-2.54,-0.0254,-0.06,-0.0006,-0.41,-0.0040999999999999995,-1.86,-0.018600000000000002,-2.59,-0.0259,-3.05,-0.0305,-2.92,-0.0292,-0.4,-0.004,-0.6,-0.006,-1.97,-0.0197,-2.33,-0.0233,1.94,0.0194,-1.13,-0.0113,0.16,0.0016,-0.79,-0.0079,0.95,0.0095,-3.92,-0.0392,-1.53,-0.015300000000000001,-1.58,-0.0158
2022-03-15,1.35,0.013500000000000002,1.66,0.0166,1.8,0.018000000000000002,0.69,0.0069,2.42,0.0242,1.48,0.0148,3.98,0.0398,-3.53,-0.0353,1.04,0.0104,1.58,0.0158,2.92,0.0292,3.4,0.034,1.12,0.011200000000000002,2.44,0.024399999999999998,2.24,0.022400000000000003,2.93,0.029300000000000003,1.43,0.0143,-0.18,-0.0018,2.14,0.021400000000000002,2.84,0.028399999999999998
2022-03-16,0.29,0.0029,4.83,0.0483,1.8,0.018000000000000002,1.71,0.0171,1.87,0.0187,1.44,0.0144,4.49,0.0449,-0.26,-0.0026,-0.01,-0.0001,1.2,0.012,3.81,0.0381,3.24,0.032400000000000005,1.23,0.0123,4.1,0.040999999999999995,1.5,0.015,2.13,0.0213,2.99,0.029900000000000003,1.76,0.0176,3.5,0.035,4.22,0.042199999999999994
2022-03-17,1.04,0.0104,1.6,0.016,1.89,0.0189,2.24,0.022400000000000003,1.46,0.0146,3.0,0.03,2.84,0.028399999999999998,3.71,0.0371,0.51,0.0051,0.53,0.0053,1.56,0.015600000000000001,0.85,0.0085,0.97,0.0097,0.5,0.005,1.37,0.0137,1.84,0.0184,0.93,0.009300000000000001,2.72,0.027200000000000002,1.63,0.0163,0.05,0.0005
2022-03-18,-0.03,-0.0003,2.58,0.0258,0.8,0.008,1.0,0.01,1.25,0.0125,0.86,0.0086,3.29,0.0329,0.12,0.0012,-0.7,-0.006999999999999999,-0.23,-0.0023,2.36,0.0236,2.31,0.0231,0.33,0.0033,-0.02,-0.0002,0.93,0.009300000000000001,1.55,0.0155,0.58,0.0058,0.56,0.005600000000000001,1.4,0.013999999999999999,1.57,0.015700000000000002
2022-03-21,0.51,0.0051,-1.38,-0.0138,-0.47,-0.004699999999999999,0.46,0.0046,-2.06,-0.0206,4.42,0.044199999999999996,0.94,0.009399999999999999,3.78,0.0378,0.94,0.009399999999999999,-0.65,-0.006500000000000001,-0.89,-0.0089,0.36,0.0036,-0.12,-0.0012,-0.53,-0.0053,-0.3,-0.003,-0.93,-0.009300000000000001,-0.49,-0.0049,2.53,0.0253,-0.93,-0.009300000000000001,-2.11,-0.021099999999999997
2022-03-22,0.47,0.004699999999999999,1.62,0.016200000000000003,0.38,0.0038,0.67,0.0067,0.03,0.0003,-0.21,-0.0021,6.54,0.0654,-0.71,-0.0070999999999999995,-0.09,-0.0009,0.7,0.006999999999999999,2.22,0.0222,1.19,0.011899999999999999,0.61,0.0060999999999999995,0.98,0.0098,0.1,0.001,1.15,0.0115,1.49,0.0149,-0.11,-0.0011,1.03,0.0103,1.22,0.012199999999999999
2022-03-23,-0.59,-0.0059,-0.94,-0.009399999999999999,-1.75,-0.0175,-0.46,-0.0046,-3.0,-0.03,1.48,0.0148,-0.11,-0.0011,1.84,0.0184,0.25,0.0025,-1.03,-0.0103,-1.73,-0.0173,-1.03,-0.0103,-1.75,-0.0175,-1.26,-0.0126,-1.19,-0.011899999999999999,-1.46,-0.0146,-2.02,-0.0202,0.78,0.0078000000000000005,-1.72,-0.0172,-1.5,-0.015
2022-03-24,0.95,0.0095,0.24,0.0024,1.15,0.0115,1.52,0.0152,-0.59,-0.0059,4.04,0.0404,1.43,0.0143,0.18,0.0018,1.03,0.0103,0.55,0.0055000000000000005,1.7,0.017,3.15,0.0315,0.79,0.0079,1.61,0.0161,0.49,0.0049,0.31,0.0031,1.02,0.0102,1.44,0.0144,1.28,0.0128,1.94,0.0194
2022-03-25,1.22,0.012199999999999999,1.1,0.011000000000000001,0.22,0.0022,0.52,0.0052,-0.49,-0.0049,0.58,0.0058,-0.48,-0.0048,2.55,0.0255,1.86,0.018600000000000002,0.51,0.0051,-0.5,-0.005,0.1,0.001,1.31,0.0131,0.29,0.0029,0.32,0.0032,-0.01,-0.0001,0.83,0.0083,0.93,0.009300000000000001,-0.42,-0.0042,-0.35,-0.0034999999999999996
2022-03-28,0.22,0.0022,0.97,0.0097,0.78,0.0078000000000000005,-0.41,-0.0040999999999999995,0.08,0.0008,-1.66,-0.0166,6.47,0.0647,-2.65,-0.0265,0.32,0.0032,0.25,0.0025,1.6,0.016,0.6,0.006,-0.31,-0.0031,1.13,0.0113,-0.1,-0.001,1.68,0.0168,-0.21,-0.0021,-1.53,-0.015300000000000001,0.21,0.0021,0.56,0.005600000000000001
2022-03-29,0.65,0.006500000000000001,3.56,0.0356,1.06,0.0106,1.45,0.014499999999999999,2.67,0.026699999999999998,-2.02,-0.0202,1.49,0.0149,-0.54,-0.0054,0.87,0.0087,1.16,0.0116,2.04,0.0204,1.82,0.0182,1.05,0.0105,1.77,0.0177,1.41,0.0141,0.96,0.0096,1.18,0.0118,0.54,0.0054,2.66,0.026600000000000002,2.87,0.0287
2022-03-30,0.02,0.0002,0.11,0.0011,-0.3,-0.003,-0.76,-0.0076,-2.36,-0.0236,0.2,0.002,-0.84,-0.0084,1.25,0.0125,0.77,0.0077,-0.13,-0.0013,-1.1,-0.011000000000000001,-1.36,-0.013600000000000001,-0.39,-0.0039000000000000003,-0.63,-0.0063,-0.67,-0.0067,-1.55,-0.0155,-0.96,-0.0096,0.47,0.004699999999999999,-2.3,-0.023,-0.58,-0.0058
2022-03-31,0.0,0.0,-3.05,-0.0305,-0.81,-0.008100000000000001,-1.02,-0.0102,-3.03,-0.030299999999999997,-0.64,-0.0064,-1.68,-0.0168,-1.39,-0.0139,-0.25,-0.0025,-1.88,-0.018799999999999997,-1.56,-0.015600000000000001,-1.69,-0.0169,-1.17,-0.011699999999999999,-1.39,-0.0139,-1.16,-0.0116,-2.04,-0.0204,-2.16,-0.0216,-1.23,-0.0123,-1.94,-0.0194,-0.61,-0.0060999999999999995
2022-04-01,1.6,0.016,-0.51,-0.0051,1.31,0.0131,0.91,0.0091,0.75,0.0075,0.89,0.0089,0.27,0.0027,1.15,0.0115,1.48,0.0148,1.42,0.014199999999999999,0.64,0.0064,-0.6,-0.006,0.5,0.005,-3.34,-0.0334,0.49,0.0049,0.29,0.0029,0.29,0.0029,2.35,0.0235,0.98,0.0098,0.26,0.0026
2022-04-04,-0.44,-0.0044,1.4,0.013999999999999999,-0.47,-0.004699999999999999,0.27,0.0027,0.36,0.0036,-0.25,-0.0025,4.59,0.045899999999999996,0.06,0.0006,-0.82,-0.008199999999999999,0.88,0.0088,2.24,0.022400000000000003,1.73,0.0173,-0.2,-0.002,-0.3,-0.003,0.06,0.0006,1.74,0.0174,-0.23,-0.0023,-0.41,-0.0040999999999999995,1.25,0.0125,-0.46,-0.0046
2022-04-05,-0.29,-0.0029,-1.97,-0.0197,-0.27,-0.0027,-1.04,-0.0104,-2.88,-0.0288,-1.38,-0.0138,-4.55,-0.0455,-1.53,-0.015300000000000001,0.34,0.0034000000000000002,-0.85,-0.0085,-1.82,-0.0182,-2.49,-0.024900000000000002,-0.62,-0.0062,-2.75,-0.0275,-1.09,-0.0109,-1.26,-0.0126,-0.76,-0.0076,-3.05,-0.0305,-2.5,-0.025,-1.25,-0.0125
2022-04-06,0.61,0.0060999999999999995,-2.49,-0.024900000000000002,1.25,0.0125,-0.81,-0.008100000000000001,-1.91,-0.0191,-1.56,-0.015600000000000001,-3.85,-0.0385,0.35,0.0034999999999999996,1.91,0.0191,-0.13,-0.0013,-2.94,-0.0294,-1.99,-0.0199,-0.09,-0.0009,-2.81,-0.0281,-0.1,-0.001,-1.22,-0.012199999999999999,-0.83,-0.0083,-1.48,-0.0148,-2.89,-0.028900000000000002,-1.39,-0.0139
2022-04-07,0.53,0.0053,0.81,0.008100000000000001,1.42,0.014199999999999999,0.14,0.0014000000000000002,-0.12,-0.0012,1.27,0.0127,0.59,0.0059,1.39,0.0139,-0.2,-0.002,-0.78,-0.0078000000000000005,0.1,0.001,0.54,0.0054,-0.39,-0.0039000000000000003,-0.45,-0.0045000000000000005,0.73,0.0073,0.75,0.0075,-0.35,-0.0034999999999999996,0.76,0.0076,-0.71,-0.0070999999999999995,0.22,0.0022
2022-04-08,0.6,0.006,-0.89,-0.0089,0.17,0.0017000000000000001,0.26,0.0026,0.02,0.0002,-0.8,-0.008,-2.4,-0.024,2.7,0.027000000000000003,0.47,0.004699999999999999,0.75,0.0075,-1.36,-0.013600000000000001,-1.6,-0.016,0.41,0.0040999999999999995,-1.09,-0.0109,0.6,0.006,-0.13,-0.0013,0.73,0.0073,0.81,0.008100000000000001,-1.58,-0.0158,-1.05,-0.0105
2022-04-11,0.16,0.0016,-1.52,-0.0152,-2.02,-0.0202,-0.42,-0.0042,0.41,0.0040999999999999995,-0.06,-0.0006,-3.7,-0.037000000000000005,-3.19,-0.0319,-1.29,-0.0129,0.61,0.0060999999999999995,-2.26,-0.0226,-2.44,-0.024399999999999998,0.24,0.0024,0.12,0.0012,-0.73,-0.0073,-1.58,-0.0158,-0.68,-0.0068000000000000005,-1.15,-0.0115,-0.9,-0.009000000000000001,-0.89,-0.0089
2022-04-12,0.57,0.005699999999999999,0.47,0.004699999999999999,-0.64,-0.0064,-0.04,-0.0004,0.09,0.0009,1.7,0.017,0.86,0.0086,1.82,0.0182,0.45,0.0045000000000000005,-0.26,-0.0026,-0.87,-0.0087,-0.07,-0.0007000000000000001,-0.66,-0.0066,0.17,0.0017000000000000001,0.33,0.0033,-0.29,-0.0029,-0.9,-0.009000000000000001,0.37,0.0037,-1.27,-0.0127,0.13,0.0013
2022-04-13,0.58,0.0058,2.39,0.0239,0.66,0.0066,1.43,0.0143,1.62,0.016200000000000003,3.65,0.0365,3.05,0.0305,1.55,0.0155,-0.05,-0.0005,1.33,0.013300000000000001,1.66,0.0166,1.65,0.0165,0.76,0.0076,1.95,0.0195,1.35,0.013500000000000002,2.2,0.022000000000000002,0.7,0.006999999999999999,2.23,0.0223,1.7,0.017,3.03,0.030299999999999997
2022-04-14,0.27,0.0027,2.15,0.0215,-0.51,-0.0051,-0.57,-0.005699999999999999,-0.97,-0.0097,0.63,0.0063,-3.0,-0.03,0.39,0.0039000000000000003,0.08,0.0008,-0.74,-0.0074,-2.28,-0.022799999999999997,-2.63,-0.0263,-0.43,-0.0043,0.1,0.001,-1.3,-0.013000000000000001,-1.42,-0.014199999999999999,-0.77,-0.0077,-0.8,-0.008,-2.13,-0.0213,-0.05,-0.0005
2022-04-18,-0.68,-0.0068000000000000005,-0.98,-0.0098,-1.86,-0.018600000000000002,-0.25,-0.0025,-0.49,-0.0049,1.5,0.015,1.66,0.0166,1.58,0.0158,-0.26,-0.0026,-1.56,-0.015600000000000001,-0.3,-0.003,0.49,0.0049,-0.84,-0.0084,-1.1,-0.011000000000000001,-0.22,-0.0022,-0.15,-0.0015,0.26,0.0026,0.83,0.0083,-0.61,-0.0060999999999999995,-0.01,-0.0001
2022-04-19,1.4,0.013999999999999999,4.04,0.0404,1.18,0.0118,1.64,0.016399999999999998,3.17,0.0317,1.11,0.0111,2.51,0.025099999999999997,-1.11,-0.0111,0.45,0.0045000000000000005,1.97,0.0197,2.31,0.0231,1.56,0.015600000000000001,2.34,0.023399999999999997,2.26,0.0226,1.99,0.0199,2.72,0.027200000000000002,1.66,0.0166,-0.58,-0.0058,3.56,0.0356,2.32,0.0232
2022-04-20,1.34,0.0134,-1.22,-0.012199999999999999,0.75,0.0075,0.4,0.004,1.02,0.0102,-0.78,-0.0078000000000000005,-4.0,-0.04,0.59,0.0059,0.99,0.009899999999999999,-1.63,-0.0163,-1.37,-0.0137,-0.01,-0.0001,1.06,0.0106,0.2,0.002,1.47,0.0147,-0.38,-0.0038,0.93,0.009300000000000001,-0.34,-0.0034000000000000002,-0.18,-0.0018,-0.26,-0.0026
2022-04-21,-0.11,-0.0011,-0.87,-0.0087,-1.39,-0.0139,-1.31,-0.0131,-1.77,-0.0177,-1.93,-0.019299999999999998,2.25,0.0225,-3.29,-0.0329,-1.43,-0.0143,-0.41,-0.0040999999999999995,-2.73,-0.0273,-1.77,-0.0177,0.32,0.0032,-0.22,-0.0022,-0.24,-0.0024,-2.21,-0.022099999999999998,-1.62,-0.016200000000000003,-6.1,-0.061,-2.28,-0.022799999999999997,-1.88,-0.018799999999999997
2022-04-22,-1.81,-0.0181,-4.26,-0.0426,-3.69,-0.0369,-2.47,-0.024700000000000003,-2.6,-0.026000000000000002,-5.33,-0.0533,-0.8,-0.008,-2.77,-0.0277,-1.82,-0.0182,-3.28,-0.032799999999999996,-2.87,-0.0287,-2.7,-0.027000000000000003,-0.89,-0.0089,-2.38,-0.023799999999999998,-2.71,-0.0271,-2.91,-0.0291,-3.12,-0.031200000000000002,-4.64,-0.0464,-2.63,-0.0263,-1.98,-0.019799999999999998
2022-04-25,0.4,0.004,-0.13,-0.0013,1.36,0.013600000000000001,-0.63,-0.0063,2.12,0.0212,-1.55,-0.0155,-0.39,-0.0039000000000000003,-3.05,-0.0305,-1.1,-0.011000000000000001,-0.25,-0.0025,2.1,0.021,0.81,0.008100000000000001,0.17,0.0017000000000000001,1.27,0.0127,0.33,0.0033,0.93,0.009300000000000001,0.32,0.0032,-1.11,-0.0111,0.59,0.0059,1.17,0.011699999999999999
2022-04-26,-1.7,-0.017,-4.9,-0.049,-2.0,-0.02,-0.53,-0.0053,-2.65,-0.0265,-2.27,-0.0227,-10.49,-0.10490000000000001,-0.11,-0.0011,-0.82,-0.008199999999999999,-2.6,-0.026000000000000002,-3.57,-0.035699999999999996,-3.66,-0.0366,-2.99,-0.029900000000000003,-2.8,-0.027999999999999997,-1.92,-0.0192,-2.85,-0.0285,-2.78,-0.0278,-2.91,-0.0291,-3.58,-0.0358,-2.95,-0.029500000000000002
2022-04-27,1.04,0.0104,0.59,0.0059,-0.43,-0.0043,1.45,0.014499999999999999,-0.52,-0.0052,1.44,0.0144,0.62,0.0062,1.66,0.0166,-0.38,-0.0038,-0.38,-0.0038,0.36,0.0036,-0.34,-0.0034000000000000002,0.81,0.008100000000000001,1.32,0.0132,-0.1,-0.001,-0.59,-0.0059,0.53,0.0053,1.37,0.0137,0.79,0.0079,0.2,0.002
2022-04-28,1.32,0.0132,3.54,0.0354,0.68,0.0068000000000000005,1.27,0.0127,2.44,0.024399999999999998,1.69,0.0169,-0.21,-0.0021,3.32,0.0332,1.21,0.0121,-0.69,-0.0069,3.94,0.0394,4.36,0.0436,1.75,0.0175,2.72,0.027200000000000002,1.99,0.0199,2.69,0.0269,1.89,0.0189,1.47,0.0147,1.95,0.0195,2.48,0.0248
2022-04-29,-2.31,-0.0231,-2.26,-0.0226,-2.44,-0.024399999999999998,-2.0,-0.02,-2.62,-0.0262,-4.14,-0.0414,-1.13,-0.0113,-2.52,-0.0252,-2.87,-0.0287,-4.42,-0.044199999999999996,-3.86,-0.038599999999999995,-3.63,-0.0363,-1.83,-0.0183,-3.38,-0.0338,-2.95,-0.029500000000000002,-7.67,-0.0767,-3.38,-0.0338,-2.1,-0.021,-3.49,-0.0349,-2.66,-0.026600000000000002
2022-05-02,-1.38,-0.0138,1.47,0.0147,-0.07,-0.0007000000000000001,0.07,0.0007000000000000001,1.18,0.0118,-1.71,-0.0171,3.16,0.0316,1.23,0.0123,-0.86,-0.0086,1.32,0.0132,1.96,0.0196,1.39,0.0139,-0.06,-0.0006,-0.62,-0.0062,-0.12,-0.0012,0.76,0.0076,0.26,0.0026,-0.5,-0.005,1.12,0.011200000000000002,0.05,0.0005
2022-05-03,0.06,0.0006,-1.84,-0.0184,0.36,0.0036,1.88,0.018799999999999997,1.66,0.0166,1.1,0.011000000000000001,1.03,0.0103,3.15,0.0315,0.72,0.0072,0.31,0.0031,-0.29,-0.0029,0.69,0.0069,1.26,0.0126,-0.58,-0.0058,0.78,0.0078000000000000005,-0.07,-0.0007000000000000001,0.98,0.0098,1.17,0.011699999999999999,-2.88,-0.0288,-1.72,-0.0172
2022-05-04,2.29,0.0229,2.21,0.022099999999999998,1.96,0.0196,3.78,0.0378,4.24,0.0424,3.0,0.03,4.41,0.0441,4.05,0.0405,2.36,0.0236,3.15,0.0315,3.3,0.033,3.67,0.036699999999999997,2.81,0.0281,1.78,0.0178,3.38,0.0338,2.19,0.0219,2.94,0.0294,2.86,0.0286,5.47,0.0547,4.0,0.04
2022-05-05,-1.38,-0.0138,-5.92,-0.0592,-2.44,-0.024399999999999998,-2.32,-0.0232,-4.15,-0.0415,-7.65,-0.0765,-7.28,-0.0728,-1.46,-0.0146,-1.38,-0.0138,-1.61,-0.0161,-5.16,-0.0516,-4.76,-0.047599999999999996,-2.72,-0.027200000000000002,-2.15,-0.0215,-3.26,-0.0326,-5.24,-0.0524,-2.97,-0.0297,-3.57,-0.035699999999999996,-2.62,-0.0262,-3.48,-0.0348
2022-05-06,0.55,0.0055000000000000005,-4.3,-0.043,-1.06,-0.0106,-0.82,-0.008199999999999999,-1.14,-0.011399999999999999,-2.49,-0.024900000000000002,-0.99,-0.009899999999999999,2.69,0.0269,0.88,0.0088,-0.91,-0.0091,-1.78,-0.0178,-0.5,-0.005,-0.98,-0.0098,-0.72,-0.0072,0.13,0.0013,-1.38,-0.0138,-0.81,-0.008100000000000001,-2.46,-0.0246,-2.66,-0.026600000000000002,-0.99,-0.009899999999999999
2022-05-09,-0.36,-0.0036,-3.41,-0.0341,-2.88,-0.0288,-2.89,-0.028900000000000002,-1.39,-0.0139,-4.99,-0.0499,-7.79,-0.0779,-8.65,-0.08650000000000001,-1.38,-0.0138,-1.64,-0.016399999999999998,-4.1,-0.040999999999999995,-4.07,-0.0407,-0.25,-0.0025,-3.35,-0.0335,-1.58,-0.0158,-2.23,-0.0223,-2.88,-0.0288,-5.15,-0.051500000000000004,-4.34,-0.0434,-4.42,-0.044199999999999996
2022-05-10,-0.73,-0.0073,-0.78,-0.0078000000000000005,0.57,0.005699999999999999,-1.06,-0.0106,-1.46,-0.0146,-0.43,-0.0043,1.21,0.0121,0.83,0.0083,-1.08,-0.0108,0.15,0.0015,0.99,0.009899999999999999,1.69,0.0169,-1.14,-0.011399999999999999,0.09,0.0009,0.38,0.0038,-0.84,-0.0084,-0.77,-0.0077,-0.73,-0.0073,-1.3,-0.013000000000000001,0.28,0.0028000000000000004
2022-05-11,0.1,0.001,-2.22,-0.0222,-1.3,-0.013000000000000001,0.23,0.0023,-2.85,-0.0285,-1.75,-0.0175,-7.06,-0.0706,1.43,0.0143,0.71,0.0070999999999999995,-1.13,-0.0113,-2.79,-0.0279,-3.75,-0.0375,-1.32,-0.0132,-0.92,-0.0092,-1.64,-0.016399999999999998,-2.46,-0.0246,-0.89,-0.0089,-0.97,-0.0097,-3.74,-0.0374,-1.84,-0.0184
2022-05-12,0.19,0.0019,1.67,0.0167,1.81,0.0181,0.47,0.004699999999999999,2.51,0.025099999999999997,-0.88,-0.0088,-0.81,-0.008100000000000001,0.17,0.0017000000000000001,-0.76,-0.0076,1.47,0.0147,0.09,0.0009,-1.08,-0.0108,0.83,0.0083,0.07,0.0007000000000000001,0.09,0.0009,1.39,0.0139,-0.67,-0.0067,-2.52,-0.0252,2.54,0.0254,-0.06,-0.0006
2022-05-13,1.95,0.0195,3.89,0.038900000000000004,1.41,0.0141,2.11,0.021099999999999997,1.95,0.0195,0.88,0.0088,5.61,0.056100000000000004,3.46,0.0346,1.28,0.0128,1.27,0.0127,3.48,0.0348,3.85,0.0385,0.21,0.0021,1.95,0.0195,1.9,0.019,2.98,0.0298,1.86,0.018600000000000002,1.43,0.0143,3.15,0.0315,2.94,0.0294
2022-05-16,0.2,0.002,-0.75,-0.0075,0.68,0.0068000000000000005,-0.12,-0.0012,-0.34,-0.0034000000000000002,-0.61,-0.0060999999999999995,-5.11,-0.051100000000000007,2.59,0.0259,0.57,0.005699999999999999,0.29,0.0029,-1.24,-0.0124,-1.12,-0.011200000000000002,0.53,0.0053,-1.13,-0.0113,-0.04,-0.0004,-0.83,-0.0083,-0.62,-0.0062,-0.57,-0.005699999999999999,-1.47,-0.0147,-1.95,-0.0195
2022-05-17,-0.13,-0.0013,2.48,0.0248,1.79,0.0179,2.77,0.0277,2.74,0.0274,4.51,0.0451,4.79,0.0479,1.3,0.013000000000000001,1.19,0.011899999999999999,2.05,0.020499999999999997,1.92,0.0192,3.26,0.0326,1.71,0.0171,3.12,0.031200000000000002,2.04,0.0204,0.27,0.0027,2.77,0.0277,4.14,0.0414,2.7,0.027000000000000003,0.95,0.0095
2022-05-18,-6.34,-0.0634,-6.26,-0.0626,-2.45,-0.0245,-2.93,-0.029300000000000003,-4.07,-0.0407,-4.15,-0.0415,-6.3,-0.063,-2.68,-0.0268,-1.06,-0.0106,-1.94,-0.0194,-4.2,-0.042,-4.85,-0.048499999999999995,-3.45,-0.0345,-5.52,-0.0552,-4.08,-0.0408,-7.67,-0.0767,-2.87,-0.0287,-3.56,-0.0356,-3.73,-0.0373,-4.68,-0.046799999999999994
2022-05-19,-0.87,-0.0087,-2.45,-0.0245,-0.03,-0.0003,0.28,0.0028000000000000004,0.36,0.0036,0.62,0.0062,0.04,0.0004,-0.15,-0.0015,-0.22,-0.0022,0.09,0.0009,0.38,0.0038,-1.53,-0.015300000000000001,-0.89,-0.0089,-1.39,-0.0139,-0.42,-0.0042,-0.24,-0.0024,-0.44,-0.0044,2.97,0.0297,1.84,0.0184,0.64,0.0064
2022-05-20,0.74,0.0074,1.76,0.0176,1.27,0.0127,-0.95,-0.0095,-0.11,-0.0011,-0.84,-0.0084,-5.35,-0.0535,0.51,0.0051,0.22,0.0022,0.33,0.0033,0.12,0.0012,-0.01,-0.0001,-1.26,-0.0126,0.22,0.0022,-0.66,-0.0066,-0.96,-0.0096,0.23,0.0023,0.32,0.0032,-0.92,-0.0092,0.9,0.009000000000000001
2022-05-23,1.91,0.0191,-0.06,-0.0006,0.76,0.0076,1.34,0.0134,0.56,0.005600000000000001,4.15,0.0415,1.67,0.0167,2.84,0.028399999999999998,1.23,0.0123,1.66,0.0166,1.73,0.0173,2.01,0.020099999999999996,1.14,0.011399999999999999,1.38,0.0138,1.03,0.0103,0.9,0.009000000000000001,2.94,0.0294,2.61,0.026099999999999998,1.48,0.0148,1.02,0.0102
2022-05-24,1.49,0.0149,-2.5,-0.025,-0.25,-0.0025,-0.93,-0.009300000000000001,-1.9,-0.019,-1.49,-0.0149,-5.73,-0.057300000000000004,0.31,0.0031,1.66,0.0166,-0.12,-0.0012,-3.03,-0.030299999999999997,-1.75,-0.0175,0.02,0.0002,-1.89,-0.0189,-0.95,-0.0095,-1.09,-0.0109,-0.47,-0.004699999999999999,-0.47,-0.004699999999999999,-2.74,-0.0274,-0.8,-0.008
2022-05-25,0.22,0.0022,1.98,0.019799999999999998,0.27,0.0027,0.97,0.0097,2.87,0.0287,2.07,0.0207,4.27,0.042699999999999995,2.31,0.0231,0.23,0.0023,1.42,0.014199999999999999,1.43,0.0143,0.76,0.0076,0.45,0.0045000000000000005,1.44,0.0144,1.6,0.016,2.23,0.0223,1.04,0.0104,0.67,0.0067,1.93,0.019299999999999998,1.67,0.0167
2022-05-26,0.03,0.0003,5.1,0.051,0.61,0.0060999999999999995,2.1,0.021,3.11,0.0311,3.36,0.0336,6.24,0.062400000000000004,1.2,0.012,0.22,0.0022,1.07,0.010700000000000001,2.16,0.0216,2.67,0.026699999999999998,1.61,0.0161,3.05,0.0305,2.33,0.0233,4.06,0.0406,2.24,0.022400000000000003,0.93,0.009300000000000001,3.19,0.0319,3.24,0.032400000000000005
2022-05-27,0.96,0.0096,2.65,0.0265,1.6,0.016,2.49,0.024900000000000002,1.97,0.0197,3.19,0.0319,6.15,0.061500000000000006,1.96,0.0196,1.5,0.015,1.24,0.0124,3.28,0.032799999999999996,4.02,0.04019999999999999,1.96,0.0196,1.98,0.019799999999999998,1.72,0.0172,2.49,0.024900000000000002,1.74,0.0174,2.24,0.022400000000000003,3.98,0.0398,2.36,0.0236
2022-05-31,-0.84,-0.0084,1.3,0.013000000000000001,-1.45,-0.014499999999999999,-1.39,-0.0139,-1.13,-0.0113,-3.41,-0.0341,0.02,0.0002,-1.54,-0.0154,-1.19,-0.011899999999999999,0.02,0.0002,-0.81,-0.008100000000000001,-0.66,-0.0066,-0.88,-0.0088,-0.67,-0.0067,-1.25,-0.0125,0.72,0.0072,-0.44,-0.0044,-1.73,-0.0173,-1.1,-0.011000000000000001,0.41,0.0040999999999999995
2022-06-01,-1.07,-0.010700000000000001,-0.47,-0.004699999999999999,-1.52,-0.0152,-1.44,-0.0144,-0.67,-0.0067,-0.59,-0.0059,-1.94,-0.0194,1.99,0.0199,0.1,0.001,-0.64,-0.0064,-0.38,-0.0038,-0.7,-0.006999999999999999,-0.84,-0.0084,-0.84,-0.0084,-0.77,-0.0077,-0.62,-0.0062,-1.35,-0.013500000000000002,0.2,0.002,-0.53,-0.0053,-1.65,-0.0165
2022-06-02,0.56,0.005600000000000001,3.92,0.0392,0.79,0.0079,2.32,0.0232,2.3,0.023,1.73,0.0173,4.04,0.0404,-0.28,-0.0028000000000000004,0.62,0.0062,0.32,0.0032,3.22,0.0322,2.71,0.0271,1.27,0.0127,2.81,0.0281,1.5,0.015,2.78,0.0278,1.48,0.0148,3.58,0.0358,3.79,0.0379,1.98,0.019799999999999998
2022-06-03,-0.98,-0.0098,-1.28,-0.0128,-0.53,-0.0053,-1.25,-0.0125,-0.42,-0.0042,-2.05,-0.020499999999999997,-7.61,-0.0761,1.44,0.0144,-0.5,-0.005,-1.22,-0.012199999999999999,-2.21,-0.022099999999999998,-2.96,-0.0296,-0.67,-0.0067,-0.85,-0.0085,-0.81,-0.008100000000000001,-1.68,-0.0168,-1.44,-0.0144,-1.22,-0.012199999999999999,-0.29,-0.0029,-0.67,-0.0067
2022-06-06,0.59,0.0059,-0.24,-0.0024,-0.31,-0.0031,1.06,0.0106,0.72,0.0072,1.64,0.016399999999999998,1.38,0.0138,0.13,0.0013,0.34,0.0034000000000000002,-0.25,-0.0025,0.51,0.0051,0.12,0.0012,0.53,0.0053,0.89,0.0089,0.7,0.006999999999999999,0.82,0.008199999999999999,0.44,0.0044,1.32,0.0132,1.91,0.0191,0.69,0.0069
2022-06-07,0.71,0.0070999999999999995,0.86,0.0086,1.65,0.0165,0.55,0.0055000000000000005,0.93,0.009300000000000001,2.74,0.0274,0.41,0.0040999999999999995,3.3,0.033,0.84,0.0084,0.56,0.005600000000000001,1.1,0.011000000000000001,1.36,0.013600000000000001,0.68,0.0068000000000000005,0.35,0.0034999999999999996,1.12,0.011200000000000002,-0.79,-0.0079,0.8,0.008,1.36,0.013600000000000001,1.31,0.0131,0.42,0.0042
2022-06-08,-0.6,-0.006,0.07,0.0007000000000000001,-0.51,-0.0051,-1.96,-0.0196,-2.03,-0.0203,-4.11,-0.041100000000000005,0.78,0.0078000000000000005,-0.04,-0.0004,-1.84,-0.0184,-0.48,-0.0048,-0.52,-0.0052,-1.37,-0.0137,-1.33,-0.013300000000000001,-2.4,-0.024,-1.75,-0.0175,-1.08,-0.0108,-1.44,-0.0144,-2.86,-0.0286,-1.78,-0.0178,-0.95,-0.0095
2022-06-09,-1.64,-0.016399999999999998,-2.39,-0.0239,-2.67,-0.026699999999999998,-1.91,-0.0191,-0.52,-0.0052,-5.53,-0.0553,-1.12,-0.011200000000000002,-2.1,-0.021,-2.38,-0.023799999999999998,-1.76,-0.0176,-2.71,-0.0271,-2.9,-0.028999999999999998,-1.64,-0.016399999999999998,-2.12,-0.0212,-1.46,-0.0146,-1.84,-0.0184,-2.58,-0.0258,-3.21,-0.0321,-2.08,-0.0208,-1.97,-0.0197
2022-06-10,-0.78,-0.0078000000000000005,-3.37,-0.0337,-1.93,-0.019299999999999998,-4.1,-0.040999999999999995,-4.28,-0.042800000000000005,-3.07,-0.030699999999999998,-3.33,-0.0333,-1.62,-0.016200000000000003,-0.9,-0.009000000000000001,-1.65,-0.0165,-3.95,-0.0395,-3.5,-0.035,-2.97,-0.0297,-3.71,-0.0371,-1.78,-0.0178,-3.38,-0.0338,-3.38,-0.0338,-0.41,-0.0040999999999999995,-3.35,-0.0335,-3.45,-0.0345
2022-06-13,-1.82,-0.0182,-4.22,-0.042199999999999994,-3.16,-0.0316,-4.1,-0.040999999999999995,-4.92,-0.0492,-5.88,-0.0588,-6.77,-0.0677,-5.27,-0.0527,-4.68,-0.046799999999999994,-3.9,-0.039,-4.82,-0.0482,-4.24,-0.0424,-2.69,-0.0269,-3.57,-0.035699999999999996,-3.39,-0.0339,-3.69,-0.0369,-3.42,-0.0342,-4.81,-0.0481,-5.42,-0.0542,-3.52,-0.0352
2022-06-14,-0.92,-0.0092,0.25,0.0025,-0.96,-0.0096,-0.77,-0.0077,-0.64,-0.0064,-0.2,-0.002,2.2,0.022000000000000002,0.38,0.0038,-2.6,-0.026000000000000002,-0.79,-0.0079,0.41,0.0040999999999999995,0.32,0.0032,-0.66,-0.0066,0.85,0.0085,-0.58,-0.0058,-0.63,-0.0063,-0.46,-0.0046,-1.13,-0.0113,-0.91,-0.0091,-0.26,-0.0026
2022-06-15,0.35,0.0034999999999999996,2.21,0.022099999999999998,1.31,0.0131,-0.79,-0.0079,0.11,0.0011,1.94,0.0194,4.58,0.0458,-1.88,-0.018799999999999997,0.41,0.0040999999999999995,0.7,0.006999999999999999,2.73,0.0273,1.95,0.0195,0.05,0.0005,1.08,0.0108,0.8,0.008,2.43,0.024300000000000002,1.18,0.0118,0.31,0.0031,2.33,0.0233,1.7,0.017
2022-06-16,-1.22,-0.012199999999999999,-5.67,-0.0567,-1.67,-0.0167,-4.71,-0.0471,-7.1,-0.071,-4.62,-0.0462,-8.2,-0.08199999999999999,-5.51,-0.055099999999999996,-2.39,-0.0239,-3.16,-0.0316,-3.81,-0.0381,-4.3,-0.043,-3.33,-0.0333,-3.37,-0.0337,-3.71,-0.0371,-2.74,-0.0274,-2.79,-0.0279,-2.59,-0.0259,-6.0,-0.06,-3.9,-0.039
2022-06-17,0.01,0.0001,1.41,0.0141,1.06,0.0106,0.07,0.0007000000000000001,-0.09,-0.0009,1.27,0.0127,1.54,0.0154,-5.77,-0.057699999999999994,-1.24,-0.0124,1.92,0.0192,1.41,0.0141,0.77,0.0077,0.02,0.0002,0.63,0.0063,-0.14,-0.0014000000000000002,0.54,0.0054,0.37,0.0037,-1.42,-0.014199999999999999,-0.26,-0.0026,1.03,0.0103
2022-06-21,2.27,0.0227,0.98,0.0098,2.21,0.022099999999999998,1.38,0.0138,1.36,0.013600000000000001,-0.53,-0.0053,7.75,0.0775,4.98,0.049800000000000004,2.0,0.02,1.28,0.0128,2.04,0.0204,2.79,0.0279,0.65,0.006500000000000001,1.15,0.0115,1.65,0.0165,2.05,0.020499999999999997,2.62,0.0262,0.81,0.008100000000000001,0.88,0.0088,1.04,0.0104
2022-06-22,-0.06,-0.0006,-2.22,-0.0222,1.67,0.0167,-0.8,-0.008,0.53,0.0053,-3.31,-0.0331,-0.27,-0.0027,-4.57,-0.045700000000000005,0.57,0.005699999999999999,0.86,0.0086,0.09,0.0009,-0.5,-0.005,0.2,0.002,-0.5,-0.005,-0.16,-0.0016,-0.21,-0.0021,-0.04,-0.0004,-3.43,-0.034300000000000004,-0.45,-0.0045000000000000005,-0.09,-0.0009
2022-06-23,0.72,0.0072,2.69,0.0269,2.59,0.0259,-1.13,-0.0113,2.09,0.0209,-2.09,-0.0209,-0.32,-0.0032,-3.88,-0.0388,1.84,0.0184,1.52,0.0152,2.39,0.0239,1.24,0.0124,0.58,0.0058,0.37,0.0037,0.88,0.0088,2.52,0.0252,0.04,0.0004,-3.94,-0.0394,1.17,0.011699999999999999,0.5,0.005
2022-06-24,2.33,0.0233,4.06,0.0406,2.17,0.0217,4.36,0.0436,3.14,0.031400000000000004,5.06,0.0506,4.35,0.0435,1.75,0.0175,1.76,0.0176,1.23,0.0123,4.29,0.0429,2.91,0.0291,3.93,0.0393,4.03,0.0403,3.57,0.035699999999999996,2.87,0.0287,3.22,0.0322,3.81,0.0381,2.76,0.0276,3.33,0.0333
2022-06-27,0.34,0.0034000000000000002,-1.83,-0.0183,0.07,0.0007000000000000001,-0.51,-0.0051,0.67,0.0067,-0.1,-0.001,-0.25,-0.0025,3.14,0.031400000000000004,1.07,0.010700000000000001,-0.19,-0.0019,-1.25,-0.0125,-0.08,-0.0008,-0.22,-0.0022,-0.92,-0.0092,0.64,0.0064,-1.21,-0.0121,-0.13,-0.0013,0.02,0.0002,0.31,0.0031,0.03,0.0003
2022-06-28,-1.2,-0.012,-4.92,-0.0492,-2.24,-0.022400000000000003,-0.91,-0.0091,-2.03,-0.0203,-1.9,-0.019,-4.18,-0.0418,2.64,0.0264,-0.04,-0.0004,-1.41,-0.0141,-3.45,-0.0345,-2.61,-0.026099999999999998,-1.48,-0.0148,-1.44,-0.0144,-2.33,-0.0233,-3.77,-0.0377,-0.9,-0.009000000000000001,-1.0,-0.01,-2.43,-0.024300000000000002,-1.87,-0.0187
2022-06-29,1.12,0.011200000000000002,-0.19,-0.0019,0.78,0.0078000000000000005,-0.96,-0.0096,-0.8,-0.008,-1.68,-0.0168,-1.79,-0.0179,-3.64,-0.0364,-0.17,-0.0017000000000000001,0.69,0.0069,0.4,0.004,-0.19,-0.0019,-0.29,-0.0029,-0.61,-0.0060999999999999995,0.05,0.0005,0.48,0.0048,-0.37,-0.0037,-1.38,-0.0138,-1.26,-0.0126,0.18,0.0018
2022-06-30,-0.26,-0.0026,-1.58,-0.0158,-0.56,-0.005600000000000001,-0.68,-0.0068000000000000005,0.68,0.0068000000000000005,-1.55,-0.0155,-2.0,-0.02,-2.33,-0.0233,0.71,0.0070999999999999995,-0.25,-0.0025,-1.55,-0.0155,-1.05,-0.0105,-0.4,-0.004,-0.8,-0.008,-0.26,-0.0026,-1.4,-0.013999999999999999,-1.01,-0.0101,-2.84,-0.028399999999999998,0.25,0.0025,-0.59,-0.0059
2022-07-01,1.46,0.0146,-1.15,-0.0115,1.45,0.014499999999999999,0.69,0.0069,2.85,0.0285,0.49,0.0049,1.22,0.012199999999999999,1.37,0.0137,2.4,0.024,2.12,0.0212,1.09,0.0109,-0.18,-0.0018,0.84,0.0084,1.16,0.0116,0.82,0.008199999999999999,2.07,0.0207,1.34,0.0134,0.62,0.0062,0.75,0.0075,2.53,0.0253
2022-07-05,-0.97,-0.0097,3.66,0.0366,0.4,0.004,-0.86,-0.0086,1.28,0.0128,-2.65,-0.0265,2.13,0.0213,-4.17,-0.0417,-3.48,-0.0348,0.05,0.0005,2.58,0.0258,1.07,0.010700000000000001,-0.63,-0.0063,-0.19,-0.0019,-0.6,-0.006,2.49,0.024900000000000002,-0.3,-0.003,-3.14,-0.031400000000000004,0.52,0.0052,0.49,0.0049
2022-07-06,0.17,0.0017000000000000001,-0.7,-0.006999999999999999,0.24,0.0024,0.09,0.0009,-0.69,-0.0069,0.25,0.0025,-0.58,-0.0058,-1.84,-0.0184,0.69,0.0069,-0.55,-0.0055000000000000005,0.52,0.0052,0.98,0.0098,0.8,0.008,-0.44,-0.0044,0.19,0.0019,0.27,0.0027,-0.14,-0.0014000000000000002,0.52,0.0052,-0.44,-0.0044,-1.08,-0.0108
2022-07-07,0.09,0.0009,3.78,0.0378,1.04,0.0104,0.94,0.009399999999999999,1.95,0.0195,4.05,0.0405,5.29,0.0529,3.75,0.0375,0.45,0.0045000000000000005,0.26,0.0026,1.96,0.0196,2.63,0.0263,0.38,0.0038,1.67,0.0167,1.48,0.0148,1.61,0.0161,1.32,0.0132,3.4,0.034,3.47,0.0347,1.43,0.0143
2022-07-08,-0.05,-0.0005,-0.01,-0.0001,0.19,0.0019,-0.77,-0.0077,-0.01,-0.0001,-1.2,-0.012,1.86,0.018600000000000002,-0.12,-0.0012,-0.3,-0.003,-0.6,-0.006,-0.15,-0.0015,0.32,0.0032,-1.4,-0.013999999999999999,-0.73,-0.0073,0.35,0.0034999999999999996,-0.41,-0.0040999999999999995,-0.1,-0.001,-1.52,-0.0152,-0.34,-0.0034000000000000002,-0.29,-0.0029
2022-07-11,-0.32,-0.0032,-2.66,-0.026600000000000002,-0.83,-0.0083,-0.5,-0.005,-0.3,-0.003,-1.37,-0.0137,-5.82,-0.0582,-0.94,-0.009399999999999999,0.47,0.004699999999999999,-1.41,-0.0141,-2.09,-0.0209,-1.63,-0.0163,-0.29,-0.0029,-1.3,-0.013000000000000001,-0.56,-0.005600000000000001,-1.7,-0.017,-0.68,-0.0068000000000000005,-1.86,-0.018600000000000002,-1.82,-0.0182,-1.12,-0.011200000000000002
2022-07-12,0.01,0.0001,-0.57,-0.005699999999999999,-0.88,-0.0088,0.2,0.002,0.22,0.0022,0.69,0.0069,0.03,0.0003,-2.09,-0.0209,-0.61,-0.0060999999999999995,0.7,0.006999999999999999,-2.53,-0.0253,-0.43,-0.0043,0.61,0.0060999999999999995,-0.36,-0.0036,-0.23,-0.0023,-1.13,-0.0113,-0.41,-0.0040999999999999995,-1.21,-0.0121,-0.65,-0.006500000000000001,-0.11,-0.0011
2022-07-13,-0.06,-0.0006,0.91,0.0091,-0.37,-0.0037,-0.75,-0.0075,-0.05,-0.0005,1.35,0.013500000000000002,1.24,0.0124,0.03,0.0003,-0.27,-0.0027,-0.18,-0.0018,-0.89,-0.0089,-0.13,-0.0013,-0.72,-0.0072,-0.99,-0.009899999999999999,-1.0,-0.01,0.64,0.0064,-1.18,-0.0118,-0.02,-0.0002,-0.08,-0.0008,0.61,0.0060999999999999995
2022-07-14,-0.92,-0.0092,-1.58,-0.0158,-0.39,-0.0039000000000000003,-1.72,-0.0172,-0.77,-0.0077,-2.4,-0.024,0.28,0.0028000000000000004,-1.87,-0.0187,0.03,0.0003,-0.51,-0.0051,-0.68,-0.0068000000000000005,1.19,0.011899999999999999,-0.5,-0.005,-0.82,-0.008199999999999999,0.13,0.0013,0.58,0.0058,-1.41,-0.0141,-3.5,-0.035,-1.01,-0.0101,-0.5,-0.005
2022-07-15,0.18,0.0018,1.59,0.0159,1.82,0.0182,1.64,0.016399999999999998,1.15,0.0115,2.12,0.0212,1.23,0.0123,1.92,0.0192,0.52,0.0052,2.1,0.021,1.99,0.0199,1.76,0.0176,0.76,0.0076,2.23,0.0223,1.52,0.0152,1.97,0.0197,3.76,0.037599999999999995,1.3,0.013000000000000001,1.84,0.0184,1.75,0.0175
2022-07-18,-0.92,-0.0092,-0.17,-0.0017000000000000001,-2.23,-0.0223,-0.03,-0.0003,-0.35,-0.0034999999999999996,2.15,0.0215,0.17,0.0017000000000000001,2.12,0.0212,-0.93,-0.009300000000000001,-0.75,-0.0075,-0.9,-0.009000000000000001,-1.31,-0.0131,-0.79,-0.0079,0.65,0.006500000000000001,-0.71,-0.0070999999999999995,0.16,0.0016,-0.55,-0.0055000000000000005,1.8,0.018000000000000002,0.47,0.004699999999999999,0.2,0.002
2022-07-19,1.38,0.0138,4.83,0.0483,1.69,0.0169,3.41,0.0341,3.39,0.0339,3.1,0.031,2.53,0.0253,3.31,0.0331,1.03,0.0103,2.03,0.0203,3.07,0.030699999999999998,3.45,0.0345,2.74,0.0274,3.62,0.0362,2.76,0.0276,2.66,0.026600000000000002,3.08,0.0308,2.35,0.0235,4.26,0.0426,2.61,0.026099999999999998
2022-07-20,-0.67,-0.0067,1.79,0.0179,-0.39,-0.0039000000000000003,0.8,0.008,0.63,0.0063,0.92,0.0092,0.98,0.0098,1.31,0.0131,-0.98,-0.0098,0.32,0.0032,1.86,0.018600000000000002,1.6,0.016,0.54,0.0054,0.8,0.008,0.61,0.0060999999999999995,2.14,0.021400000000000002,-0.08,-0.0008,-0.92,-0.0092,2.05,0.020499999999999997,0.83,0.0083
2022-07-21,-0.17,-0.0017000000000000001,0.41,0.0040999999999999995,0.95,0.0095,1.0,0.01,1.78,0.0178,3.75,0.0375,7.68,0.0768,-1.91,-0.0191,0.26,0.0026,-1.39,-0.0139,1.04,0.0104,1.95,0.0195,0.97,0.0097,-0.08,-0.0008,-0.12,-0.0012,0.96,0.0096,0.64,0.0064,0.76,0.0076,1.17,0.011699999999999999,-0.31,-0.0031
2022-07-22,0.3,0.003,-1.52,-0.0152,-0.67,-0.0067,-0.27,-0.0027,0.32,0.0032,-4.53,-0.0453,-0.28,-0.0028000000000000004,-1.26,-0.0126,1.06,0.0106,-1.82,-0.0182,-2.87,-0.0287,-1.56,-0.015600000000000001,-0.06,-0.0006,-0.55,-0.0055000000000000005,-0.26,-0.0026,-0.87,-0.0087,-0.68,-0.0068000000000000005,-2.12,-0.0212,-1.83,-0.0183,-0.6,-0.006
2022-07-25,1.07,0.010700000000000001,-0.3,-0.003,0.28,0.0028000000000000004,1.19,0.011899999999999999,-0.85,-0.0085,2.82,0.0282,-1.11,-0.0111,4.08,0.0408,1.55,0.0155,0.25,0.0025,-0.79,-0.0079,-0.44,-0.0044,0.35,0.0034999999999999996,0.67,0.0067,0.59,0.0059,-0.67,-0.0067,0.84,0.0084,-1.34,-0.0134,-0.19,-0.0019,-1.07,-0.010700000000000001
2022-07-26,0.89,0.0089,-4.5,-0.045,0.5,0.005,-0.87,-0.0087,-0.32,-0.0032,0.73,0.0073,-3.14,-0.031400000000000004,-0.76,-0.0076,0.63,0.0063,-0.69,-0.0069,-2.6,-0.026000000000000002,-0.89,-0.0089,0.96,0.0096,-1.79,-0.0179,-0.58,-0.0058,-4.48,-0.044800000000000006,-1.15,-0.0115,0.03,0.0003,-0.68,-0.0068000000000000005,-0.1,-0.001
2022-07-27,0.07,0.0007000000000000001,2.97,0.0297,0.8,0.008,0.52,0.0052,1.85,0.018500000000000003,2.88,0.0288,5.42,0.0542,2.55,0.0255,0.22,0.0022,1.99,0.0199,5.43,0.054299999999999994,3.6,0.036000000000000004,0.73,0.0073,2.03,0.0203,1.49,0.0149,3.24,0.032400000000000005,1.23,0.0123,1.75,0.0175,4.65,0.04650000000000001,3.54,0.0354
2022-07-28,1.59,0.0159,3.49,0.0349,-0.02,-0.0002,1.68,0.0168,2.61,0.026099999999999998,2.21,0.022099999999999998,2.52,0.0252,0.45,0.0045000000000000005,2.64,0.0264,-1.42,-0.014199999999999999,1.51,0.0151,1.18,0.0118,1.22,0.012199999999999999,1.82,0.0182,1.59,0.0159,1.42,0.014199999999999999,0.81,0.008100000000000001,1.04,0.0104,5.34,0.053399999999999996,1.65,0.0165
2022-07-29,0.48,0.0048,1.45,0.014499999999999999,-0.75,-0.0075,1.13,0.0113,0.79,0.0079,3.87,0.0387,4.88,0.048799999999999996,4.54,0.0454,0.91,0.0091,-0.34,-0.0034000000000000002,1.24,0.0124,1.79,0.0179,0.53,0.0053,1.91,0.0191,1.3,0.013000000000000001,4.69,0.046900000000000004,1.0,0.01,2.79,0.0279,2.61,0.026099999999999998,0.52,0.0052
2022-08-01,0.75,0.0075,0.03,0.0003,-0.75,-0.0075,-0.56,-0.005600000000000001,0.36,0.0036,-0.65,-0.006500000000000001,0.3,0.003,-2.31,-0.0231,-0.02,-0.0002,0.15,0.0015,-0.31,-0.0031,-0.14,-0.0014000000000000002,0.44,0.0044,0.46,0.0046,0.68,0.0068000000000000005,0.89,0.0089,-0.6,-0.006,-2.2,-0.022000000000000002,-1.08,-0.0108,0.06,0.0006
2022-08-02,-0.82,-0.008199999999999999,-2.04,-0.0204,0.07,0.0007000000000000001,-0.51,-0.0051,-2.45,-0.0245,-2.27,-0.0227,0.68,0.0068000000000000005,-0.14,-0.0014000000000000002,-0.32,-0.0032,-0.62,-0.0062,-0.09,-0.0009,-0.5,-0.005,-1.21,-0.0121,0.0,0.0,-1.27,-0.0127,-0.96,-0.0096,-0.96,-0.0096,-1.15,-0.0115,-0.2,-0.002,-0.29,-0.0029
2022-08-03,0.32,0.0032,2.41,0.0241,1.55,0.0155,-0.18,-0.0018,0.03,0.0003,-0.03,-0.0003,2.39,0.0239,-2.94,-0.0294,0.49,0.0049,1.85,0.018500000000000003,2.81,0.0281,2.47,0.024700000000000003,0.96,0.0096,1.25,0.0125,0.01,0.0001,2.38,0.023799999999999998,1.5,0.015,-0.53,-0.0053,-0.51,-0.0051,1.3,0.013000000000000001
2022-08-04,-0.66,-0.0066,0.02,0.0002,-0.2,-0.002,0.47,0.004699999999999999,1.32,0.0132,1.51,0.0151,-0.06,-0.0006,-3.74,-0.0374,-0.27,-0.0027,-0.01,-0.0001,0.3,0.003,0.27,0.0027,-1.76,-0.0176,0.76,0.0076,0.24,0.0024,0.39,0.0039000000000000003,-0.16,-0.0016,1.14,0.011399999999999999,0.76,0.0076,0.01,0.0001
2022-08-05,0.01,0.0001,0.12,0.0012,0.33,0.0033,0.2,0.002,-0.27,-0.0027,1.89,0.0189,-5.26,-0.0526,2.24,0.022400000000000003,-0.42,-0.0042,-0.87,-0.0087,-0.1,-0.001,-0.24,-0.0024,-0.78,-0.0078000000000000005,0.41,0.0040999999999999995,0.81,0.008100000000000001,-0.2,-0.002,0.81,0.008100000000000001,1.85,0.018500000000000003,0.44,0.0044,-0.83,-0.0083
2022-08-08,-0.36,-0.0036,0.49,0.0049,0.64,0.0064,0.96,0.0096,1.13,0.0113,0.27,0.0027,1.28,0.0128,0.43,0.0043,0.21,0.0021,0.18,0.0018,-0.04,-0.0004,-1.01,-0.0101,1.32,0.0132,0.0,0.0,0.44,0.0044,0.24,0.0024,-0.17,-0.0017000000000000001,0.47,0.004699999999999999,0.71,0.0070999999999999995,0.07,0.0007000000000000001
2022-08-09,0.2,0.002,-3.28,-0.032799999999999996,-0.81,-0.008100000000000001,-1.02,-0.0102,-2.61,-0.026099999999999998,1.67,0.0167,-2.44,-0.024399999999999998,1.79,0.0179,1.24,0.0124,-0.57,-0.005699999999999999,-0.77,-0.0077,-1.43,-0.0143,-0.54,-0.0054,-0.76,-0.0076,-1.41,-0.0141,-1.25,-0.0125,0.17,0.0017000000000000001,-0.49,-0.0049,-2.18,-0.0218,0.1,0.001
2022-08-10,0.75,0.0075,3.03,0.030299999999999997,1.58,0.0158,3.22,0.0322,3.32,0.0332,2.88,0.0288,3.68,0.0368,0.83,0.0083,0.54,0.0054,1.33,0.013300000000000001,3.22,0.0322,3.07,0.030699999999999998,1.8,0.018000000000000002,3.46,0.0346,1.71,0.0171,2.36,0.0236,2.07,0.0207,2.72,0.027200000000000002,5.13,0.0513,1.66,0.0166
2022-08-11,-0.24,-0.0024,0.8,0.008,-1.07,-0.010700000000000001,0.82,0.008199999999999999,1.06,0.0106,0.3,0.003,-1.62,-0.016200000000000003,3.45,0.0345,0.39,0.0039000000000000003,1.23,0.0123,-0.87,-0.0087,-0.38,-0.0038,0.35,0.0034999999999999996,0.61,0.0060999999999999995,0.54,0.0054,-0.42,-0.0042,0.68,0.0068000000000000005,0.16,0.0016,0.8,0.008,0.11,0.0011
2022-08-12,0.77,0.0077,1.34,0.0134,1.31,0.0131,2.32,0.0232,1.48,0.0148,1.07,0.010700000000000001,3.97,0.0397,0.97,0.0097,1.47,0.0147,1.77,0.0177,1.93,0.019299999999999998,2.24,0.022400000000000003,1.75,0.0175,0.9,0.009000000000000001,2.05,0.020499999999999997,1.71,0.0171,1.6,0.016,1.39,0.0139,3.03,0.030299999999999997,1.49,0.0149
2022-08-15,0.9,0.009000000000000001,0.52,0.0052,0.54,0.0054,0.25,0.0025,-0.41,-0.0040999999999999995,-1.1,-0.011000000000000001,2.3,0.023,-1.96,-0.0196,0.59,0.0059,0.85,0.0085,0.44,0.0044,0.59,0.0059,-0.05,-0.0005,-0.07,-0.0007000000000000001,0.52,0.0052,0.1,0.001,0.32,0.0032,-1.61,-0.0161,-0.17,-0.0017000000000000001,0.73,0.0073
2022-08-16,0.74,0.0074,1.71,0.0171,-0.57,-0.005699999999999999,0.47,0.004699999999999999,0.29,0.0029,1.22,0.012199999999999999,-0.54,-0.0054,-0.28,-0.0028000000000000004,0.43,0.0043,0.38,0.0038,-0.34,-0.0034000000000000002,-0.4,-0.004,0.57,0.005699999999999999,0.7,0.006999999999999999,0.45,0.0045000000000000005,2.39,0.0239,0.44,0.0044,1.21,0.0121,-0.94,-0.009399999999999999,0.54,0.0054
2022-08-17,-0.38,-0.0038,-1.14,-0.011399999999999999,-0.95,-0.0095,-1.43,-0.0143,-1.54,-0.0154,-2.32,-0.0232,-1.21,-0.0121,1.02,0.0102,-0.15,-0.0015,-1.75,-0.0175,-1.42,-0.014199999999999999,-0.57,-0.005699999999999999,-1.31,-0.0131,-1.51,-0.0151,-1.1,-0.011000000000000001,-1.09,-0.0109,-0.68,-0.0068000000000000005,-2.32,-0.0232,-2.34,-0.023399999999999997,-0.69,-0.0069
2022-08-18,0.41,0.0040999999999999995,-0.41,-0.0040999999999999995,-0.52,-0.0052,0.26,0.0026,0.61,0.0060999999999999995,1.77,0.0177,-0.15,-0.0015,2.93,0.029300000000000003,0.51,0.0051,-0.73,-0.0073,-0.06,-0.0006,0.86,0.0086,0.07,0.0007000000000000001,0.44,0.0044,0.77,0.0077,-0.04,-0.0004,0.2,0.002,1.21,0.0121,1.38,0.0138,0.07,0.0007000000000000001
2022-08-19,-0.2,-0.002,-2.67,-0.026699999999999998,0.0,0.0,-1.97,-0.0197,-2.39,-0.0239,-3.0,-0.03,-1.88,-0.018799999999999997,-0.17,-0.0017000000000000001,-0.23,-0.0023,-0.4,-0.004,-2.15,-0.0215,-1.95,-0.0195,-0.65,-0.006500000000000001,-1.72,-0.0172,-0.64,-0.0064,-2.18,-0.0218,-1.49,-0.0149,-2.18,-0.0218,-2.83,-0.028300000000000002,-1.7,-0.017
2022-08-22,-1.14,-0.011399999999999999,-2.72,-0.027200000000000002,-1.32,-0.0132,-1.58,-0.0158,-2.55,-0.0255,-2.2,-0.022000000000000002,-2.67,-0.026699999999999998,-0.07,-0.0007000000000000001,-1.27,-0.0127,-2.36,-0.0236,-2.63,-0.0263,-2.72,-0.027200000000000002,-1.92,-0.0192,-1.83,-0.0183,-1.92,-0.0192,-2.75,-0.0275,-1.9,-0.019,-1.39,-0.0139,-2.79,-0.0279,-1.9,-0.019
2022-08-23,0.29,0.0029,0.36,0.0036,-1.0,-0.01,1.21,0.0121,-0.04,-0.0004,1.86,0.018600000000000002,1.79,0.0179,3.44,0.0344,-0.45,-0.0045000000000000005,-0.83,-0.0083,-0.44,-0.0044,-0.06,-0.0006,0.07,0.0007000000000000001,0.15,0.0015,-0.33,-0.0033,-0.21,-0.0021,-0.65,-0.006500000000000001,2.79,0.0279,-0.12,-0.0012,-0.21,-0.0021
2022-08-24,0.46,0.0046,0.4,0.004,0.38,0.0038,0.72,0.0072,1.08,0.0108,1.11,0.0111,0.44,0.0044,1.26,0.0126,0.53,0.0053,0.54,0.0054,0.3,0.003,0.27,0.0027,-0.18,-0.0018,0.31,0.0031,0.2,0.002,0.13,0.0013,0.26,0.0026,0.04,0.0004,1.79,0.0179,0.84,0.0084
2022-08-25,0.57,0.005699999999999999,1.94,0.0194,0.86,0.0086,2.6,0.026000000000000002,1.84,0.0184,4.37,0.0437,0.25,0.0025,0.73,0.0073,0.6,0.006,1.03,0.0103,1.7,0.017,2.25,0.0225,0.99,0.009899999999999999,1.34,0.0134,1.51,0.0151,1.5,0.015,1.42,0.014199999999999999,2.93,0.029300000000000003,1.94,0.0194,1.46,0.0146
2022-08-26,-2.15,-0.0215,-4.25,-0.0425,-2.95,-0.029500000000000002,-2.92,-0.0292,-4.16,-0.0416,-2.28,-0.022799999999999997,-2.81,-0.0281,-1.04,-0.0104,-1.5,-0.015,-2.19,-0.0219,-4.02,-0.04019999999999999,-4.45,-0.044500000000000005,-5.2,-0.052000000000000005,-3.71,-0.0371,-3.08,-0.0308,-4.05,-0.0405,-3.01,-0.0301,-2.5,-0.025,-4.48,-0.044800000000000006,-3.13,-0.0313
2022-08-29,-0.18,-0.0018,-0.58,-0.0058,-1.06,-0.0106,-1.01,-0.0101,-0.64,-0.0064,-0.71,-0.0070999999999999995,-0.85,-0.0085,1.53,0.015300000000000001,0.24,0.0024,-0.38,-0.0038,-1.17,-0.011699999999999999,-1.32,-0.0132,-0.93,-0.009300000000000001,-0.58,-0.0058,-0.11,-0.0011,-0.29,-0.0029,-0.64,-0.0064,-1.32,-0.0132,-0.45,-0.0045000000000000005,-0.26,-0.0026
2022-08-30,-1.09,-0.0109,-0.07,-0.0007000000000000001,-0.69,-0.0069,-1.94,-0.0194,-1.23,-0.0123,-4.28,-0.042800000000000005,-2.14,-0.021400000000000002,-3.61,-0.0361,-1.73,-0.0173,-0.86,-0.0086,-0.64,-0.0064,-1.38,-0.0138,-0.55,-0.0055000000000000005,-1.4,-0.013999999999999999,-1.18,-0.0118,-0.82,-0.008199999999999999,-0.47,-0.004699999999999999,-3.38,-0.0338,-1.45,-0.014499999999999999,-1.17,-0.011699999999999999
2022-08-31,-0.44,-0.0044,-1.72,-0.0172,-0.42,-0.0042,-1.51,-0.0151,-1.05,-0.0105,-1.89,-0.0189,-0.81,-0.008100000000000001,-0.65,-0.006500000000000001,-0.67,-0.0067,-0.53,-0.0053,-0.38,-0.0038,-1.19,-0.011899999999999999,-0.99,-0.009899999999999999,-0.65,-0.006500000000000001,-0.35,-0.0034999999999999996,-1.04,-0.0104,-0.73,-0.0073,-0.64,-0.0064,-0.34,-0.0034000000000000002,0.18,0.0018
2022-09-01,-0.07,-0.0007000000000000001,-0.4,-0.004,1.85,0.018500000000000003,-1.53,-0.015300000000000001,-0.57,-0.005699999999999999,-2.77,-0.0277,0.31,0.0031,-2.48,-0.0248,0.97,0.0097,0.49,0.0049,-0.45,-0.0045000000000000005,-0.57,-0.005699999999999999,0.18,0.0018,0.3,0.003,-0.5,-0.005,1.08,0.0108,0.3,0.003,-2.94,-0.0294,0.05,0.0005,0.93,0.009300000000000001
2022-09-02,-1.11,-0.0111,0.27,0.0027,-1.5,-0.015,-0.25,-0.0025,-0.64,-0.0064,0.44,0.0044,-2.06,-0.0206,2.13,0.0213,-0.72,-0.0072,-1.7,-0.017,-1.37,-0.0137,-1.25,-0.0125,-1.26,-0.0126,-0.76,-0.0076,-0.56,-0.005600000000000001,-0.6,-0.006,-0.78,-0.0078000000000000005,0.57,0.005699999999999999,-1.98,-0.019799999999999998,-0.86,-0.0086
2022-09-06,-0.73,-0.0073,0.12,0.0012,-0.29,-0.0029,-0.61,-0.0060999999999999995,-0.76,-0.0076,1.25,0.0125,1.14,0.011399999999999999,-1.13,-0.0113,-0.24,-0.0024,-1.39,-0.0139,-0.59,-0.0059,-0.62,-0.0062,-1.63,-0.0163,0.06,0.0006,-0.44,-0.0044,-0.83,-0.0083,-0.38,-0.0038,-0.55,-0.0055000000000000005,0.34,0.0034000000000000002,0.08,0.0008
2022-09-07,1.87,0.0187,3.22,0.0322,2.29,0.0229,2.79,0.0279,2.29,0.0229,1.02,0.0102,3.15,0.0315,-1.34,-0.0134,2.75,0.0275,1.24,0.0124,2.2,0.022000000000000002,1.44,0.0144,2.8,0.027999999999999997,1.25,0.0125,2.09,0.0209,2.93,0.029300000000000003,1.81,0.0181,2.22,0.0222,3.05,0.0305,2.77,0.0277
2022-09-08,-0.44,-0.0044,0.81,0.008100000000000001,2.01,0.020099999999999996,1.04,0.0104,0.87,0.0087,2.31,0.0231,1.77,0.0177,0.6,0.006,-0.07,-0.0007000000000000001,-0.52,-0.0052,0.55,0.0055000000000000005,0.5,0.005,-0.27,-0.0027,0.51,0.0051,0.17,0.0017000000000000001,0.35,0.0034999999999999996,1.53,0.015300000000000001,2.75,0.0275,0.69,0.0069,1.13,0.0113
2022-09-09,0.65,0.006500000000000001,2.02,0.0202,1.06,0.0106,1.49,0.0149,1.85,0.018500000000000003,4.01,0.0401,3.14,0.031400000000000004,2.46,0.0246,0.6,0.006,2.14,0.021400000000000002,2.49,0.024900000000000002,1.75,0.0175,1.64,0.016399999999999998,2.0,0.02,0.7,0.006999999999999999,1.71,0.0171,1.04,0.0104,2.98,0.0298,2.97,0.0297,0.73,0.0073
2022-09-12,0.3,0.003,1.6,0.016,0.43,0.0043,0.72,0.0072,0.87,0.0087,-1.0,-0.01,1.61,0.0161,1.71,0.0171,1.19,0.011899999999999999,0.85,0.0085,0.92,0.0092,2.05,0.020499999999999997,1.08,0.0108,1.2,0.012,0.19,0.0019,1.29,0.0129,0.89,0.0089,0.42,0.0042,0.65,0.006500000000000001,0.66,0.0066
2022-09-13,-2.92,-0.0292,-5.74,-0.0574,-3.28,-0.032799999999999996,-4.04,-0.0404,-5.2,-0.052000000000000005,-4.06,-0.0406,-3.97,-0.0397,-2.28,-0.022799999999999997,-2.74,-0.0274,-4.23,-0.042300000000000004,-5.15,-0.051500000000000004,-5.47,-0.0547,-3.19,-0.0319,-3.75,-0.0375,-4.2,-0.042,-5.65,-0.0565,-3.65,-0.0365,-3.31,-0.0331,-4.25,-0.0425,-2.65,-0.0265
2022-09-14,0.15,0.0015,0.58,0.0058,0.69,0.0069,-0.63,-0.0063,-0.66,-0.0066,-8.13,-0.08130000000000001,2.84,0.028399999999999998,3.06,0.030600000000000002,1.14,0.011399999999999999,0.64,0.0064,0.07,0.0007000000000000001,0.74,0.0074,-1.85,-0.018500000000000003,-0.11,-0.0011,-1.16,-0.0116,0.35,0.0034999999999999996,-0.27,-0.0027,-1.91,-0.0191,1.03,0.0103,2.08,0.0208
2022-09-15,-1.05,-0.0105,-1.13,-0.0113,0.15,0.0015,-1.71,-0.0171,-0.46,-0.0046,-1.54,-0.0154,0.29,0.0029,-2.74,-0.0274,-2.35,-0.0235,-0.71,-0.0070999999999999995,-2.2,-0.022000000000000002,-1.6,-0.016,-0.41,-0.0040999999999999995,-1.08,-0.0108,-0.62,-0.0062,-1.17,-0.011699999999999999,0.56,0.005600000000000001,-0.48,-0.0048,-1.06,-0.0106,-0.41,-0.0040999999999999995
2022-09-16,0.0,0.0,-1.31,-0.0131,-0.41,-0.0040999999999999995,-1.81,-0.0181,-0.17,-0.0017000000000000001,-1.05,-0.0105,-0.38,-0.0038,-2.21,-0.022099999999999998,-0.68,-0.0068000000000000005,-0.48,-0.0048,-1.24,-0.0124,-0.55,-0.0055000000000000005,-2.68,-0.0268,-4.61,-0.0461,-0.39,-0.0039000000000000003,-0.84,-0.0084,-0.97,-0.0097,-0.53,-0.0053,-2.75,-0.0275,-1.33,-0.013300000000000001
2022-09-19,0.85,0.0085,2.38,0.023799999999999998,-0.92,-0.0092,1.88,0.018799999999999997,2.0,0.02,2.35,0.0235,1.77,0.0177,0.01,0.0001,1.24,0.0124,0.31,0.0031,0.29,0.0029,1.28,0.0128,1.47,0.0147,1.47,0.0147,1.53,0.015300000000000001,0.89,0.0089,0.92,0.0092,2.61,0.026099999999999998,1.48,0.0148,0.73,0.0073
2022-09-20,-0.64,-0.0064,-3.44,-0.0344,-1.17,-0.011699999999999999,-2.0,-0.02,-1.86,-0.018600000000000002,-3.01,-0.0301,-1.32,-0.0132,-0.66,-0.0066,-1.37,-0.0137,-1.39,-0.0139,-1.5,-0.015,-0.17,-0.0017000000000000001,-2.05,-0.020499999999999997,-1.61,-0.0161,-1.25,-0.0125,-1.78,-0.0178,-1.21,-0.0121,-1.94,-0.0194,-3.2,-0.032,-0.81,-0.008100000000000001
2022-09-21,-0.1,-0.001,-2.62,-0.0262,-1.83,-0.0183,-1.97,-0.0197,-0.89,-0.0089,-2.85,-0.0285,-2.42,-0.0242,-1.47,-0.0147,-1.44,-0.0144,-2.7,-0.027000000000000003,-1.52,-0.0152,-1.42,-0.014199999999999999,-1.55,-0.0155,-1.92,-0.0192,-1.18,-0.0118,-1.69,-0.0169,-1.99,-0.0199,-2.77,-0.0277,-1.17,-0.011699999999999999,-2.45,-0.0245
2022-09-22,0.0,0.0,-2.09,-0.0209,0.47,0.004699999999999999,-1.59,-0.0159,-1.76,-0.0176,-1.89,-0.0189,-3.66,-0.0366,-0.62,-0.0062,-0.49,-0.0049,-1.22,-0.012199999999999999,-0.75,-0.0075,-1.53,-0.015300000000000001,-1.68,-0.0168,-2.78,-0.0278,-1.35,-0.013500000000000002,-1.18,-0.0118,-1.45,-0.014499999999999999,-0.06,-0.0006,-3.13,-0.0313,-3.63,-0.0363
2022-09-23,-1.44,-0.0144,-2.23,-0.0223,-0.65,-0.006500000000000001,-1.9,-0.019,-1.66,-0.0166,-3.57,-0.035699999999999996,-4.27,-0.042699999999999995,-6.82,-0.0682,-1.94,-0.0194,-2.01,-0.020099999999999996,-1.37,-0.0137,-1.38,-0.0138,-1.35,-0.013500000000000002,-2.45,-0.0245,-1.67,-0.0167,-2.04,-0.0204,-1.73,-0.0173,-4.19,-0.04190000000000001,-2.02,-0.0202,-1.18,-0.0118
2022-09-26,-0.62,-0.0062,-1.13,-0.0113,-1.04,-0.0104,-1.67,-0.0167,-2.23,-0.0223,-1.71,-0.0171,0.01,0.0001,-2.6,-0.026000000000000002,-2.39,-0.0239,-1.86,-0.018600000000000002,-0.87,-0.0087,-0.65,-0.006500000000000001,-1.07,-0.010700000000000001,-1.55,-0.0155,-0.93,-0.009300000000000001,0.3,0.003,-1.52,-0.0152,-1.35,-0.013500000000000002,-1.06,-0.0106,-0.54,-0.0054
2022-09-27,-1.68,-0.0168,0.65,0.006500000000000001,0.17,0.0017000000000000001,0.47,0.004699999999999999,-0.05,-0.0005,1.76,0.0176,1.93,0.019299999999999998,1.36,0.013600000000000001,-1.49,-0.0149,-0.69,-0.0069,-0.03,-0.0003,0.49,0.0049,-0.77,-0.0077,0.59,0.0059,0.08,0.0008,-0.1,-0.001,-0.54,-0.0054,0.31,0.0031,-0.38,-0.0038,-0.44,-0.0044
2022-09-28,1.5,0.015,2.28,0.022799999999999997,2.75,0.0275,2.51,0.025099999999999997,4.32,0.0432,1.97,0.0197,1.89,0.0189,4.89,0.0489,1.44,0.0144,2.45,0.0245,2.56,0.0256,0.45,0.0045000000000000005,1.86,0.018600000000000002,2.29,0.0229,2.35,0.0235,3.14,0.031400000000000004,1.79,0.0179,3.52,0.0352,2.95,0.029500000000000002,2.2,0.022000000000000002
2022-09-29,-1.35,-0.013500000000000002,-3.27,-0.0327,-1.13,-0.0113,-2.43,-0.024300000000000002,-2.38,-0.023799999999999998,-1.67,-0.0167,-6.42,-0.0642,-0.18,-0.0018,-3.72,-0.037200000000000004,-1.95,-0.0195,-1.99,-0.0199,-3.55,-0.0355,-2.18,-0.0218,-1.77,-0.0177,-2.02,-0.0202,-2.4,-0.024,-1.23,-0.0123,0.07,0.0007000000000000001,-3.13,-0.0313,-1.52,-0.0152
2022-09-30,-1.22,-0.012199999999999999,-8.88,-0.0888,-1.36,-0.013600000000000001,-0.27,-0.0027,-0.59,-0.0059,-0.84,-0.0084,-1.2,-0.012,-0.73,-0.0073,-1.77,-0.0177,-1.89,-0.0189,-1.41,-0.0141,-2.02,-0.0202,-1.02,-0.0102,-1.99,-0.0199,-0.6,-0.006,-1.33,-0.013300000000000001,-0.94,-0.009399999999999999,-0.6,-0.006,0.32,0.0032,-1.62,-0.016200000000000003
2022-10-03,1.93,0.019299999999999998,3.34,0.0334,1.67,0.0167,3.46,0.0346,4.08,0.0408,6.96,0.0696,-6.32,-0.0632,5.77,0.057699999999999994,3.03,0.030299999999999997,3.6,0.036000000000000004,2.87,0.0287,3.27,0.0327,2.27,0.0227,2.27,0.0227,2.77,0.0277,2.44,0.024399999999999998,2.74,0.0274,4.94,0.049400000000000006,3.4,0.034,1.24,0.0124
2022-10-04,1.57,0.015700000000000002,4.3,0.043,2.48,0.0248,3.61,0.0361,4.14,0.0414,4.76,0.047599999999999996,3.95,0.0395,4.33,0.0433,2.39,0.0239,2.59,0.0259,3.68,0.0368,3.29,0.0329,2.72,0.027200000000000002,4.22,0.042199999999999994,3.28,0.032799999999999996,3.15,0.0315,3.66,0.0366,3.1,0.031,4.16,0.0416,3.21,0.0321
2022-10-05,-0.56,-0.005600000000000001,1.92,0.0192,-0.04,-0.0004,-1.27,-0.0127,-0.77,-0.0077,-0.8,-0.008,-2.77,-0.0277,1.95,0.0195,-1.93,-0.019299999999999998,-0.92,-0.0092,0.04,0.0004,0.38,0.0038,-0.53,-0.0053,-1.11,-0.0111,-0.26,-0.0026,-0.23,-0.0023,-0.43,-0.0043,-0.71,-0.0070999999999999995,-0.84,-0.0084,0.52,0.0052
2022-10-06,-1.7,-0.017,-0.93,-0.009300000000000001,-1.14,-0.011399999999999999,-0.8,-0.008,0.17,0.0017000000000000001,-0.81,-0.008100000000000001,-0.94,-0.009399999999999999,1.87,0.0187,-3.06,-0.030600000000000002,-1.51,-0.0151,-0.55,-0.0055000000000000005,-0.7,-0.006999999999999999,-1.94,-0.0194,-0.78,-0.0078000000000000005,-1.09,-0.0109,-0.42,-0.0042,-1.21,-0.0121,-0.54,-0.0054,-1.6,-0.016,-1.45,-0.014499999999999999
2022-10-07,-0.78,-0.0078000000000000005,-3.41,-0.0341,-2.2,-0.022000000000000002,-2.81,-0.0281,-2.6,-0.026000000000000002,-2.1,-0.021,-5.49,-0.054900000000000004,-0.74,-0.0074,-1.99,-0.0199,-2.4,-0.024,-3.86,-0.038599999999999995,-4.07,-0.0407,-2.69,-0.0269,-2.78,-0.0278,-2.19,-0.0219,-3.3,-0.033,-2.24,-0.022400000000000003,-3.01,-0.0301,-4.31,-0.0431,-1.73,-0.0173
2022-10-10,0.95,0.0095,-1.19,-0.011899999999999999,-0.5,-0.005,0.44,0.0044,0.09,0.0009,2.63,0.0263,-0.86,-0.0086,-2.13,-0.0213,-0.06,-0.0006,-0.45,-0.0045000000000000005,-1.79,-0.0179,-1.18,-0.0118,0.7,0.006999999999999999,-0.33,-0.0033,0.52,0.0052,-0.29,-0.0029,-0.5,-0.005,-0.1,-0.001,-0.09,-0.0009,0.12,0.0012
2022-10-11,0.43,0.0043,1.58,0.0158,0.97,0.0097,-1.11,-0.0111,0.28,0.0028000000000000004,0.13,0.0013,-1.94,-0.0194,-0.88,-0.0088,0.12,0.0012,-1.47,-0.0147,-1.58,-0.0158,-1.28,-0.0128,0.29,0.0029,-1.38,-0.0138,0.45,0.0045000000000000005,0.15,0.0015,-1.02,-0.0102,-0.66,-0.0066,-0.3,-0.003,-0.69,-0.0069
2022-10-12,0.5,0.005,0.35,0.0034999999999999996,-0.32,-0.0032,-1.29,-0.0129,-1.71,-0.0171,0.01,0.0001,0.23,0.0023,0.94,0.009399999999999999,-2.97,-0.0297,-0.87,-0.0087,0.07,0.0007000000000000001,-0.69,-0.0069,-0.02,-0.0002,0.96,0.0096,-1.24,-0.0124,-0.27,-0.0027,-0.16,-0.0016,-0.22,-0.0022,-1.38,-0.0138,1.26,0.0126
2022-10-13,1.73,0.0173,0.91,0.0091,2.21,0.022099999999999998,3.0,0.03,1.08,0.0108,2.96,0.0296,1.94,0.0194,4.0,0.04,2.69,0.0269,3.12,0.031200000000000002,1.96,0.0196,2.9,0.028999999999999998,2.71,0.0271,1.46,0.0146,2.12,0.0212,0.43,0.0043,3.57,0.035699999999999996,1.14,0.011399999999999999,1.71,0.0171,2.75,0.0275
2022-10-14,-2.21,-0.022099999999999998,-1.9,-0.019,-1.22,-0.012199999999999999,-3.07,-0.030699999999999998,-3.42,-0.0342,-4.44,-0.0444,-6.27,-0.06269999999999999,-3.79,-0.0379,-1.73,-0.0173,-1.09,-0.0109,-2.58,-0.0258,-3.21,-0.0321,-0.96,-0.0096,-1.09,-0.0109,-2.36,-0.0236,-3.54,-0.0354,-1.51,-0.0151,-4.34,-0.0434,-4.19,-0.04190000000000001,-2.01,-0.020099999999999996
2022-10-17,1.19,0.011899999999999999,2.68,0.0268,1.93,0.019299999999999998,2.61,0.026099999999999998,2.71,0.0271,2.96,0.0296,5.81,0.0581,1.35,0.013500000000000002,2.13,0.0213,2.18,0.0218,4.01,0.0401,2.87,0.0287,1.61,0.0161,2.56,0.0256,2.48,0.0248,3.57,0.035699999999999996,2.3,0.023,2.98,0.0298,3.47,0.0347,2.7,0.027000000000000003
2022-10-18,1.32,0.0132,0.2,0.002,0.41,0.0040999999999999995,2.33,0.0233,2.58,0.0258,1.87,0.0187,0.79,0.0079,0.7,0.006999999999999999,1.7,0.017,0.91,0.0091,1.04,0.0104,1.05,0.0105,1.6,0.016,1.68,0.0168,1.77,0.0177,1.85,0.018500000000000003,1.29,0.0129,0.7,0.006999999999999999,2.04,0.0204,1.02,0.0102
2022-10-19,-0.63,-0.0063,-1.54,-0.0154,-1.9,-0.019,-1.29,-0.0129,-3.33,-0.0333,-2.03,-0.0203,0.35,0.0034999999999999996,2.9,0.028999999999999998,-0.98,-0.0098,-0.76,-0.0076,-1.17,-0.011699999999999999,-0.33,-0.0033,-1.45,-0.014499999999999999,-1.01,-0.0101,-1.29,-0.0129,-1.49,-0.0149,-1.34,-0.0134,-1.78,-0.0178,-4.46,-0.0446,-0.53,-0.0053
2022-10-20,-1.44,-0.0144,-2.01,-0.020099999999999996,-0.59,-0.0059,-1.36,-0.013600000000000001,-2.26,-0.0226,2.34,0.023399999999999997,-5.44,-0.054400000000000004,0.23,0.0023,-2.48,-0.0248,1.14,0.011399999999999999,0.14,0.0014000000000000002,-0.52,-0.0052,-1.39,-0.0139,-2.8,-0.027999999999999997,-1.16,-0.0116,-0.64,-0.0064,-1.19,-0.011899999999999999,0.44,0.0044,-2.6,-0.026000000000000002,-0.65,-0.006500000000000001
2022-10-21,1.2,0.012,2.16,0.0216,2.14,0.021400000000000002,3.26,0.0326,2.93,0.029300000000000003,6.74,0.0674,3.46,0.0346,2.37,0.023700000000000002,1.65,0.0165,0.56,0.005600000000000001,1.52,0.0152,2.88,0.0288,2.62,0.0262,2.05,0.020499999999999997,2.83,0.028300000000000002,2.81,0.0281,2.46,0.0246,5.42,0.0542,2.61,0.026099999999999998,2.1,0.021
2022-10-24,1.84,0.0184,-0.45,-0.0045000000000000005,1.6,0.016,0.1,0.001,1.53,0.015300000000000001,-0.24,-0.0024,-0.69,-0.0069,0.27,0.0027,0.56,0.005600000000000001,1.23,0.0123,1.13,0.0113,1.17,0.011699999999999999,1.15,0.0115,1.19,0.011899999999999999,1.69,0.0169,1.55,0.0155,1.19,0.011899999999999999,-2.16,-0.0216,0.8,0.008,-1.54,-0.0154
2022-10-25,1.67,0.0167,4.6,0.046,0.96,0.0096,2.59,0.0259,3.72,0.037200000000000004,0.93,0.009300000000000001,4.71,0.0471,-0.02,-0.0002,2.07,0.0207,1.71,0.0171,2.52,0.0252,2.09,0.0209,0.41,0.0040999999999999995,1.44,0.0144,1.51,0.0151,1.5,0.015,1.4,0.013999999999999999,2.86,0.0286,4.22,0.042199999999999994,1.29,0.0129
2022-10-26,0.71,0.0070999999999999995,-0.16,-0.0016,1.38,0.0138,-0.03,-0.0003,-0.96,-0.0096,1.01,0.0101,0.94,0.009399999999999999,1.46,0.0146,0.03,0.0003,0.1,0.001,-4.35,-0.0435,-1.14,-0.011399999999999999,0.58,0.0058,0.52,0.0052,0.67,0.0067,-1.49,-0.0149,0.85,0.0085,2.56,0.0256,0.11,0.0011,-0.22,-0.0022
2022-10-27,0.53,0.0053,-1.33,-0.013300000000000001,-0.66,-0.0066,-0.03,-0.0003,0.63,0.0063,-1.5,-0.015,0.45,0.0045000000000000005,0.21,0.0021,0.66,0.0066,-0.1,-0.001,-1.82,-0.0182,-1.54,-0.0154,0.39,0.0039000000000000003,-0.52,-0.0052,0.6,0.006,-1.26,-0.0126,0.45,0.0045000000000000005,-1.22,-0.012199999999999999,-0.67,-0.0067,1.16,0.0116
2022-10-28,1.98,0.019799999999999998,2.44,0.024399999999999998,1.85,0.018500000000000003,1.08,0.0108,1.66,0.0166,-1.53,-0.015300000000000001,1.61,0.0161,0.71,0.0070999999999999995,2.52,0.0252,3.16,0.0316,2.85,0.0285,4.97,0.049699999999999994,2.34,0.023399999999999997,1.27,0.0127,2.64,0.0264,-1.35,-0.013500000000000002,2.35,0.0235,-0.54,-0.0054,1.37,0.0137,2.58,0.0258
2022-10-31,-0.6,-0.006,-0.73,-0.0073,-0.36,-0.0036,-0.39,-0.0039000000000000003,-0.53,-0.0053,-0.78,-0.0078000000000000005,-0.07,-0.0007000000000000001,0.57,0.005699999999999999,-0.51,-0.0051,-0.34,-0.0034000000000000002,-1.31,-0.0131,-1.18,-0.0118,-0.54,-0.0054,-0.33,-0.0033,-0.6,-0.006,-0.8,-0.008,-0.31,-0.0031,-0.99,-0.009899999999999999,-0.32,-0.0032,-0.81,-0.008100000000000001
2022-11-01,-0.22,-0.0022,1.12,0.011200000000000002,0.22,0.0022,0.48,0.0048,-0.02,-0.0002,2.51,0.025099999999999997,-0.01,-0.0001,1.09,0.0109,0.31,0.0031,0.13,0.0013,-1.52,-0.0152,-0.61,-0.0060999999999999995,-0.51,-0.0051,0.73,0.0073,-0.18,-0.0018,-2.07,-0.0207,0.41,0.0040999999999999995,2.2,0.022000000000000002,-0.35,-0.0034999999999999996,0.1,0.001
2022-11-02,-0.98,-0.0098,-3.88,-0.0388,-1.63,-0.0163,-2.72,-0.027200000000000002,-3.46,-0.0346,-5.92,-0.0592,-4.91,-0.049100000000000005,-2.3,-0.023,-1.06,-0.0106,-1.81,-0.0181,-3.95,-0.0395,-3.34,-0.0334,-2.27,-0.0227,-3.07,-0.030699999999999998,-1.82,-0.0182,-3.32,-0.0332,-1.55,-0.0155,-4.48,-0.044800000000000006,-5.8,-0.057999999999999996,-2.76,-0.0276
2022-11-03,-0.57,-0.005699999999999999,0.68,0.0068000000000000005,-0.56,-0.005600000000000001,1.0,0.01,-0.43,-0.0043,-0.08,-0.0008,0.3,0.003,2.02,0.0202,0.36,0.0036,-1.91,-0.0191,-2.65,-0.0265,-2.32,-0.0232,1.01,0.0101,0.45,0.0045000000000000005,0.21,0.0021,-1.19,-0.011899999999999999,-1.04,-0.0104,0.63,0.0063,1.09,0.0109,-0.13,-0.0013
2022-11-04,0.94,0.009399999999999999,4.65,0.04650000000000001,0.55,0.0055000000000000005,2.92,0.0292,2.45,0.0245,5.32,0.053200000000000004,-2.1,-0.021,0.94,0.009399999999999999,0.75,0.0075,-0.01,-0.0001,1.06,0.0106,1.6,0.016,2.01,0.020099999999999996,1.75,0.0175,1.32,0.0132,0.8,0.008,1.58,0.0158,7.76,0.0776,1.32,0.0132,2.51,0.025099999999999997
2022-11-07,0.76,0.0076,-1.68,-0.0168,0.95,0.0095,0.7,0.006999999999999999,0.76,0.0076,0.89,0.0089,-3.39,-0.0339,1.78,0.0178,-1.36,-0.013600000000000001,0.72,0.0072,1.99,0.0199,0.74,0.0074,0.45,0.0045000000000000005,0.69,0.0069,0.66,0.0066,0.72,0.0072,0.96,0.0096,-0.37,-0.0037,0.51,0.0051,-0.37,-0.0037
2022-11-08,0.25,0.0025,0.38,0.0038,0.5,0.005,2.05,0.020499999999999997,-0.07,-0.0007000000000000001,1.19,0.011899999999999999,-1.99,-0.0199,-0.03,-0.0003,0.82,0.008199999999999999,0.58,0.0058,0.68,0.0068000000000000005,0.83,0.0083,0.09,0.0009,0.8,0.008,0.13,0.0013,-0.01,-0.0001,0.5,0.005,2.74,0.0274,1.59,0.0159,1.16,0.0116
2022-11-09,-1.49,-0.0149,-2.63,-0.0263,-1.09,-0.0109,-2.23,-0.0223,-1.46,-0.0146,-3.56,-0.0356,-5.94,-0.0594,-5.18,-0.0518,-1.31,-0.0131,-3.37,-0.0337,-1.82,-0.0182,-2.86,-0.0286,-1.53,-0.015300000000000001,-1.63,-0.0163,-1.33,-0.013300000000000001,-2.77,-0.0277,-1.98,-0.019799999999999998,-2.64,-0.0264,-2.0,-0.02,-0.75,-0.0075
2022-11-10,1.99,0.0199,8.42,0.0842,2.95,0.029500000000000002,6.08,0.0608,8.08,0.0808,5.88,0.0588,7.09,0.0709,2.4,0.024,4.48,0.044800000000000006,3.49,0.0349,8.15,0.0815,8.38,0.08380000000000001,4.54,0.0454,5.97,0.059699999999999996,3.28,0.032799999999999996,7.78,0.07780000000000001,4.6,0.046,7.03,0.0703,8.41,0.08410000000000001,3.24,0.032400000000000005
2022-11-11,-0.88,-0.0088,5.53,0.0553,-0.67,-0.0067,1.44,0.0144,0.59,0.0059,1.63,0.0163,2.8,0.027999999999999997,2.94,0.0294,-0.72,-0.0072,1.84,0.0184,2.18,0.0218,1.68,0.0168,2.01,0.020099999999999996,2.54,0.0254,-0.69,-0.0069,2.02,0.0202,-0.35,-0.0034999999999999996,2.81,0.0281,1.15,0.0115,0.91,0.0091
2022-11-14,-0.69,-0.0069,-1.9,-0.019,0.28,0.0028000000000000004,-0.51,-0.0051,-2.27,-0.0227,1.96,0.0196,-2.23,-0.0223,-0.29,-0.0029,-1.19,-0.011899999999999999,-0.44,-0.0044,-1.27,-0.0127,-0.84,-0.0084,-0.76,-0.0076,-0.54,-0.0054,-0.09,-0.0009,-1.85,-0.018500000000000003,-1.43,-0.0143,-0.77,-0.0077,-1.48,-0.0148,-0.61,-0.0060999999999999995
2022-11-15,0.44,0.0044,2.47,0.024700000000000003,0.3,0.003,-0.37,-0.0037,2.0,0.02,0.76,0.0076,1.55,0.0155,1.28,0.0128,1.13,0.0113,0.15,0.0015,1.71,0.0171,1.59,0.0159,0.45,0.0045000000000000005,0.84,0.0084,0.2,0.002,2.19,0.0219,0.09,0.0009,0.09,0.0009,2.14,0.021400000000000002,0.01,0.0001
2022-11-16,0.55,0.0055000000000000005,-1.67,-0.0167,-0.46,-0.0046,-1.42,-0.014199999999999999,-0.78,-0.0078000000000000005,-1.3,-0.013000000000000001,-3.52,-0.0352,-2.07,-0.0207,0.5,0.005,-0.73,-0.0073,-1.1,-0.011000000000000001,-1.86,-0.018600000000000002,-0.8,-0.008,-1.71,-0.0171,0.13,0.0013,-0.97,-0.0097,-0.49,-0.0049,-1.28,-0.0128,-2.16,-0.0216,0.29,0.0029
2022-11-17,-0.06,-0.0006,0.23,0.0023,-0.06,-0.0006,-0.93,-0.009300000000000001,-1.07,-0.010700000000000001,-0.15,-0.0015,-1.49,-0.0149,0.31,0.0031,-1.58,-0.0158,-0.03,-0.0003,-1.13,-0.0113,0.65,0.006500000000000001,-0.15,-0.0015,-1.35,-0.013500000000000002,0.12,0.0012,-1.04,-0.0104,-0.39,-0.0039000000000000003,-1.86,-0.018600000000000002,-1.32,-0.0132,-0.54,-0.0054
2022-11-18,0.79,0.0079,0.4,0.004,0.88,0.0088,0.54,0.0054,0.79,0.0079,-0.41,-0.0040999999999999995,-0.95,-0.0095,-1.03,-0.0103,1.92,0.0192,0.22,0.0022,-0.22,-0.0022,0.41,0.0040999999999999995,0.73,0.0073,0.7,0.006999999999999999,0.84,0.0084,0.35,0.0034999999999999996,0.93,0.009300000000000001,0.39,0.0039000000000000003,1.7,0.017,0.27,0.0027
2022-11-21,1.37,0.0137,-1.45,-0.014499999999999999,0.1,0.001,0.08,0.0008,-0.45,-0.0045000000000000005,2.55,0.0255,-5.0,-0.05,-1.4,-0.013999999999999999,0.3,0.003,0.79,0.0079,-0.91,-0.0091,-1.34,-0.0134,0.76,0.0076,0.04,0.0004,0.07,0.0007000000000000001,-0.35,-0.0034999999999999996,-0.24,-0.0024,-0.63,-0.0063,-0.45,-0.0045000000000000005,-0.2,-0.002
2022-11-22,0.66,0.0066,2.43,0.024300000000000002,0.88,0.0088,2.49,0.024900000000000002,1.16,0.0116,2.85,0.0285,1.24,0.0124,3.27,0.0327,1.2,0.012,1.2,0.012,1.38,0.0138,1.96,0.0196,1.0,0.01,0.65,0.006500000000000001,1.49,0.0149,1.24,0.0124,1.1,0.011000000000000001,3.43,0.034300000000000004,1.61,0.0161,0.4,0.004
2022-11-23,0.37,0.0037,0.77,0.0077,0.24,0.0024,0.47,0.004699999999999999,0.39,0.0039000000000000003,-0.91,-0.0091,5.25,0.0525,-1.08,-0.0108,0.82,0.008199999999999999,0.74,0.0074,1.19,0.011899999999999999,0.75,0.0075,0.02,0.0002,0.58,0.0058,0.23,0.0023,0.36,0.0036,0.46,0.0046,0.22,0.0022,0.36,0.0036,0.18,0.0018
2022-11-25,0.23,0.0023,-0.12,-0.0012,0.43,0.0043,-0.05,-0.0005,0.3,0.003,-0.32,-0.0032,-0.07,-0.0007000000000000001,-0.26,-0.0026,0.56,0.005600000000000001,0.31,0.0031,-0.28,-0.0028000000000000004,-1.0,-0.01,0.42,0.0042,0.23,0.0023,0.22,0.0022,0.07,0.0007000000000000001,0.66,0.0066,-0.95,-0.0095,-0.04,-0.0004,0.29,0.0029
2022-11-28,-0.61,-0.0060999999999999995,-1.03,-0.0103,-0.58,-0.0058,-2.41,-0.0241,-2.13,-0.0213,-1.95,-0.0195,-0.7,-0.006999999999999999,-2.9,-0.028999999999999998,-1.15,-0.0115,-1.69,-0.0169,-1.73,-0.0173,-2.34,-0.023399999999999997,-2.41,-0.0241,-1.79,-0.0179,-1.34,-0.0134,-0.39,-0.0039000000000000003,-1.71,-0.0171,-2.67,-0.026699999999999998,-2.81,-0.0281,-0.87,-0.0087
2022-11-29,-0.33,-0.0033,1.15,0.0115,-0.16,-0.0016,0.61,0.0060999999999999995,0.58,0.0058,0.48,0.0048,-0.68,-0.0068000000000000005,1.22,0.012199999999999999,-0.36,-0.0036,0.0,0.0,-0.68,-0.0068000000000000005,-1.1,-0.011000000000000001,0.59,0.0059,1.8,0.018000000000000002,-0.23,-0.0023,-0.71,-0.0070999999999999995,0.41,0.0040999999999999995,2.16,0.0216,-0.11,-0.0011,0.26,0.0026
2022-11-30,2.08,0.0208,3.15,0.0315,2.24,0.022400000000000003,2.2,0.022000000000000002,2.2,0.022000000000000002,2.43,0.024300000000000002,6.1,0.061,0.59,0.0059,2.36,0.0236,2.23,0.0223,4.99,0.0499,4.81,0.0481,1.32,0.0132,2.52,0.0252,1.85,0.018500000000000003,2.45,0.0245,2.39,0.0239,4.1,0.040999999999999995,2.85,0.0285,2.61,0.026099999999999998
2022-12-01,-0.4,-0.004,0.84,0.0084,0.57,0.005699999999999999,-0.18,-0.0018,0.83,0.0083,0.03,0.0003,0.04,0.0004,-0.75,-0.0075,-0.14,-0.0014000000000000002,-0.39,-0.0039000000000000003,0.68,0.0068000000000000005,0.09,0.0009,0.19,0.0019,-0.56,-0.005600000000000001,0.33,0.0033,-0.88,-0.0088,-0.73,-0.0073,0.39,0.0039000000000000003,-0.39,-0.0039000000000000003,0.15,0.0015
2022-12-02,0.8,0.008,1.11,0.0111,0.56,0.005600000000000001,1.61,0.0161,-0.2,-0.002,2.82,0.0282,-0.04,-0.0004,-0.74,-0.0074,-0.41,-0.0040999999999999995,-0.12,-0.0012,-0.45,-0.0045000000000000005,-0.45,-0.0045000000000000005,0.52,0.0052,-0.14,-0.0014000000000000002,0.24,0.0024,-0.45,-0.0045000000000000005,-0.28,-0.0028000000000000004,1.01,0.0101,0.09,0.0009,0.08,0.0008
2022-12-05,-1.45,-0.014499999999999999,-2.82,-0.0282,-1.32,-0.0132,-1.84,-0.0184,-1.94,-0.0194,-3.15,-0.0315,-5.39,-0.053899999999999997,-3.16,-0.0316,-0.91,-0.0091,-2.18,-0.0218,-2.45,-0.0245,-1.19,-0.011899999999999999,-1.62,-0.016200000000000003,-2.46,-0.0246,-1.74,-0.0174,-2.46,-0.0246,-2.3,-0.023,-2.99,-0.029900000000000003,-2.43,-0.024300000000000002,-1.29,-0.0129
2022-12-06,-0.45,-0.0045000000000000005,-1.46,-0.0146,-1.21,-0.0121,-1.24,-0.0124,-1.13,-0.0113,1.5,0.015,-1.47,-0.0147,-2.74,-0.0274,0.24,0.0024,-1.38,-0.0138,-2.04,-0.0204,-2.26,-0.0226,-0.09,-0.0009,-1.23,-0.0123,-1.0,-0.01,-1.71,-0.0171,-0.91,-0.0091,-0.77,-0.0077,-1.97,-0.0197,-1.17,-0.011699999999999999
2022-12-07,0.83,0.0083,0.22,0.0022,0.82,0.008199999999999999,-0.25,-0.0025,1.22,0.012199999999999999,-1.57,-0.015700000000000002,-2.43,-0.024300000000000002,-0.2,-0.002,-0.42,-0.0042,0.09,0.0009,-0.59,-0.0059,-0.53,-0.0053,-0.13,-0.0013,-1.31,-0.0131,0.21,0.0021,0.23,0.0023,-0.3,-0.003,0.33,0.0033,-0.51,-0.0051,-0.84,-0.0084
2022-12-08,0.27,0.0027,1.8,0.018000000000000002,0.95,0.0095,0.33,0.0033,0.53,0.0053,0.77,0.0077,-0.15,-0.0015,-0.64,-0.0064,0.36,0.0036,-0.53,-0.0053,0.9,0.009000000000000001,1.81,0.0181,-0.17,-0.0017000000000000001,1.01,0.0101,0.66,0.0066,0.94,0.009399999999999999,0.33,0.0033,1.9,0.019,0.96,0.0096,1.76,0.0176
2022-12-09,-1.07,-0.010700000000000001,-3.59,-0.0359,-1.46,-0.0146,-0.81,-0.008100000000000001,-0.88,-0.0088,-2.55,-0.0255,1.84,0.0184,-2.18,-0.0218,-0.45,-0.0045000000000000005,0.39,0.0039000000000000003,-0.65,-0.006500000000000001,-0.72,-0.0072,-0.54,-0.0054,-0.16,-0.0016,-1.46,-0.0146,-1.34,-0.0134,-0.51,-0.0051,-1.6,-0.016,-0.02,-0.0002,-0.79,-0.0079
2022-12-12,0.88,0.0088,1.8,0.018000000000000002,1.01,0.0101,1.02,0.0102,1.33,0.013300000000000001,1.15,0.0115,-4.06,-0.0406,2.53,0.0253,2.21,0.022099999999999998,1.45,0.014499999999999999,1.82,0.0182,1.78,0.0178,0.98,0.0098,2.76,0.0276,1.22,0.012199999999999999,1.28,0.0128,1.43,0.0143,0.43,0.0043,2.05,0.020499999999999997,1.34,0.0134
2022-12-13,-0.24,-0.0024,0.49,0.0049,0.81,0.008100000000000001,1.24,0.0124,1.45,0.014499999999999999,0.75,0.0075,-2.77,-0.0277,1.68,0.0168,0.49,0.0049,-0.14,-0.0014000000000000002,1.77,0.0177,1.07,0.010700000000000001,0.59,0.0059,-0.06,-0.0006,-0.54,-0.0054,0.83,0.0083,-0.3,-0.003,1.29,0.0129,2.28,0.022799999999999997,-0.52,-0.0052
2022-12-14,-0.03,-0.0003,-0.41,-0.0040999999999999995,0.41,0.0040999999999999995,-1.86,-0.018600000000000002,-0.61,-0.0060999999999999995,-1.23,-0.0123,-1.87,-0.0187,-0.63,-0.0063,-0.15,-0.0015,-2.05,-0.020499999999999997,-0.2,-0.002,-1.24,-0.0124,-0.27,-0.0027,0.14,0.0014000000000000002,-0.43,-0.0043,-0.45,-0.0045000000000000005,-0.93,-0.009300000000000001,-0.1,-0.001,-0.8,-0.008,-0.14,-0.0014000000000000002
2022-12-15,-1.42,-0.014199999999999999,-2.68,-0.0268,-1.94,-0.0194,-2.52,-0.0252,-0.75,-0.0075,-6.37,-0.0637,-0.45,-0.0045000000000000005,-0.41,-0.0040999999999999995,-1.29,-0.0129,-2.42,-0.0242,-3.62,-0.0362,-3.82,-0.0382,-2.55,-0.0255,-2.64,-0.0264,-2.21,-0.022099999999999998,-2.41,-0.0241,-2.11,-0.021099999999999997,-3.11,-0.0311,-3.82,-0.0382,-1.8,-0.018000000000000002
2022-12-16,-0.32,-0.0032,-1.88,-0.018799999999999997,-1.19,-0.011899999999999999,-0.34,-0.0034000000000000002,-1.29,-0.0129,0.23,0.0023,-4.19,-0.04190000000000001,-1.31,-0.0131,-1.64,-0.016399999999999998,-0.41,-0.0040999999999999995,-0.84,-0.0084,-1.35,-0.013500000000000002,-0.87,-0.0087,-0.93,-0.009300000000000001,-0.18,-0.0018,-0.97,-0.0097,-0.73,-0.0073,0.13,0.0013,-2.05,-0.020499999999999997,-1.43,-0.0143
2022-12-19,-0.19,-0.0019,-2.04,-0.0204,-0.62,-0.0062,-1.24,-0.0124,-1.5,-0.015,-1.41,-0.0141,-0.73,-0.0073,-0.02,-0.0002,-0.51,-0.0051,-2.0,-0.02,-1.69,-0.0169,-1.36,-0.013600000000000001,-0.41,-0.0040999999999999995,-1.34,-0.0134,-0.43,-0.0043,-1.63,-0.0163,-0.35,-0.0034999999999999996,-1.69,-0.0169,-1.71,-0.0171,-1.08,-0.0108
2022-12-20,-0.19,-0.0019,-0.77,-0.0077,0.29,0.0029,0.29,0.0029,-0.15,-0.0015,1.96,0.0196,-5.55,-0.0555,1.45,0.014499999999999999,0.12,0.0012,0.47,0.004699999999999999,0.59,0.0059,-0.23,-0.0023,-0.23,-0.0023,-1.04,-0.0104,0.18,0.0018,-0.1,-0.001,0.24,0.0024,1.84,0.0184,0.18,0.0018,0.24,0.0024
2022-12-21,1.32,0.0132,7.94,0.0794,1.28,0.0128,1.27,0.0127,1.81,0.0181,2.66,0.026600000000000002,0.51,0.0051,1.92,0.0192,1.48,0.0148,1.19,0.011899999999999999,1.19,0.011899999999999999,2.16,0.0216,1.54,0.0154,1.56,0.015600000000000001,1.03,0.0103,1.33,0.013300000000000001,1.55,0.0155,0.9,0.009000000000000001,1.63,0.0163,0.05,0.0005
2022-12-22,-0.48,-0.0048,0.43,0.0043,-0.16,-0.0016,-1.37,-0.0137,-0.8,-0.008,-0.61,-0.0060999999999999995,-7.07,-0.0707,-2.45,-0.0245,-0.74,-0.0074,-0.1,-0.001,-2.08,-0.0208,-2.5,-0.025,-0.77,-0.0077,-0.89,-0.0089,-0.93,-0.009300000000000001,-1.76,-0.0176,-0.79,-0.0079,-1.63,-0.0163,-2.18,-0.0218,-0.92,-0.0092
2022-12-23,0.62,0.0062,-0.12,-0.0012,-0.32,-0.0032,0.9,0.009000000000000001,0.21,0.0021,-0.16,-0.0016,-0.94,-0.009399999999999999,3.35,0.0335,1.25,0.0125,0.81,0.008100000000000001,0.47,0.004699999999999999,-0.08,-0.0008,0.19,0.0019,0.87,0.0087,0.57,0.005699999999999999,1.17,0.011699999999999999,0.58,0.0058,0.81,0.008100000000000001,0.13,0.0013,0.53,0.0053
2022-12-27,0.53,0.0053,1.34,0.0134,-0.74,-0.0074,-0.6,-0.006,0.06,0.0006,0.73,0.0073,-7.62,-0.0762,1.11,0.0111,0.64,0.0064,0.14,0.0014000000000000002,-0.92,-0.0092,-1.22,-0.012199999999999999,0.5,0.005,-0.09,-0.0009,-0.16,-0.0016,-0.83,-0.0083,0.02,0.0002,1.4,0.013999999999999999,-0.55,-0.0055000000000000005,-0.13,-0.0013
2022-12-28,-1.2,-0.012,-2.3,-0.023,-0.56,-0.005600000000000001,-1.45,-0.014499999999999999,-2.07,-0.0207,-2.75,-0.0275,1.27,0.0127,-2.5,-0.025,-1.14,-0.011399999999999999,-1.47,-0.0147,-1.16,-0.0116,-1.94,-0.0194,-1.67,-0.0167,-1.76,-0.0176,-1.5,-0.015,-1.28,-0.0128,-0.63,-0.0063,-2.15,-0.0215,-0.81,-0.008100000000000001,-1.0,-0.01
2022-12-29,0.39,0.0039000000000000003,2.39,0.0239,1.35,0.013500000000000002,1.26,0.0126,2.18,0.0218,1.06,0.0106,6.12,0.061200000000000004,1.1,0.011000000000000001,0.85,0.0085,1.76,0.0176,2.89,0.028900000000000002,2.7,0.027000000000000003,1.43,0.0143,1.64,0.016399999999999998,1.01,0.0101,1.67,0.0167,1.31,0.0131,1.08,0.0108,2.61,0.026099999999999998,1.1,0.011000000000000001
2022-12-30,-0.39,-0.0039000000000000003,0.11,0.0011,-0.17,-0.0017000000000000001,-0.55,-0.0055000000000000005,-0.61,-0.0060999999999999995,-1.29,-0.0129,0.64,0.0064,0.77,0.0077,-0.95,-0.0095,0.01,0.0001,-0.32,-0.0032,0.01,0.0001,-0.67,-0.0067,-0.67,-0.0067,-0.57,-0.005699999999999999,-0.37,-0.0037,-0.2,-0.002,-0.99,-0.009899999999999999,-0.23,-0.0023,-0.67,-0.0067
2023-01-03,-0.72,-0.0072,1.04,0.0104,-0.09,-0.0009,-0.14,-0.0014000000000000002,0.65,0.006500000000000001,-0.69,-0.0069,-7.67,-0.0767,-4.02,-0.04019999999999999,-0.18,-0.0018,1.29,0.0129,0.36,0.0036,-1.81,-0.0181,1.17,0.011699999999999999,0.36,0.0036,-0.1,-0.001,0.75,0.0075,-0.2,-0.002,1.38,0.0138,0.09,0.0009,0.18,0.0018
2023-01-04,0.19,0.0019,2.14,0.021400000000000002,0.8,0.008,1.92,0.0192,1.62,0.016200000000000003,3.06,0.030600000000000002,3.8,0.038,0.07,0.0007000000000000001,1.05,0.0105,2.58,0.0258,-0.64,-0.0064,1.39,0.0139,1.43,0.0143,2.0,0.02,0.68,0.0068000000000000005,0.45,0.0045000000000000005,0.96,0.0096,2.89,0.028900000000000002,0.26,0.0026,1.78,0.0178
2023-01-05,-0.56,-0.005600000000000001,-0.06,-0.0006,-0.58,-0.0058,-1.83,-0.0183,-0.72,-0.0072,0.49,0.0049,-1.68,-0.0168,1.91,0.0191,-1.96,-0.0196,1.24,0.0124,-2.46,-0.0246,-1.48,-0.0148,-0.95,-0.0095,-0.98,-0.0098,-1.16,-0.0116,-1.1,-0.011000000000000001,-1.14,-0.011399999999999999,0.45,0.0045000000000000005,-1.76,-0.0176,-0.62,-0.0062
2023-01-06,2.22,0.0222,2.53,0.0253,1.48,0.0148,3.18,0.0318,2.55,0.0255,4.17,0.0417,2.43,0.024300000000000002,1.5,0.015,2.08,0.0208,2.19,0.0219,1.56,0.015600000000000001,2.99,0.029900000000000003,2.28,0.022799999999999997,3.37,0.0337,2.8,0.027999999999999997,2.81,0.0281,2.23,0.0223,4.34,0.0434,2.96,0.0296,2.33,0.0233
2023-01-09,-1.01,-0.0101,-0.9,-0.009000000000000001,-2.26,-0.0226,0.75,0.0075,0.08,0.0008,-0.45,-0.0045000000000000005,3.72,0.037200000000000004,-0.5,-0.005,0.62,0.0062,-0.19,-0.0019,1.2,0.012,0.82,0.008199999999999999,0.07,0.0007000000000000001,1.12,0.011200000000000002,-0.02,-0.0002,-0.08,-0.0008,-0.14,-0.0014000000000000002,0.53,0.0053,1.76,0.0176,-0.27,-0.0027
2023-01-10,-0.19,-0.0019,1.21,0.0121,0.92,0.0092,0.38,0.0038,0.93,0.009300000000000001,5.27,0.0527,0.17,0.0017000000000000001,0.84,0.0084,0.07,0.0007000000000000001,1.35,0.013500000000000002,0.76,0.0076,1.02,0.0102,0.5,0.005,0.4,0.004,0.93,0.009300000000000001,1.42,0.014199999999999999,0.59,0.0059,2.53,0.0253,2.09,0.0209,0.77,0.0077
2023-01-11,0.24,0.0024,1.52,0.0152,0.05,0.0005,1.77,0.0177,1.83,0.0183,1.89,0.0189,2.95,0.029500000000000002,0.39,0.0039000000000000003,0.8,0.008,-0.05,-0.0005,2.25,0.0225,1.55,0.0155,0.44,0.0044,1.2,0.012,0.9,0.009000000000000001,2.73,0.0273,0.99,0.009899999999999999,1.45,0.014499999999999999,2.71,0.0271,1.31,0.0131
2023-01-12,-0.83,-0.0083,0.54,0.0054,0.12,0.0012,0.64,0.0064,1.04,0.0104,1.69,0.0169,0.69,0.0069,1.98,0.019799999999999998,-0.27,-0.0027,1.59,0.0159,0.79,0.0079,0.33,0.0033,0.68,0.0068000000000000005,1.01,0.0101,0.08,0.0008,-0.13,-0.0013,0.51,0.0051,0.97,0.0097,0.97,0.0097,0.13,0.0013
2023-01-13,0.46,0.0046,0.74,0.0074,0.72,0.0072,0.35,0.0034999999999999996,0.62,0.0062,1.04,0.0104,-1.49,-0.0149,0.25,0.0025,-0.49,-0.0049,0.16,0.0016,0.49,0.0049,0.57,0.005699999999999999,0.27,0.0027,0.0,0.0,0.49,0.0049,1.23,0.0123,0.49,0.0049,1.12,0.011200000000000002,1.05,0.0105,1.03,0.0103
2023-01-17,0.16,0.0016,0.02,0.0002,-0.58,-0.0058,-0.71,-0.0070999999999999995,-0.6,-0.006,-1.14,-0.011399999999999999,4.45,0.044500000000000005,0.07,0.0007000000000000001,-0.14,-0.0014000000000000002,-0.75,-0.0075,0.12,0.0012,0.49,0.0049,-1.13,-0.0113,-0.08,-0.0008,-0.24,-0.0024,-1.02,-0.0102,-0.52,-0.0052,-1.96,-0.0196,-0.87,-0.0087,0.44,0.0044
2023-01-18,-3.36,-0.0336,-1.23,-0.0123,-1.28,-0.0128,-1.18,-0.0118,-1.04,-0.0104,-1.71,-0.0171,-1.86,-0.018600000000000002,-1.65,-0.0165,-2.42,-0.0242,-1.55,-0.0155,-1.4,-0.013999999999999999,-0.93,-0.009300000000000001,-2.14,-0.021400000000000002,-1.05,-0.0105,-1.07,-0.010700000000000001,-1.24,-0.0124,-1.86,-0.018600000000000002,-0.81,-0.008100000000000001,-1.24,-0.0124,-1.77,-0.0177
2023-01-19,-0.4,-0.004,-2.04,-0.0204,-0.16,-0.0016,-1.59,-0.0159,-2.32,-0.0232,-1.69,-0.0169,-1.46,-0.0146,1.15,0.0115,-0.66,-0.0066,-0.29,-0.0029,-0.41,-0.0040999999999999995,-1.23,-0.0123,-1.58,-0.0158,-0.81,-0.008100000000000001,-1.14,-0.011399999999999999,-2.03,-0.0203,-0.77,-0.0077,0.29,0.0029,-3.21,-0.0321,-0.6,-0.006
2023-01-20,0.32,0.0032,1.81,0.0181,0.53,0.0053,2.63,0.0263,2.27,0.0227,1.79,0.0179,3.52,0.0352,1.48,0.0148,0.43,0.0043,1.99,0.0199,3.42,0.0342,2.28,0.022799999999999997,1.93,0.019299999999999998,1.78,0.0178,1.37,0.0137,2.29,0.0229,1.69,0.0169,1.26,0.0126,2.19,0.0219,1.87,0.0187
2023-01-23,0.25,0.0025,1.69,0.0169,0.15,0.0015,1.03,0.0103,1.3,0.013000000000000001,0.11,0.0011,6.08,0.0608,0.06,0.0006,0.15,0.0015,0.69,0.0069,1.74,0.0174,3.04,0.0304,0.64,0.0064,1.25,0.0125,0.67,0.0067,0.9,0.009000000000000001,0.97,0.0097,-0.28,-0.0028000000000000004,2.58,0.0258,1.09,0.0109
2023-01-24,0.51,0.0051,-1.1,-0.011000000000000001,-0.43,-0.0043,0.37,0.0037,0.69,0.0069,0.02,0.0002,0.4,0.004,-0.23,-0.0023,0.32,0.0032,0.19,0.0019,-0.77,-0.0077,-0.05,-0.0005,-2.37,-0.023700000000000002,-0.91,-0.0091,0.05,0.0005,-0.32,-0.0032,0.05,0.0005,-0.07,-0.0007000000000000001,-0.24,-0.0024,0.01,0.0001
2023-01-25,0.47,0.004699999999999999,-0.19,-0.0019,0.05,0.0005,-0.42,-0.0042,-0.06,-0.0006,1.5,0.015,0.32,0.0032,-0.12,-0.0012,-1.17,-0.011699999999999999,2.19,0.0219,-0.81,-0.008100000000000001,-0.3,-0.003,-0.93,-0.009300000000000001,-0.91,-0.0091,0.41,0.0040999999999999995,0.48,0.0048,0.73,0.0073,2.0,0.02,-0.63,-0.0063,0.69,0.0069
2023-01-26,-0.47,-0.004699999999999999,0.42,0.0042,0.07,0.0007000000000000001,-0.37,-0.0037,0.85,0.0085,5.43,0.054299999999999994,7.25,0.0725,3.41,0.0341,0.28,0.0028000000000000004,0.47,0.004699999999999999,2.27,0.0227,1.21,0.0121,0.96,0.0096,0.07,0.0007000000000000001,1.0,0.01,0.79,0.0079,0.51,0.0051,-1.15,-0.0115,0.78,0.0078000000000000005,1.32,0.0132
2023-01-27,-0.18,-0.0018,0.29,0.0029,-0.45,-0.0045000000000000005,0.44,0.0044,0.73,0.0073,-0.8,-0.008,8.09,0.0809,-2.08,-0.0208,-0.02,-0.0002,-0.64,-0.0064,0.86,0.0086,0.54,0.0054,0.45,0.0045000000000000005,0.8,0.008,0.02,0.0002,1.42,0.014199999999999999,0.16,0.0016,-0.8,-0.008,1.95,0.0195,0.23,0.0023
2023-01-30,0.05,0.0005,-1.09,-0.0109,-1.22,-0.012199999999999999,-0.65,-0.006500000000000001,-1.37,-0.0137,-1.12,-0.011200000000000002,-5.18,-0.0518,-2.4,-0.024,-0.55,-0.0055000000000000005,-0.47,-0.004699999999999999,-2.0,-0.02,-2.11,-0.021099999999999997,-1.02,-0.0102,-1.81,-0.0181,-0.43,-0.0043,-0.85,-0.0085,-0.52,-0.0052,-0.85,-0.0085,-2.09,-0.0209,-1.05,-0.0105
2023-01-31,1.18,0.0118,1.46,0.0146,1.18,0.0118,2.39,0.0239,3.72,0.037200000000000004,1.7,0.017,4.11,0.041100000000000005,0.89,0.0089,0.92,0.0092,0.92,0.0092,1.91,0.0191,1.29,0.0129,2.69,0.0269,2.82,0.0282,1.54,0.0154,2.09,0.0209,1.55,0.0155,1.52,0.0152,2.59,0.0259,0.56,0.005600000000000001
2023-02-01,0.26,0.0026,1.99,0.0199,0.56,0.005600000000000001,1.06,0.0106,1.54,0.0154,3.27,0.0327,3.65,0.0365,-1.96,-0.0196,0.21,0.0021,1.14,0.011399999999999999,2.08,0.0208,2.33,0.0233,-0.13,-0.0013,2.12,0.0212,0.8,0.008,1.66,0.0166,0.37,0.0037,1.85,0.018500000000000003,2.57,0.025699999999999997,0.44,0.0044
2023-02-02,-1.14,-0.011399999999999999,-0.23,-0.0023,0.14,0.0014000000000000002,-0.06,-0.0006,2.21,0.022099999999999998,0.77,0.0077,3.54,0.0354,-2.45,-0.0245,0.36,0.0036,1.01,0.0101,4.9,0.049,2.43,0.024300000000000002,1.74,0.0174,2.86,0.0286,1.97,0.0197,3.34,0.0334,-0.24,-0.0024,-1.42,-0.014199999999999999,2.43,0.024300000000000002,0.03,0.0003
2023-02-03,-0.57,-0.005699999999999999,-1.31,-0.0131,-0.24,-0.0024,-1.54,-0.0154,-0.98,-0.0098,0.52,0.0052,-0.18,-0.0018,-0.27,-0.0027,-1.8,-0.018000000000000002,-1.9,-0.019,-2.48,-0.0248,0.17,0.0017000000000000001,-1.26,-0.0126,-0.62,-0.0062,-0.78,-0.0078000000000000005,-4.1,-0.040999999999999995,0.08,0.0008,-2.21,-0.022099999999999998,-1.03,-0.0103,-0.99,-0.009899999999999999
2023-02-06,0.63,0.0063,-2.03,-0.0203,-0.68,-0.0068000000000000005,-0.84,-0.0084,-1.34,-0.0134,-2.85,-0.0285,1.58,0.0158,-0.52,-0.0052,0.52,0.0052,-1.23,-0.0123,-1.27,-0.0127,-1.45,-0.014499999999999999,-0.92,-0.0092,-0.59,-0.0059,-1.04,-0.0104,-0.72,-0.0072,-0.3,-0.003,-1.57,-0.015700000000000002,-0.69,-0.0069,0.44,0.0044
2023-02-07,-0.61,-0.0060999999999999995,0.24,0.0024,0.62,0.0062,0.72,0.0072,0.91,0.0091,-0.4,-0.004,0.84,0.0084,3.27,0.0327,0.04,0.0004,-0.14,-0.0014000000000000002,2.89,0.028900000000000002,2.07,0.0207,-0.28,-0.0028000000000000004,0.56,0.005600000000000001,0.56,0.005600000000000001,-0.24,-0.0024,0.98,0.0098,1.07,0.010700000000000001,0.68,0.0068000000000000005,0.82,0.008199999999999999
2023-02-08,-0.59,-0.0059,-2.56,-0.0256,-0.76,-0.0076,-1.07,-0.010700000000000001,-1.37,-0.0137,-0.94,-0.009399999999999999,1.35,0.013500000000000002,-1.05,-0.0105,-1.64,-0.016399999999999998,-0.67,-0.0067,-2.17,-0.0217,-1.62,-0.016200000000000003,-1.15,-0.0115,-0.58,-0.0058,-0.57,-0.005699999999999999,-1.38,-0.0138,-0.35,-0.0034999999999999996,-0.94,-0.009399999999999999,-1.8,-0.018000000000000002,-1.41,-0.0141
2023-02-09,-0.29,-0.0029,-0.56,-0.005600000000000001,-0.81,-0.008100000000000001,-1.99,-0.0199,-0.27,-0.0027,-1.69,-0.0169,2.05,0.020499999999999997,-0.79,-0.0079,-1.34,-0.0134,-1.53,-0.015300000000000001,-1.56,-0.015600000000000001,-0.64,-0.0064,-1.38,-0.0138,-1.81,-0.0181,-0.76,-0.0076,-0.87,-0.0087,-1.05,-0.0105,-0.53,-0.0053,-0.4,-0.004,-0.28,-0.0028000000000000004
2023-02-10,0.92,0.0092,-0.17,-0.0017000000000000001,0.7,0.006999999999999999,0.59,0.0059,0.08,0.0008,0.11,0.0011,-3.79,-0.0379,4.09,0.0409,1.98,0.019799999999999998,0.04,0.0004,-0.68,-0.0068000000000000005,-0.39,-0.0039000000000000003,0.27,0.0027,-1.01,-0.0101,0.54,0.0054,-0.06,-0.0006,0.34,0.0034000000000000002,-0.65,-0.006500000000000001,-0.48,-0.0048,-0.59,-0.0059
2023-02-13,0.98,0.0098,2.37,0.023700000000000002,0.8,0.008,0.65,0.006500000000000001,1.91,0.0191,1.37,0.0137,-0.29,-0.0029,-0.49,-0.0049,0.55,0.0055000000000000005,1.1,0.011000000000000001,1.64,0.016399999999999998,1.62,0.016200000000000003,1.33,0.013300000000000001,0.74,0.0074,1.19,0.011899999999999999,1.76,0.0176,0.96,0.0096,0.66,0.0066,1.74,0.0174,1.74,0.0174
2023-02-14,-1.03,-0.0103,0.73,0.0073,-0.44,-0.0044,-0.39,-0.0039000000000000003,-0.34,-0.0034000000000000002,1.82,0.0182,5.3,0.053,0.12,0.0012,-0.47,-0.004699999999999999,-0.04,-0.0004,0.39,0.0039000000000000003,0.46,0.0046,-0.31,-0.0031,0.68,0.0068000000000000005,-0.06,-0.0006,-0.22,-0.0022,-0.28,-0.0028000000000000004,0.65,0.006500000000000001,0.52,0.0052,0.72,0.0072
2023-02-15,0.22,0.0022,1.08,0.0108,-0.42,-0.0042,0.57,0.005699999999999999,0.82,0.008199999999999999,0.28,0.0028000000000000004,2.08,0.0208,-1.62,-0.016200000000000003,0.53,0.0053,0.98,0.0098,0.89,0.0089,0.9,0.009000000000000001,0.69,0.0069,0.53,0.0053,0.66,0.0066,1.13,0.0113,0.21,0.0021,0.92,0.0092,3.29,0.0329,1.32,0.0132
2023-02-16,-0.39,-0.0039000000000000003,-1.89,-0.0189,-1.07,-0.010700000000000001,-0.62,-0.0062,-1.21,-0.0121,0.41,0.0040999999999999995,-4.0,-0.04,-1.14,-0.011399999999999999,-0.66,-0.0066,-0.98,-0.0098,-2.17,-0.0217,-1.34,-0.0134,-1.11,-0.0111,-1.28,-0.0128,0.09,0.0009,-1.58,-0.0158,-0.95,-0.0095,-0.78,-0.0078000000000000005,-1.95,-0.0195,-0.77,-0.0077
2023-02-17,1.16,0.0116,0.13,0.0013,0.96,0.0096,-1.11,-0.0111,-0.92,-0.0092,-1.21,-0.0121,2.16,0.0216,-3.7,-0.037000000000000005,0.75,0.0075,0.32,0.0032,-1.16,-0.0116,-0.88,-0.0088,0.31,0.0031,-0.51,-0.0051,0.44,0.0044,-0.16,-0.0016,0.12,0.0012,-1.57,-0.015700000000000002,0.61,0.0060999999999999995,-0.38,-0.0038
2023-02-21,-0.43,-0.0043,-3.26,-0.0326,-1.61,-0.0161,-2.7,-0.027000000000000003,-3.54,-0.0354,-2.18,-0.0218,-4.89,-0.0489,-0.39,-0.0039000000000000003,-1.79,-0.0179,-2.66,-0.026600000000000002,-2.14,-0.021400000000000002,-2.72,-0.027200000000000002,-2.2,-0.022000000000000002,-2.64,-0.0264,-2.52,-0.0252,-2.73,-0.0273,-1.99,-0.0199,-0.32,-0.0032,-3.7,-0.037000000000000005,-1.3,-0.013000000000000001
2023-02-22,0.29,0.0029,-0.12,-0.0012,-0.17,-0.0017000000000000001,0.95,0.0095,0.71,0.0070999999999999995,0.1,0.001,1.23,0.0123,-0.74,-0.0074,-0.08,-0.0008,0.48,0.0048,0.06,0.0006,-0.12,-0.0012,0.22,0.0022,-0.59,-0.0059,0.14,0.0014000000000000002,0.05,0.0005,-0.21,-0.0021,-1.09,-0.0109,0.34,0.0034000000000000002,0.02,0.0002
2023-02-23,0.27,0.0027,0.16,0.0016,0.15,0.0015,0.57,0.005699999999999999,1.71,0.0171,-0.7,-0.006999999999999999,0.01,0.0001,1.57,0.015700000000000002,-0.32,-0.0032,-0.67,-0.0067,0.53,0.0053,1.91,0.0191,0.22,0.0022,1.07,0.010700000000000001,0.07,0.0007000000000000001,-0.37,-0.0037,0.26,0.0026,-1.13,-0.0113,0.88,0.0088,-0.94,-0.009399999999999999
2023-02-24,-0.54,-0.0054,-1.62,-0.016200000000000003,-1.34,-0.0134,0.08,0.0008,-0.18,-0.0018,-0.92,-0.0092,-2.12,-0.0212,0.06,0.0006,0.08,0.0008,-1.04,-0.0104,-1.8,-0.018000000000000002,-1.61,-0.0161,-0.61,-0.0060999999999999995,-0.42,-0.0042,-0.34,-0.0034000000000000002,-1.17,-0.011699999999999999,-0.3,-0.003,-1.01,-0.0101,-1.22,-0.012199999999999999,-1.54,-0.0154
2023-02-27,0.02,0.0002,0.47,0.004699999999999999,-0.22,-0.0022,0.82,0.008199999999999999,0.55,0.0055000000000000005,1.94,0.0194,4.17,0.0417,0.39,0.0039000000000000003,-0.67,-0.0067,0.06,0.0006,0.26,0.0026,0.58,0.0058,0.17,0.0017000000000000001,2.16,0.0216,0.01,0.0001,0.06,0.0006,0.01,0.0001,0.7,0.006999999999999999,1.19,0.011899999999999999,0.26,0.0026
2023-02-28,-0.96,-0.0096,0.58,0.0058,-0.5,-0.005,-0.21,-0.0021,0.4,0.004,2.57,0.025699999999999997,-0.67,-0.0067,-1.36,-0.013600000000000001,-1.62,-0.016200000000000003,-0.87,-0.0087,0.11,0.0011,-0.14,-0.0014000000000000002,-0.33,-0.0033,-0.46,-0.0046,-0.66,-0.0066,0.13,0.0013,-0.07,-0.0007000000000000001,1.01,0.0101,0.56,0.005600000000000001,-0.06,-0.0006
2023-03-01,-1.02,-0.0102,-0.15,-0.0015,0.09,0.0009,0.49,0.0049,-0.17,-0.0017000000000000001,1.93,0.019299999999999998,-1.1,-0.011000000000000001,2.0,0.02,-1.35,-0.013500000000000002,-1.26,-0.0126,-0.6,-0.006,-0.78,-0.0078000000000000005,0.69,0.0069,0.35,0.0034999999999999996,0.06,0.0006,-1.82,-0.0182,-0.36,-0.0036,2.46,0.0246,-0.44,-0.0044,-0.15,-0.0015
2023-03-02,1.16,0.0116,1.08,0.0108,0.31,0.0031,1.28,0.0128,0.62,0.0062,2.44,0.024399999999999998,-3.77,-0.0377,0.95,0.0095,1.62,0.016200000000000003,0.3,0.003,1.65,0.0165,0.91,0.0091,0.61,0.0060999999999999995,1.49,0.0149,0.63,0.0063,0.45,0.0045000000000000005,-0.5,-0.005,-0.48,-0.0048,0.99,0.009899999999999999,1.43,0.0143
2023-03-03,0.03,0.0003,1.24,0.0124,1.33,0.013300000000000001,1.06,0.0106,1.62,0.016200000000000003,1.86,0.018600000000000002,3.34,0.0334,1.43,0.0143,1.63,0.0163,0.86,0.0086,2.03,0.0203,2.48,0.0248,1.03,0.0103,0.61,0.0060999999999999995,0.88,0.0088,1.48,0.0148,1.42,0.014199999999999999,2.52,0.0252,2.21,0.022099999999999998,0.96,0.0096
2023-03-06,0.35,0.0034999999999999996,-1.64,-0.016399999999999998,-0.28,-0.0028000000000000004,-2.06,-0.0206,-1.26,-0.0126,-2.61,-0.026099999999999998,-1.65,-0.0165,-0.11,-0.0011,0.32,0.0032,-0.2,-0.002,0.35,0.0034999999999999996,0.32,0.0032,-1.69,-0.0169,-0.74,-0.0074,-0.6,-0.006,-0.51,-0.0051,-0.08,-0.0008,-1.98,-0.019799999999999998,-0.6,-0.006,0.46,0.0046
2023-03-07,-0.75,-0.0075,-0.61,-0.0060999999999999995,-1.4,-0.013999999999999999,-1.93,-0.019299999999999998,-0.65,-0.006500000000000001,-2.25,-0.0225,-2.79,-0.0279,-1.72,-0.0172,-1.47,-0.0147,-1.43,-0.0143,-1.13,-0.0113,-1.26,-0.0126,-1.62,-0.016200000000000003,-1.13,-0.0113,-1.31,-0.0131,-0.77,-0.0077,-2.24,-0.022400000000000003,-4.3,-0.043,-1.55,-0.0155,-1.1,-0.011000000000000001
2023-03-08,0.06,0.0006,0.26,0.0026,-0.65,-0.006500000000000001,0.42,0.0042,0.82,0.008199999999999999,1.18,0.0118,-1.92,-0.0192,-1.1,-0.011000000000000001,0.63,0.0063,-0.33,-0.0033,0.09,0.0009,1.3,0.013000000000000001,0.29,0.0029,0.45,0.0045000000000000005,-0.09,-0.0009,0.27,0.0027,-0.4,-0.004,1.43,0.0143,0.41,0.0040999999999999995,-0.42,-0.0042
2023-03-09,-1.1,-0.011000000000000001,-1.78,-0.0178,-1.17,-0.011699999999999999,-2.78,-0.0278,-1.5,-0.015,-3.24,-0.032400000000000005,-4.45,-0.044500000000000005,-1.46,-0.0146,-1.0,-0.01,-2.25,-0.0225,-1.83,-0.0183,-1.62,-0.016200000000000003,-1.23,-0.0123,-2.22,-0.0222,-1.6,-0.016,-1.51,-0.0151,-3.8,-0.038,-2.53,-0.0253,-1.91,-0.0191,-2.11,-0.021099999999999997
2023-03-10,-0.66,-0.0066,-1.22,-0.012199999999999999,-0.95,-0.0095,-2.3,-0.023,-2.76,-0.0276,-5.25,-0.0525,-0.75,-0.0075,-1.31,-0.0131,-1.68,-0.0168,-1.25,-0.0125,-2.3,-0.023,-1.55,-0.0155,-1.8,-0.018000000000000002,-1.76,-0.0176,-1.7,-0.017,-1.16,-0.0116,-2.25,-0.0225,-1.97,-0.0197,-3.76,-0.037599999999999995,-0.79,-0.0079
2023-03-13,0.57,0.005699999999999999,-1.13,-0.0113,1.28,0.0128,-1.41,-0.0141,-0.74,-0.0074,-2.14,-0.021400000000000002,-0.15,-0.0015,-2.06,-0.0206,1.25,0.0125,-0.36,-0.0036,0.59,0.0059,0.46,0.0046,-0.9,-0.009000000000000001,-1.48,-0.0148,-0.82,-0.008199999999999999,0.38,0.0038,-3.48,-0.0348,0.57,0.005699999999999999,-0.88,-0.0088,-0.45,-0.0045000000000000005
2023-03-14,0.87,0.0087,1.69,0.0169,1.2,0.012,1.45,0.014499999999999999,1.55,0.0155,0.84,0.0084,3.59,0.0359,0.84,0.0084,1.36,0.013600000000000001,0.77,0.0077,2.69,0.0269,2.11,0.021099999999999997,0.81,0.008100000000000001,0.6,0.006,1.36,0.013600000000000001,1.14,0.011399999999999999,2.06,0.0206,0.98,0.0098,1.65,0.0165,1.08,0.0108
2023-03-15,0.07,0.0007000000000000001,-0.78,-0.0078000000000000005,-0.07,-0.0007000000000000001,-2.92,-0.0292,-2.53,-0.0253,-8.15,-0.0815,-1.84,-0.0184,-5.4,-0.054000000000000006,0.58,0.0058,0.32,0.0032,0.67,0.0067,-0.44,-0.0044,-0.99,-0.009899999999999999,-1.53,-0.015300000000000001,-1.39,-0.0139,0.76,0.0076,-2.04,-0.0204,-4.38,-0.0438,-4.52,-0.0452,-0.51,-0.0051
2023-03-16,0.37,0.0037,1.93,0.019299999999999998,0.73,0.0073,1.36,0.013600000000000001,1.81,0.0181,1.69,0.0169,1.77,0.0177,1.16,0.0116,0.69,0.0069,0.11,0.0011,3.1,0.031,2.6,0.026000000000000002,0.92,0.0092,1.64,0.016399999999999998,1.38,0.0138,1.45,0.014499999999999999,1.72,0.0172,0.87,0.0087,1.61,0.0161,1.76,0.0176
2023-03-17,-0.9,-0.009000000000000001,-0.53,-0.0053,-1.38,-0.0138,-2.05,-0.020499999999999997,-1.7,-0.017,-2.04,-0.0204,-2.53,-0.0253,-1.56,-0.015600000000000001,-1.04,-0.0104,-0.29,-0.0029,-0.25,-0.0025,-0.75,-0.0075,-1.6,-0.016,-0.89,-0.0089,-1.5,-0.015,-0.71,-0.0070999999999999995,-2.61,-0.026099999999999998,0.17,0.0017000000000000001,-3.07,-0.030699999999999998,-1.33,-0.013300000000000001
2023-03-20,1.31,0.0131,0.33,0.0033,1.3,0.013000000000000001,1.68,0.0168,1.14,0.011399999999999999,2.81,0.0281,1.4,0.013999999999999999,2.09,0.0209,0.99,0.009899999999999999,1.37,0.0137,-0.51,-0.0051,1.22,0.012199999999999999,2.0,0.02,0.0,0.0,1.49,0.0149,0.07,0.0007000000000000001,1.07,0.010700000000000001,2.2,0.022000000000000002,1.58,0.0158,1.21,0.0121
2023-03-21,0.07,0.0007000000000000001,3.01,0.0301,0.35,0.0034999999999999996,1.48,0.0148,1.73,0.0173,2.9,0.028999999999999998,6.5,0.065,3.43,0.034300000000000004,-1.53,-0.015300000000000001,1.22,0.012199999999999999,2.02,0.0202,0.97,0.0097,0.54,0.0054,1.75,0.0175,1.33,0.013300000000000001,1.34,0.0134,2.68,0.0268,0.79,0.0079,2.37,0.023700000000000002,0.98,0.0098
2023-03-22,-0.88,-0.0088,-3.24,-0.032400000000000005,-1.76,-0.0176,-2.61,-0.026099999999999998,-1.67,-0.0167,-2.96,-0.0296,-3.01,-0.0301,-2.14,-0.021400000000000002,-2.06,-0.0206,-1.68,-0.0168,-1.6,-0.016,-0.92,-0.0092,-1.32,-0.0132,-1.94,-0.0194,-1.84,-0.0184,-1.62,-0.016200000000000003,-2.53,-0.0253,-0.97,-0.0097,-2.74,-0.0274,-1.23,-0.0123
2023-03-23,-0.27,-0.0027,1.0,0.01,0.32,0.0032,-0.84,-0.0084,-0.12,-0.0012,0.6,0.006,0.28,0.0028000000000000004,-1.21,-0.0121,-1.09,-0.0109,-0.01,-0.0001,1.31,0.0131,1.13,0.0113,-0.38,-0.0038,-0.57,-0.005699999999999999,-0.86,-0.0086,-0.11,-0.0011,-1.01,-0.0101,0.69,0.0069,-0.69,-0.0069,-0.19,-0.0019
2023-03-24,1.9,0.019,-0.06,-0.0006,1.18,0.0118,0.75,0.0075,0.48,0.0048,0.35,0.0034999999999999996,-0.62,-0.0062,0.32,0.0032,2.99,0.029900000000000003,-0.17,-0.0017000000000000001,0.44,0.0044,0.12,0.0012,1.0,0.01,-0.01,-0.0001,1.21,0.0121,0.18,0.0018,0.22,0.0022,0.61,0.0060999999999999995,-0.05,-0.0005,-0.58,-0.0058
2023-03-27,0.78,0.0078000000000000005,-0.97,-0.0097,0.31,0.0031,1.18,0.0118,0.37,0.0037,0.95,0.0095,0.78,0.0078000000000000005,2.14,0.021400000000000002,0.23,0.0023,1.31,0.0131,-0.74,-0.0074,-0.76,-0.0076,0.41,0.0040999999999999995,1.18,0.0118,1.15,0.0115,0.3,0.003,1.53,0.015300000000000001,0.41,0.0040999999999999995,0.62,0.0062,0.63,0.0063
2023-03-28,0.3,0.003,0.98,0.0098,-0.27,-0.0027,0.55,0.0055000000000000005,0.57,0.005699999999999999,-0.14,-0.0014000000000000002,-0.89,-0.0089,1.58,0.0158,0.32,0.0032,-0.42,-0.0042,-0.61,-0.0060999999999999995,-0.5,-0.005,0.67,0.0067,0.63,0.0063,0.55,0.0055000000000000005,-0.18,-0.0018,-0.4,-0.004,1.61,0.0161,0.27,0.0027,0.43,0.0043
2023-03-29,0.74,0.0074,3.04,0.0304,0.57,0.005699999999999999,1.5,0.015,0.82,0.008199999999999999,1.09,0.0109,2.52,0.0252,1.38,0.0138,1.4,0.013999999999999999,1.39,0.0139,1.6,0.016,2.03,0.0203,0.93,0.009300000000000001,1.44,0.0144,0.89,0.0089,1.4,0.013999999999999999,1.17,0.011699999999999999,1.73,0.0173,2.39,0.0239,1.1,0.011000000000000001
2023-03-30,0.05,0.0005,-0.1,-0.001,0.26,0.0026,0.37,0.0037,0.06,0.0006,0.97,0.0097,0.7,0.006999999999999999,0.3,0.003,0.41,0.0040999999999999995,0.67,0.0067,0.64,0.0064,1.13,0.0113,0.25,0.0025,0.41,0.0040999999999999995,0.04,0.0004,1.01,0.0101,-0.28,-0.0028000000000000004,0.82,0.008199999999999999,0.84,0.0084,0.66,0.0066
2023-03-31,0.72,0.0072,2.05,0.020499999999999997,1.27,0.0127,2.05,0.020499999999999997,1.98,0.019799999999999998,1.63,0.0163,5.1,0.051,0.61,0.0060999999999999995,0.84,0.0084,1.35,0.013500000000000002,2.13,0.0213,1.4,0.013999999999999999,1.65,0.0165,1.75,0.0175,1.51,0.0151,1.8,0.018000000000000002,1.12,0.011200000000000002,1.0,0.01,1.84,0.0184,1.6,0.016
2023-04-03,0.55,0.0055000000000000005,-0.2,-0.002,0.8,0.008,0.7,0.006999999999999999,0.32,0.0032,-0.05,-0.0005,-4.55,-0.0455,4.97,0.049699999999999994,-0.53,-0.0053,0.25,0.0025,-0.21,-0.0021,0.08,0.0008,-0.02,-0.0002,-0.71,-0.0070999999999999995,0.44,0.0044,0.32,0.0032,0.53,0.0053,0.85,0.0085,-0.45,-0.0045000000000000005,0.18,0.0018
2023-04-04,-0.35,-0.0034999999999999996,0.53,0.0053,0.02,0.0002,-1.81,-0.0181,-3.01,-0.0301,-5.97,-0.059699999999999996,-1.3,-0.013000000000000001,-1.86,-0.018600000000000002,0.38,0.0038,0.05,0.0005,-0.1,-0.001,-0.87,-0.0087,-1.64,-0.016399999999999998,-1.38,-0.0138,-1.64,-0.016399999999999998,0.14,0.0014000000000000002,-1.22,-0.012199999999999999,-1.39,-0.0139,-4.6,-0.046,-0.58,-0.0058
2023-04-05,0.57,0.005699999999999999,-1.97,-0.0197,1.42,0.014199999999999999,-0.4,-0.004,-1.36,-0.013600000000000001,-1.05,-0.0105,-3.32,-0.0332,1.45,0.014499999999999999,2.4,0.024,0.85,0.0085,-1.08,-0.0108,-1.17,-0.011699999999999999,0.03,0.0003,-0.68,-0.0068000000000000005,-0.18,-0.0018,-1.44,-0.0144,0.25,0.0025,-0.78,-0.0078000000000000005,-2.73,-0.0273,-0.37,-0.0037
2023-04-06,-0.05,-0.0005,-0.76,-0.0076,0.55,0.0055000000000000005,-0.83,-0.0083,-0.68,-0.0068000000000000005,0.57,0.005699999999999999,-0.41,-0.0040999999999999995,-1.53,-0.015300000000000001,0.54,0.0054,0.11,0.0011,1.65,0.0165,0.04,0.0004,-0.14,-0.0014000000000000002,0.47,0.004699999999999999,-0.48,-0.0048,0.25,0.0025,0.32,0.0032,0.18,0.0018,-0.98,-0.0098,-0.22,-0.0022
2023-04-10,-0.12,-0.0012,1.41,0.0141,-0.2,-0.002,1.27,0.0127,1.36,0.013600000000000001,1.78,0.0178,0.52,0.0052,0.76,0.0076,-0.05,-0.0005,0.59,0.0059,-0.52,-0.0052,0.17,0.0017000000000000001,0.2,0.002,0.68,0.0068000000000000005,1.09,0.0109,0.64,0.0064,0.48,0.0048,-0.1,-0.001,1.7,0.017,0.47,0.004699999999999999
2023-04-11,0.25,0.0025,1.04,0.0104,0.21,0.0021,1.11,0.0111,1.89,0.0189,1.45,0.014499999999999999,1.13,0.0113,0.81,0.008100000000000001,0.17,0.0017000000000000001,0.19,0.0019,-0.78,-0.0078000000000000005,-0.63,-0.0063,1.05,0.0105,0.69,0.0069,0.5,0.005,-0.47,-0.004699999999999999,0.99,0.009899999999999999,1.42,0.014199999999999999,1.42,0.014199999999999999,0.79,0.0079
2023-04-12,-0.04,-0.0004,-0.23,-0.0023,-0.09,-0.0009,0.13,0.0013,0.3,0.003,-0.97,-0.0097,-2.61,-0.026099999999999998,-0.04,-0.0004,-0.19,-0.0019,-1.51,-0.0151,-0.28,-0.0028000000000000004,-0.78,-0.0078000000000000005,-0.58,-0.0058,-0.96,-0.0096,-0.63,-0.0063,-1.59,-0.0159,-0.34,-0.0034000000000000002,-0.1,-0.001,0.04,0.0004,-0.69,-0.0069
2023-04-13,0.4,0.004,1.59,0.0159,1.4,0.013999999999999999,0.74,0.0074,-0.06,-0.0006,0.26,0.0026,1.99,0.0199,0.66,0.0066,0.03,0.0003,1.14,0.011399999999999999,2.08,0.0208,1.99,0.0199,0.94,0.009399999999999999,0.65,0.006500000000000001,0.25,0.0025,2.0,0.02,0.87,0.0087,3.36,0.0336,0.27,0.0027,1.47,0.0147
2023-04-14,-0.56,-0.005600000000000001,0.24,0.0024,-0.45,-0.0045000000000000005,-0.67,-0.0067,0.19,0.0019,-1.05,-0.0105,-0.3,-0.003,0.11,0.0011,-0.94,-0.009399999999999999,-0.71,-0.0070999999999999995,-0.28,-0.0028000000000000004,-0.25,-0.0025,-0.76,-0.0076,0.46,0.0046,-0.2,-0.002,-0.15,-0.0015,0.35,0.0034999999999999996,-0.55,-0.0055000000000000005,-0.6,-0.006,0.31,0.0031
2023-04-17,0.69,0.0069,0.01,0.0001,0.22,0.0022,1.02,0.0102,1.04,0.0104,1.01,0.0101,1.07,0.010700000000000001,-1.38,-0.0138,0.51,0.0051,0.62,0.0062,-0.06,-0.0006,0.28,0.0028000000000000004,1.08,0.0108,0.68,0.0068000000000000005,0.76,0.0076,0.54,0.0054,0.89,0.0089,-0.91,-0.0091,1.01,0.0101,0.67,0.0067
2023-04-18,0.1,0.001,0.57,0.005699999999999999,-0.75,-0.0075,-0.25,-0.0025,1.38,0.0138,1.54,0.0154,-0.99,-0.009899999999999999,0.37,0.0037,-0.52,-0.0052,-0.3,-0.003,-0.24,-0.0024,0.53,0.0053,0.1,0.001,0.19,0.0019,0.22,0.0022,0.23,0.0023,0.15,0.0015,1.19,0.011899999999999999,-0.4,-0.004,0.58,0.0058
2023-04-19,-0.15,-0.0015,-0.21,-0.0021,1.13,0.0113,0.04,0.0004,0.01,0.0001,-1.54,-0.0154,-1.9,-0.019,-0.34,-0.0034000000000000002,0.62,0.0062,-0.71,-0.0070999999999999995,-0.31,-0.0031,-0.18,-0.0018,0.09,0.0009,0.75,0.0075,-1.32,-0.0132,0.58,0.0058,0.02,0.0002,-0.93,-0.009300000000000001,-0.72,-0.0072,0.03,0.0003
2023-04-20,0.32,0.0032,-0.37,-0.0037,-0.23,-0.0023,-0.79,-0.0079,1.29,0.0129,2.21,0.022099999999999998,-7.32,-0.0732,-0.89,-0.0089,-0.18,-0.0018,-2.94,-0.0294,-0.49,-0.0049,-1.04,-0.0104,-0.37,-0.0037,-0.19,-0.0019,0.57,0.005699999999999999,0.2,0.002,-0.48,-0.0048,-1.04,-0.0104,-0.45,-0.0045000000000000005,-0.22,-0.0022
2023-04-21,-0.04,-0.0004,0.64,0.0064,1.0,0.01,-1.05,-0.0105,-0.36,-0.0036,-2.01,-0.020099999999999996,0.79,0.0079,-0.52,-0.0052,0.28,0.0028000000000000004,0.68,0.0068000000000000005,0.09,0.0009,-0.39,-0.0039000000000000003,0.05,0.0005,-0.03,-0.0003,0.17,0.0017000000000000001,1.23,0.0123,-0.6,-0.006,-2.25,-0.0225,-0.42,-0.0042,0.34,0.0034000000000000002
2023-04-24,0.16,0.0016,1.01,0.0101,0.06,0.0006,1.14,0.011399999999999999,0.65,0.006500000000000001,0.58,0.0058,-0.63,-0.0063,1.62,0.016200000000000003,0.52,0.0052,-0.96,-0.0096,-0.55,-0.0055000000000000005,0.0,0.0,0.6,0.006,0.13,0.0013,0.5,0.005,0.16,0.0016,-0.08,-0.0008,0.49,0.0049,0.81,0.008100000000000001,0.24,0.0024
2023-04-25,0.01,0.0001,-2.44,-0.024399999999999998,-0.65,-0.006500000000000001,-2.55,-0.0255,-1.3,-0.013000000000000001,-4.02,-0.04019999999999999,-1.37,-0.0137,-2.01,-0.020099999999999996,-0.33,-0.0033,-0.58,-0.0058,-2.38,-0.023799999999999998,-2.25,-0.0225,-1.29,-0.0129,-3.74,-0.0374,-1.12,-0.011200000000000002,-2.29,-0.0229,-1.91,-0.0191,-2.82,-0.0282,-0.31,-0.0031,-0.96,-0.0096
2023-04-26,-0.33,-0.0033,-0.29,-0.0029,-1.35,-0.013500000000000002,-1.16,-0.0116,-1.61,-0.0161,-2.05,-0.020499999999999997,-3.4,-0.034,-1.24,-0.0124,-2.21,-0.022099999999999998,-1.02,-0.0102,1.88,0.018799999999999997,-0.15,-0.0015,-1.47,-0.0147,-2.34,-0.023399999999999997,-1.11,-0.0111,0.2,0.002,-0.98,-0.0098,-1.25,-0.0125,-2.27,-0.0227,0.56,0.005600000000000001
2023-04-27,0.85,0.0085,0.87,0.0087,0.19,0.0019,1.62,0.016200000000000003,3.05,0.0305,2.57,0.025699999999999997,3.27,0.0327,0.39,0.0039000000000000003,1.26,0.0126,4.39,0.043899999999999995,3.19,0.0319,1.66,0.0166,1.65,0.0165,1.69,0.0169,2.11,0.021099999999999997,2.5,0.025,1.65,0.0165,1.4,0.013999999999999999,3.21,0.0321,1.15,0.0115
2023-04-28,0.68,0.0068000000000000005,0.84,0.0084,0.81,0.008100000000000001,1.58,0.0158,1.33,0.013300000000000001,0.11,0.0011,2.21,0.022099999999999998,1.57,0.015700000000000002,0.03,0.0003,1.03,0.0103,0.52,0.0052,1.2,0.012,0.65,0.006500000000000001,1.85,0.018500000000000003,0.6,0.006,-1.1,-0.011000000000000001,1.16,0.0116,0.83,0.0083,0.37,0.0037,1.24,0.0124
2023-05-01,0.6,0.006,0.46,0.0046,0.82,0.008199999999999999,-0.6,-0.006,-0.28,-0.0028000000000000004,-0.16,-0.0016,-0.86,-0.0086,-1.26,-0.0126,0.16,0.0016,-0.27,-0.0027,-0.26,-0.0026,0.61,0.0060999999999999995,0.33,0.0033,1.45,0.014499999999999999,-0.13,-0.0013,-1.41,-0.0141,-0.26,-0.0026,-0.12,-0.0012,0.01,0.0001,0.41,0.0040999999999999995
2023-05-02,-0.47,-0.004699999999999999,-0.89,-0.0089,-0.72,-0.0072,-1.27,-0.0127,-0.24,-0.0024,-0.92,-0.0092,-1.07,-0.010700000000000001,-4.22,-0.042199999999999994,-1.54,-0.0154,-2.06,-0.0206,-1.31,-0.0131,-1.24,-0.0124,-1.69,-0.0169,-0.12,-0.0012,-0.5,-0.005,0.28,0.0028000000000000004,-2.41,-0.0241,-0.21,-0.0021,-0.47,-0.004699999999999999,0.48,0.0048
2023-05-03,-0.01,-0.0001,-0.25,-0.0025,0.34,0.0034000000000000002,-0.71,-0.0070999999999999995,0.97,0.0097,-0.62,-0.0062,-0.08,-0.0008,-2.06,-0.0206,-0.3,-0.003,0.0,0.0,-0.48,-0.0048,-0.65,-0.006500000000000001,-0.53,-0.0053,-0.11,-0.0011,-0.39,-0.0039000000000000003,-0.44,-0.0044,-1.11,-0.0111,-0.77,-0.0077,1.35,0.013500000000000002,-2.14,-0.021400000000000002
2023-05-04,-0.21,-0.0021,-2.32,-0.0232,-0.71,-0.0070999999999999995,-1.13,-0.0113,-1.62,-0.016200000000000003,-3.52,-0.0352,-0.45,-0.0045000000000000005,-1.17,-0.011699999999999999,0.52,0.0052,-2.11,-0.021099999999999997,-0.37,-0.0037,-0.75,-0.0075,0.04,0.0004,-0.94,-0.009399999999999999,-1.04,-0.0104,-0.4,-0.004,-1.53,-0.015300000000000001,0.96,0.0096,-2.01,-0.020099999999999996,-0.42,-0.0042
2023-05-05,1.03,0.0103,2.33,0.0233,1.0,0.01,1.91,0.0191,2.16,0.0216,2.72,0.027200000000000002,4.9,0.049,2.83,0.028300000000000002,1.01,0.0101,1.66,0.0166,1.49,0.0149,3.01,0.0301,1.17,0.011699999999999999,1.3,0.013000000000000001,1.67,0.0167,1.55,0.0155,2.73,0.0273,2.72,0.027200000000000002,2.44,0.024399999999999998,0.94,0.009399999999999999
2023-05-08,-0.54,-0.0054,-0.03,-0.0003,-0.18,-0.0018,-0.28,-0.0028000000000000004,0.36,0.0036,0.02,0.0002,0.94,0.009399999999999999,0.14,0.0014000000000000002,-0.38,-0.0038,0.6,0.006,0.38,0.0038,0.13,0.0013,-0.34,-0.0034000000000000002,0.26,0.0026,-0.04,-0.0004,0.07,0.0007000000000000001,-0.06,-0.0006,0.18,0.0018,-0.39,-0.0039000000000000003,0.21,0.0021
2023-05-09,-0.59,-0.0059,-0.98,-0.0098,-0.42,-0.0042,-1.54,-0.0154,0.36,0.0036,-0.51,-0.0051,-1.32,-0.0132,-0.04,-0.0004,-0.15,-0.0015,-1.43,-0.0143,-0.33,-0.0033,-1.15,-0.0115,-1.11,-0.0111,-0.31,-0.0031,0.59,0.0059,0.44,0.0044,-0.27,-0.0027,0.16,0.0016,-0.5,-0.005,0.16,0.0016
2023-05-10,0.24,0.0024,-1.07,-0.010700000000000001,0.43,0.0043,-0.28,-0.0028000000000000004,-0.31,-0.0031,-1.0,-0.01,-0.34,-0.0034000000000000002,-0.97,-0.0097,0.75,0.0075,-0.18,-0.0018,1.77,0.0177,0.85,0.0085,0.12,0.0012,-0.29,-0.0029,0.01,0.0001,0.95,0.0095,-0.41,-0.0040999999999999995,-1.74,-0.0174,-0.74,-0.0074,-1.06,-0.0106
2023-05-11,0.34,0.0034000000000000002,-0.38,-0.0038,-0.41,-0.0040999999999999995,-0.79,-0.0079,-0.2,-0.002,-0.78,-0.0078000000000000005,1.52,0.0152,-1.15,-0.0115,-1.02,-0.0102,-1.45,-0.014499999999999999,0.44,0.0044,-0.43,-0.0043,0.04,0.0004,-0.49,-0.0049,0.03,0.0003,0.65,0.006500000000000001,-0.32,-0.0032,-3.94,-0.0394,-0.64,-0.0064,-0.55,-0.0055000000000000005
2023-05-12,0.15,0.0015,-0.93,-0.009300000000000001,-0.25,-0.0025,-0.39,-0.0039000000000000003,-0.22,-0.0022,0.2,0.002,-2.03,-0.0203,0.13,0.0013,0.64,0.0064,-0.03,-0.0003,-0.17,-0.0017000000000000001,-0.23,-0.0023,-0.14,-0.0014000000000000002,-0.16,-0.0016,0.22,0.0022,-0.48,-0.0048,-0.31,-0.0031,0.49,0.0049,0.18,0.0018,-0.16,-0.0016
2023-05-15,-0.24,-0.0024,0.31,0.0031,0.22,0.0022,1.14,0.011399999999999999,0.94,0.009399999999999999,1.43,0.0143,-0.54,-0.0054,0.79,0.0079,-1.25,-0.0125,0.15,0.0015,0.53,0.0053,0.76,0.0076,-0.12,-0.0012,0.33,0.0033,0.14,0.0014000000000000002,0.16,0.0016,0.85,0.0085,2.47,0.024700000000000003,1.42,0.014199999999999999,0.48,0.0048
2023-05-16,-0.98,-0.0098,-2.62,-0.0262,-1.02,-0.0102,-1.73,-0.0173,-0.66,-0.0066,-2.35,-0.0235,-0.71,-0.0070999999999999995,-2.55,-0.0255,-2.13,-0.0213,-1.76,-0.0176,0.39,0.0039000000000000003,-0.23,-0.0023,-1.58,-0.0158,-1.05,-0.0105,-0.51,-0.0051,-0.32,-0.0032,-1.19,-0.011899999999999999,-2.63,-0.0263,-2.13,-0.0213,-0.57,-0.005699999999999999
2023-05-17,-0.13,-0.0013,0.78,0.0078000000000000005,-0.07,-0.0007000000000000001,1.36,0.013600000000000001,1.19,0.011899999999999999,2.33,0.0233,3.79,0.0379,2.08,0.0208,-0.15,-0.0015,0.83,0.0083,1.43,0.0143,1.19,0.011899999999999999,1.15,0.0115,2.04,0.0204,0.99,0.009899999999999999,1.61,0.0161,2.62,0.0262,1.29,0.0129,2.5,0.025,0.69,0.0069
2023-05-18,-0.29,-0.0029,1.35,0.013500000000000002,-0.19,-0.0019,1.24,0.0124,1.3,0.013000000000000001,0.84,0.0084,1.49,0.0149,0.74,0.0074,-0.15,-0.0015,0.16,0.0016,1.74,0.0174,1.97,0.0197,0.23,0.0023,1.13,0.0113,1.19,0.011899999999999999,1.28,0.0128,0.37,0.0037,-1.3,-0.013000000000000001,1.23,0.0123,1.2,0.012
2023-05-19,-0.07,-0.0007000000000000001,-3.44,-0.0344,0.57,0.005699999999999999,-0.17,-0.0017000000000000001,-1.31,-0.0131,-0.9,-0.009000000000000001,1.2,0.012,0.7,0.006999999999999999,-0.2,-0.002,-0.86,-0.0086,-0.15,-0.0015,-0.1,-0.001,-0.03,-0.0003,-0.41,-0.0040999999999999995,-0.44,-0.0044,-1.36,-0.013600000000000001,-0.63,-0.0063,0.04,0.0004,-0.8,-0.008,-0.62,-0.0062
2023-05-22,-1.31,-0.0131,-2.34,-0.023399999999999997,0.16,0.0016,-0.17,-0.0017000000000000001,-0.75,-0.0075,0.51,0.0051,3.61,0.0361,-0.19,-0.0019,0.04,0.0004,0.49,0.0049,1.13,0.0113,-0.05,-0.0005,-0.09,-0.0009,-0.42,-0.0042,-0.11,-0.0011,-0.8,-0.008,0.51,0.0051,0.04,0.0004,1.81,0.0181,-1.37,-0.0137
2023-05-23,-0.11,-0.0011,-1.35,-0.013500000000000002,-1.26,-0.0126,-0.46,-0.0046,-1.99,-0.0199,-1.45,-0.014499999999999999,-1.16,-0.0116,1.09,0.0109,-0.27,-0.0027,-1.15,-0.0115,-1.6,-0.016,-1.25,-0.0125,-0.5,-0.005,-0.9,-0.009000000000000001,-1.43,-0.0143,-0.35,-0.0034999999999999996,-0.8,-0.008,-2.32,-0.0232,-1.26,-0.0126,-2.07,-0.0207
2023-05-24,-0.61,-0.0060999999999999995,-1.14,-0.011399999999999999,-0.77,-0.0077,-1.21,-0.0121,-0.62,-0.0062,-2.52,-0.0252,-1.72,-0.0172,0.5,0.005,-0.54,-0.0054,-1.03,-0.0103,-0.61,-0.0060999999999999995,-0.69,-0.0069,-1.98,-0.019799999999999998,-1.52,-0.0152,-0.58,-0.0058,0.2,0.002,-1.18,-0.0118,-2.28,-0.022799999999999997,-2.18,-0.0218,-0.27,-0.0027
2023-05-25,-0.61,-0.0060999999999999995,-0.43,-0.0043,-1.34,-0.0134,-1.01,-0.0101,1.1,0.011000000000000001,0.73,0.0073,0.81,0.008100000000000001,-1.99,-0.0199,-1.34,-0.0134,-2.68,-0.0268,1.89,0.0189,4.23,0.042300000000000004,-0.44,-0.0044,0.88,0.0088,0.24,0.0024,-1.26,-0.0126,0.07,0.0007000000000000001,0.0,0.0,1.51,0.0151,-0.09,-0.0009
2023-05-26,-0.22,-0.0022,0.48,0.0048,-0.13,-0.0013,0.49,0.0049,0.36,0.0036,0.77,0.0077,4.12,0.0412,-0.31,-0.0031,-0.05,-0.0005,0.96,0.0096,1.82,0.0182,2.88,0.0288,0.12,0.0012,0.2,0.002,0.36,0.0036,2.4,0.024,0.77,0.0077,1.67,0.0167,2.4,0.024,0.24,0.0024
2023-05-30,-1.22,-0.012199999999999999,-0.42,-0.0042,-0.59,-0.0059,-0.25,-0.0025,0.25,0.0025,-1.9,-0.019,3.09,0.030899999999999997,-1.1,-0.011000000000000001,-0.37,-0.0037,-0.03,-0.0003,0.03,0.0003,0.73,0.0073,-1.17,-0.011699999999999999,-0.12,-0.0012,-0.83,-0.0083,0.32,0.0032,-0.14,-0.0014000000000000002,-0.71,-0.0070999999999999995,0.15,0.0015,-0.77,-0.0077
2023-05-31,0.28,0.0028000000000000004,-1.48,-0.0148,0.83,0.0083,-1.98,-0.019799999999999998,-1.86,-0.018600000000000002,-1.52,-0.0152,0.11,0.0011,-1.76,-0.0176,0.77,0.0077,0.46,0.0046,-0.15,-0.0015,-1.41,-0.0141,-1.66,-0.0166,-1.27,-0.0127,-0.67,-0.0067,-1.03,-0.0103,-0.98,-0.0098,0.14,0.0014000000000000002,-2.48,-0.0248,0.06,0.0006
2023-06-01,0.46,0.0046,-1.67,-0.0167,0.42,0.0042,1.26,0.0126,1.24,0.0124,0.99,0.009899999999999999,1.66,0.0166,1.09,0.0109,-0.67,-0.0067,0.47,0.004699999999999999,0.96,0.0096,1.74,0.0174,0.25,0.0025,1.24,0.0124,0.44,0.0044,0.64,0.0064,1.41,0.0141,2.91,0.0291,1.56,0.015600000000000001,1.04,0.0104
2023-06-02,1.58,0.0158,5.47,0.0547,1.53,0.015300000000000001,4.84,0.0484,4.02,0.04019999999999999,5.99,0.0599,3.22,0.0322,3.0,0.03,1.54,0.0154,-1.2,-0.012,1.04,0.0104,0.44,0.0044,4.75,0.0475,2.19,0.0219,2.25,0.0225,1.65,0.0165,2.47,0.024700000000000003,2.81,0.0281,3.61,0.0361,2.0,0.02
2023-06-05,-0.36,-0.0036,-1.87,-0.0187,0.35,0.0034999999999999996,-0.68,-0.0068000000000000005,-0.55,-0.0055000000000000005,-0.75,-0.0075,1.09,0.0109,-0.71,-0.0070999999999999995,0.27,0.0027,0.6,0.006,0.38,0.0038,-0.92,-0.0092,-1.18,-0.0118,-0.18,-0.0018,-0.31,-0.0031,0.15,0.0015,-0.7,-0.006999999999999999,-0.43,-0.0043,-0.99,-0.009899999999999999,-0.38,-0.0038
2023-06-06,-0.58,-0.0058,1.65,0.0165,-0.41,-0.0040999999999999995,1.21,0.0121,3.1,0.031,2.41,0.0241,2.0,0.02,0.72,0.0072,0.1,0.001,0.15,0.0015,0.33,0.0033,0.03,0.0003,0.79,0.0079,0.2,0.002,0.5,0.005,0.79,0.0079,1.2,0.012,1.14,0.011399999999999999,2.34,0.023399999999999997,-0.22,-0.0022
2023-06-07,-0.62,-0.0062,1.12,0.011200000000000002,-0.38,-0.0038,1.47,0.0147,1.09,0.0109,2.62,0.0262,1.73,0.0173,2.77,0.0277,1.87,0.0187,1.49,0.0149,-2.63,-0.0263,-0.57,-0.005699999999999999,1.49,0.0149,1.03,0.0103,0.39,0.0039000000000000003,-1.45,-0.014499999999999999,0.49,0.0049,0.18,0.0018,2.21,0.022099999999999998,-0.66,-0.0066
2023-06-08,0.43,0.0043,-0.79,-0.0079,0.67,0.0067,-0.87,-0.0087,-0.29,-0.0029,-0.49,-0.0049,3.28,0.032799999999999996,-0.42,-0.0042,0.32,0.0032,0.86,0.0086,0.56,0.005600000000000001,1.15,0.0115,-0.19,-0.0019,0.27,0.0027,0.24,0.0024,1.36,0.013600000000000001,-0.01,-0.0001,0.56,0.005600000000000001,-0.37,-0.0037,0.58,0.0058
2023-06-09,-0.16,-0.0016,-0.11,-0.0011,-0.06,-0.0006,-1.19,-0.011899999999999999,-0.21,-0.0021,-1.03,-0.0103,3.07,0.030699999999999998,-0.5,-0.005,-0.78,-0.0078000000000000005,-0.53,-0.0053,0.4,0.004,0.22,0.0022,-0.55,-0.0055000000000000005,-0.55,-0.0055000000000000005,0.24,0.0024,-0.48,-0.0048,0.06,0.0006,-0.46,-0.0046,-0.1,-0.001,-0.1,-0.001
2023-06-12,-0.2,-0.002,1.0,0.01,0.38,0.0038,0.37,0.0037,1.06,0.0106,1.12,0.011200000000000002,1.89,0.0189,-1.12,-0.011200000000000002,-0.28,-0.0028000000000000004,0.66,0.0066,1.66,0.0166,2.09,0.0209,0.68,0.0068000000000000005,0.51,0.0051,1.01,0.0101,1.63,0.0163,-0.09,-0.0009,-0.31,-0.0031,1.73,0.0173,1.12,0.011200000000000002
2023-06-13,0.47,0.004699999999999999,0.04,0.0004,0.75,0.0075,1.86,0.018600000000000002,1.01,0.0101,3.76,0.037599999999999995,3.32,0.0332,0.48,0.0048,0.0,0.0,-0.1,-0.001,0.65,0.006500000000000001,0.73,0.0073,0.78,0.0078000000000000005,0.85,0.0085,0.9,0.009000000000000001,0.54,0.0054,0.66,0.0066,2.66,0.026600000000000002,2.47,0.024700000000000003,0.35,0.0034999999999999996
2023-06-14,0.22,0.0022,3.61,0.0361,-0.12,-0.0012,-0.64,-0.0064,-1.2,-0.012,-1.77,-0.0177,-0.72,-0.0072,-1.11,-0.0111,-0.13,-0.0013,-0.41,-0.0040999999999999995,0.42,0.0042,1.09,0.0109,-0.35,-0.0034999999999999996,0.98,0.0098,-0.66,-0.0066,-0.02,-0.0002,-1.5,-0.015,0.2,0.002,-1.22,-0.012199999999999999,0.23,0.0023
2023-06-15,0.7,0.006999999999999999,0.14,0.0014000000000000002,1.28,0.0128,1.12,0.011200000000000002,1.54,0.0154,0.53,0.0053,0.13,0.0013,1.14,0.011399999999999999,1.07,0.010700000000000001,1.52,0.0152,2.17,0.0217,0.56,0.005600000000000001,0.97,0.0097,1.97,0.0197,1.46,0.0146,0.87,0.0087,1.39,0.0139,0.7,0.006999999999999999,1.67,0.0167,0.47,0.004699999999999999
2023-06-16,0.31,0.0031,0.34,0.0034000000000000002,0.08,0.0008,-0.17,-0.0017000000000000001,-0.36,-0.0036,-1.02,-0.0102,1.22,0.012199999999999999,-0.1,-0.001,0.45,0.0045000000000000005,-0.76,-0.0076,-1.0,-0.01,-0.5,-0.005,1.14,0.011399999999999999,-0.54,-0.0054,0.2,0.002,-1.05,-0.0105,-0.56,-0.005600000000000001,0.15,0.0015,-0.99,-0.009899999999999999,0.1,0.001
2023-06-20,-0.83,-0.0083,-2.14,-0.021400000000000002,-0.12,-0.0012,-1.23,-0.0123,0.91,0.0091,-0.87,-0.0087,3.74,0.0374,-2.37,-0.023700000000000002,-1.17,-0.011699999999999999,-1.55,-0.0155,-0.63,-0.0063,-0.18,-0.0018,-1.88,-0.018799999999999997,-1.2,-0.012,-0.04,-0.0004,-0.22,-0.0022,-0.62,-0.0062,-1.0,-0.01,0.32,0.0032,-0.64,-0.0064
2023-06-21,0.16,0.0016,-0.07,-0.0007000000000000001,-0.25,-0.0025,-0.02,-0.0002,1.11,0.0111,0.91,0.0091,-4.32,-0.0432,0.99,0.009899999999999999,0.8,0.008,-0.28,-0.0028000000000000004,-1.42,-0.014199999999999999,-1.2,-0.012,-0.23,-0.0023,0.08,0.0008,0.96,0.0096,-0.22,-0.0022,-0.08,-0.0008,0.21,0.0021,0.51,0.0051,0.64,0.0064
2023-06-22,0.57,0.005699999999999999,-0.13,-0.0013,0.64,0.0064,-0.9,-0.009000000000000001,-0.5,-0.005,0.28,0.0028000000000000004,1.35,0.013500000000000002,-1.36,-0.013600000000000001,-0.77,-0.0077,-0.06,-0.0006,1.05,0.0105,0.68,0.0068000000000000005,-0.62,-0.0062,0.26,0.0026,-0.04,-0.0004,1.98,0.019799999999999998,-0.79,-0.0079,0.27,0.0027,-1.74,-0.0174,-0.61,-0.0060999999999999995
2023-06-23,-0.85,-0.0085,-1.09,-0.0109,-0.53,-0.0053,-0.66,-0.0066,-0.07,-0.0007000000000000001,-0.29,-0.0029,-2.6,-0.026000000000000002,-0.81,-0.008100000000000001,-1.54,-0.0154,-0.87,-0.0087,-0.86,-0.0086,-0.9,-0.009000000000000001,-0.62,-0.0062,-1.01,-0.0101,-0.34,-0.0034000000000000002,-0.31,-0.0031,-0.54,-0.0054,-1.88,-0.018799999999999997,-0.87,-0.0087,-1.62,-0.016200000000000003
2023-06-26,0.0,0.0,1.15,0.0115,-0.91,-0.0091,1.06,0.0106,0.41,0.0040999999999999995,0.98,0.0098,-4.43,-0.0443,1.67,0.0167,1.09,0.0109,1.43,0.0143,-1.61,-0.0161,-0.79,-0.0079,0.47,0.004699999999999999,1.19,0.011899999999999999,0.35,0.0034999999999999996,-0.35,-0.0034999999999999996,0.11,0.0011,1.62,0.016200000000000003,0.8,0.008,-0.14,-0.0014000000000000002
2023-06-27,0.07,0.0007000000000000001,1.42,0.014199999999999999,-0.04,-0.0004,1.45,0.014499999999999999,2.65,0.0265,2.84,0.028399999999999998,3.4,0.034,0.15,0.0015,0.26,0.0026,1.79,0.0179,1.47,0.0147,1.86,0.018600000000000002,0.43,0.0043,2.22,0.0222,1.37,0.0137,1.19,0.011899999999999999,0.93,0.009300000000000001,1.59,0.0159,2.9,0.028999999999999998,1.45,0.014499999999999999
2023-06-28,-1.41,-0.0141,-0.33,-0.0033,-0.05,-0.0005,-0.32,-0.0032,0.07,0.0007000000000000001,0.18,0.0018,2.19,0.0219,0.94,0.009399999999999999,-1.07,-0.010700000000000001,0.4,0.004,0.55,0.0055000000000000005,-0.12,-0.0012,-0.92,-0.0092,0.43,0.0043,0.14,0.0014000000000000002,-0.19,-0.0019,-0.28,-0.0028000000000000004,-1.98,-0.019799999999999998,0.46,0.0046,0.22,0.0022
2023-06-29,-0.15,-0.0015,0.08,0.0008,0.4,0.004,1.67,0.0167,0.73,0.0073,2.09,0.0209,0.73,0.0073,1.23,0.0123,0.26,0.0026,0.36,0.0036,-0.24,-0.0024,0.37,0.0037,0.91,0.0091,0.03,0.0003,1.02,0.0102,-0.33,-0.0033,1.66,0.0166,0.84,0.0084,1.01,0.0101,0.76,0.0076
2023-06-30,0.61,0.0060999999999999995,-0.61,-0.0060999999999999995,0.97,0.0097,1.23,0.0123,0.6,0.006,0.35,0.0034999999999999996,1.52,0.0152,0.6,0.006,1.04,0.0104,0.64,0.0064,1.2,0.012,2.05,0.020499999999999997,0.82,0.008199999999999999,0.73,0.0073,0.97,0.0097,1.48,0.0148,0.59,0.0059,1.2,0.012,1.22,0.012199999999999999,1.11,0.0111
2023-07-03,0.71,0.0070999999999999995,-0.07,-0.0007000000000000001,-0.86,-0.0086,0.63,0.0063,-0.29,-0.0029,0.91,0.0091,5.6,0.055999999999999994,0.29,0.0029,0.63,0.0063,0.9,0.009000000000000001,-0.33,-0.0033,-0.17,-0.0017000000000000001,0.74,0.0074,0.88,0.0088,-0.44,-0.0044,0.15,0.0015,0.7,0.006999999999999999,0.79,0.0079,0.16,0.0016,-0.14,-0.0014000000000000002
2023-07-05,-0.05,-0.0005,-1.56,-0.015600000000000001,0.01,0.0001,-2.08,-0.0208,-1.25,-0.0125,-2.97,-0.0297,0.73,0.0073,-0.52,-0.0052,0.76,0.0076,-0.31,-0.0031,0.5,0.005,-0.85,-0.0085,-2.05,-0.020499999999999997,-0.76,-0.0076,-0.43,-0.0043,-0.01,-0.0001,-0.61,-0.0060999999999999995,-2.32,-0.0232,-1.32,-0.0132,-0.42,-0.0042
2023-07-06,-0.52,-0.0052,-1.69,-0.0169,-0.99,-0.009899999999999999,-0.63,-0.0063,-2.17,-0.0217,-1.3,-0.013000000000000001,-1.66,-0.0166,-2.59,-0.0259,-1.19,-0.011899999999999999,-0.76,-0.0076,-0.65,-0.006500000000000001,-0.47,-0.004699999999999999,-0.66,-0.0066,-1.2,-0.012,-0.73,-0.0073,-1.4,-0.013999999999999999,-1.04,-0.0104,-2.27,-0.0227,-1.95,-0.0195,-1.1,-0.011000000000000001
2023-07-07,-0.91,-0.0091,-0.72,-0.0072,-1.0,-0.01,1.48,0.0148,0.58,0.0058,1.71,0.0171,-0.17,-0.0017000000000000001,1.95,0.0195,-0.54,-0.0054,-0.09,-0.0009,-0.45,-0.0045000000000000005,-0.11,-0.0011,0.79,0.0079,0.83,0.0083,0.17,0.0017000000000000001,0.0,0.0,0.18,0.0018,1.46,0.0146,1.15,0.0115,0.25,0.0025
2023-07-10,-0.56,-0.005600000000000001,1.57,0.015700000000000002,1.1,0.011000000000000001,0.08,0.0008,2.36,0.0236,1.07,0.010700000000000001,-1.01,-0.0101,0.79,0.0079,-0.28,-0.0028000000000000004,-0.41,-0.0040999999999999995,0.0,0.0,0.24,0.0024,-0.41,-0.0040999999999999995,1.21,0.0121,1.21,0.0121,0.05,0.0005,0.53,0.0053,0.85,0.0085,2.7,0.027000000000000003,1.7,0.017
2023-07-11,0.04,0.0004,1.98,0.019799999999999998,-0.17,-0.0017000000000000001,1.25,0.0125,0.91,0.0091,1.55,0.0155,0.28,0.0028000000000000004,2.19,0.0219,1.26,0.0126,0.94,0.009399999999999999,0.99,0.009899999999999999,0.26,0.0026,1.87,0.0187,1.66,0.0166,0.33,0.0033,1.1,0.011000000000000001,1.3,0.013000000000000001,1.53,0.015300000000000001,1.06,0.0106,0.51,0.0051
2023-07-12,0.32,0.0032,0.7,0.006999999999999999,0.21,0.0021,1.32,0.0132,1.68,0.0168,1.03,0.0103,0.92,0.0092,0.73,0.0073,1.45,0.014499999999999999,0.23,0.0023,1.16,0.0116,1.31,0.0131,0.38,0.0038,0.07,0.0007000000000000001,-0.17,-0.0017000000000000001,0.97,0.0097,0.22,0.0022,1.85,0.018500000000000003,0.85,0.0085,0.77,0.0077
2023-07-13,0.54,0.0054,-0.27,-0.0027,0.11,0.0011,0.56,0.005600000000000001,0.75,0.0075,0.54,0.0054,1.68,0.0168,-0.51,-0.0051,0.39,0.0039000000000000003,0.1,0.001,2.06,0.0206,1.3,0.013000000000000001,0.47,0.004699999999999999,0.35,0.0034999999999999996,-0.42,-0.0042,0.73,0.0073,0.66,0.0066,2.86,0.0286,1.01,0.0101,0.28,0.0028000000000000004
2023-07-14,0.43,0.0043,-0.36,-0.0036,0.74,0.0074,-1.14,-0.011399999999999999,0.38,0.0038,-1.73,-0.0173,0.66,0.0066,-2.92,-0.0292,-0.73,-0.0073,-2.1,-0.021,0.14,0.0014000000000000002,-0.61,-0.0060999999999999995,-0.4,-0.004,-0.44,-0.0044,-0.16,-0.0016,0.16,0.0016,0.05,0.0005,-1.12,-0.011200000000000002,-1.39,-0.0139,-0.22,-0.0022
2023-07-17,-0.18,-0.0018,0.57,0.005699999999999999,-0.38,-0.0038,0.28,0.0028000000000000004,0.29,0.0029,0.46,0.0046,2.02,0.0202,0.11,0.0011,-0.99,-0.009899999999999999,-2.65,-0.0265,0.58,0.0058,1.63,0.0163,-0.49,-0.0049,0.16,0.0016,0.44,0.0044,-0.23,-0.0023,0.98,0.0098,-0.74,-0.0074,1.59,0.0159,0.53,0.0053
2023-07-18,-0.16,-0.0016,0.89,0.0089,0.34,0.0034000000000000002,0.89,0.0089,0.74,0.0074,1.61,0.0161,1.07,0.010700000000000001,1.18,0.0118,-0.44,-0.0044,1.26,0.0126,1.47,0.0147,0.3,0.003,0.68,0.0068000000000000005,1.92,0.0192,-0.07,-0.0007000000000000001,-0.03,-0.0003,1.69,0.0169,0.61,0.0060999999999999995,1.75,0.0175,0.19,0.0019
2023-07-19,1.32,0.0132,0.55,0.0055000000000000005,0.06,0.0006,0.11,0.0011,-0.27,-0.0027,-1.74,-0.0174,-0.49,-0.0049,0.52,0.0052,0.94,0.009399999999999999,2.31,0.0231,-0.49,-0.0049,0.31,0.0031,0.74,0.0074,0.38,0.0038,0.2,0.002,1.14,0.011399999999999999,0.98,0.0098,-0.11,-0.0011,-0.53,-0.0053,0.03,0.0003
2023-07-20,1.09,0.0109,-2.02,-0.0202,1.5,0.015,-0.26,-0.0026,-2.1,-0.021,-1.04,-0.0104,-7.38,-0.0738,1.24,0.0124,1.77,0.0177,1.28,0.0128,-2.31,-0.0231,-1.62,-0.016200000000000003,0.14,0.0014000000000000002,0.07,0.0007000000000000001,-0.13,-0.0013,-1.55,-0.0155,0.42,0.0042,0.26,0.0026,-0.59,-0.0059,-0.03,-0.0003
2023-07-21,0.11,0.0011,0.51,0.0051,0.75,0.0075,-0.05,-0.0005,-0.1,-0.001,-1.25,-0.0125,-1.0,-0.01,0.92,0.0092,1.26,0.0126,-0.13,-0.0013,-0.32,-0.0032,-0.09,-0.0009,0.49,0.0049,-0.28,-0.0028000000000000004,-0.21,-0.0021,0.06,0.0006,-0.36,-0.0036,-0.56,-0.005600000000000001,-1.51,-0.0151,0.55,0.0055000000000000005
2023-07-24,0.23,0.0023,0.12,0.0012,-0.61,-0.0060999999999999995,-0.49,-0.0049,0.5,0.005,1.46,0.0146,2.82,0.0282,1.72,0.0172,-0.11,-0.0011,-0.19,-0.0019,0.16,0.0016,0.31,0.0031,0.32,0.0032,-0.18,-0.0018,-0.01,-0.0001,0.07,0.0007000000000000001,0.9,0.009000000000000001,1.24,0.0124,0.05,0.0005,-0.23,-0.0023
2023-07-25,0.0,0.0,-0.32,-0.0032,-0.19,-0.0019,1.58,0.0158,1.07,0.010700000000000001,2.49,0.024900000000000002,-1.57,-0.015700000000000002,0.57,0.005699999999999999,0.14,0.0014000000000000002,-0.65,-0.006500000000000001,0.91,0.0091,0.97,0.0097,2.23,0.0223,-0.25,-0.0025,0.35,0.0034999999999999996,0.05,0.0005,-0.55,-0.0055000000000000005,2.55,0.0255,-1.07,-0.010700000000000001,-0.19,-0.0019
2023-07-26,0.17,0.0017000000000000001,0.71,0.0070999999999999995,-0.14,-0.0014000000000000002,0.49,0.0049,-0.02,-0.0002,-1.08,-0.0108,0.0,0.0,-0.12,-0.0012,0.04,0.0004,-0.21,-0.0021,-0.24,-0.0024,-0.25,-0.0025,0.28,0.0028000000000000004,2.38,0.023799999999999998,-0.49,-0.0049,0.07,0.0007000000000000001,0.63,0.0063,0.1,0.001,-0.41,-0.0040999999999999995,-0.06,-0.0006
2023-07-27,-0.78,-0.0078000000000000005,-2.15,-0.0215,-0.58,-0.0058,-0.46,-0.0046,-0.63,-0.0063,-0.84,-0.0084,-2.55,-0.0255,-0.55,-0.0055000000000000005,-1.59,-0.0159,0.03,0.0003,-0.82,-0.008199999999999999,-0.23,-0.0023,-0.37,-0.0037,-1.03,-0.0103,-1.13,-0.0113,-0.36,-0.0036,-1.13,-0.0113,-1.46,-0.0146,-0.63,-0.0063,-0.61,-0.0060999999999999995
2023-07-28,0.85,0.0085,1.53,0.015300000000000001,0.78,0.0078000000000000005,0.64,0.0064,0.9,0.009000000000000001,0.59,0.0059,3.05,0.0305,0.33,0.0033,-0.12,-0.0012,0.92,0.0092,2.02,0.0202,1.18,0.0118,0.68,0.0068000000000000005,1.57,0.015700000000000002,0.32,0.0032,1.63,0.0163,0.3,0.003,1.01,0.0101,1.51,0.0151,0.59,0.0059
2023-07-31,-0.68,-0.0068000000000000005,1.14,0.011399999999999999,-0.73,-0.0073,0.18,0.0018,0.4,0.004,2.13,0.0213,0.53,0.0053,2.05,0.020499999999999997,0.18,0.0018,0.62,0.0062,0.25,0.0025,0.11,0.0011,-0.28,-0.0028000000000000004,-0.08,-0.0008,0.36,0.0036,0.58,0.0058,0.43,0.0043,1.56,0.015600000000000001,1.56,0.015600000000000001,0.48,0.0048
2023-08-01,-0.29,-0.0029,-0.58,-0.0058,-0.72,-0.0072,-0.23,-0.0023,0.78,0.0078000000000000005,0.18,0.0018,-1.58,-0.0158,-0.37,-0.0037,-1.16,-0.0116,-0.43,-0.0043,-0.07,-0.0007000000000000001,0.0,0.0,-0.49,-0.0049,-1.42,-0.014199999999999999,0.29,0.0029,-0.94,-0.009399999999999999,-0.2,-0.002,-1.47,-0.0147,-1.55,-0.0155,-0.77,-0.0077
2023-08-02,0.56,0.005600000000000001,-1.58,-0.0158,-0.47,-0.004699999999999999,-1.57,-0.015700000000000002,-0.79,-0.0079,-2.42,-0.0242,-2.49,-0.024900000000000002,-1.42,-0.014199999999999999,-0.17,-0.0017000000000000001,-0.92,-0.0092,-2.65,-0.0265,-2.17,-0.0217,-0.72,-0.0072,-0.85,-0.0085,-0.25,-0.0025,-1.45,-0.014499999999999999,-0.7,-0.006999999999999999,-2.22,-0.0222,-4.6,-0.046,-0.82,-0.008199999999999999
2023-08-03,-0.37,-0.0037,1.47,0.0147,-0.53,-0.0053,-1.68,-0.0168,-0.94,-0.009399999999999999,0.18,0.0018,1.39,0.0139,1.1,0.011000000000000001,-1.74,-0.0174,-0.42,-0.0042,-0.41,-0.0040999999999999995,-0.35,-0.0034999999999999996,0.13,0.0013,-1.02,-0.0102,0.03,0.0003,0.44,0.0044,0.36,0.0036,1.04,0.0104,-1.81,-0.0181,-0.44,-0.0044
2023-08-04,-1.24,-0.0124,-0.23,-0.0023,-0.24,-0.0024,0.18,0.0018,0.67,0.0067,-1.64,-0.016399999999999998,-1.97,-0.0197,0.15,0.0015,-0.95,-0.0095,-0.01,-0.0001,-0.42,-0.0042,-1.96,-0.0196,-1.0,-0.01,0.17,0.0017000000000000001,-1.24,-0.0124,2.82,0.0282,-0.27,-0.0027,0.19,0.0019,-1.56,-0.015600000000000001,-0.91,-0.0091
2023-08-07,0.73,0.0073,0.97,0.0097,0.74,0.0074,0.51,0.0051,1.17,0.011699999999999999,1.0,0.01,-0.66,-0.0066,0.17,0.0017000000000000001,0.1,0.001,0.74,0.0074,1.14,0.011399999999999999,-0.13,-0.0013,0.1,0.001,1.15,0.0115,0.9,0.009000000000000001,1.23,0.0123,1.12,0.011200000000000002,0.03,0.0003,1.06,0.0106,1.15,0.0115
2023-08-08,-1.24,-0.0124,-0.47,-0.004699999999999999,1.24,0.0124,-1.56,-0.015600000000000001,-0.11,-0.0011,-0.64,-0.0064,-0.64,-0.0064,0.49,0.0049,0.38,0.0038,0.47,0.004699999999999999,-1.09,-0.0109,-0.38,-0.0038,-0.9,-0.009000000000000001,-0.29,-0.0029,-0.52,-0.0052,-0.93,-0.009300000000000001,-1.0,-0.01,0.03,0.0003,-0.43,-0.0043,-0.61,-0.0060999999999999995
2023-08-09,0.4,0.004,-0.22,-0.0022,0.11,0.0011,-0.12,-0.0012,-0.57,-0.005699999999999999,-0.48,-0.0048,-2.63,-0.0263,1.2,0.012,0.38,0.0038,-0.1,-0.001,-1.22,-0.012199999999999999,-1.67,-0.0167,-0.29,-0.0029,-0.9,-0.009000000000000001,-0.03,-0.0003,-0.51,-0.0051,-0.84,-0.0084,-0.78,-0.0078000000000000005,-0.93,-0.009300000000000001,-0.49,-0.0049
2023-08-10,-0.26,-0.0026,-0.77,-0.0077,-0.2,-0.002,-0.19,-0.0019,-0.99,-0.009899999999999999,-1.71,-0.0171,0.32,0.0032,-0.01,-0.0001,-0.36,-0.0036,1.3,0.013000000000000001,0.32,0.0032,-0.2,-0.002,0.2,0.002,0.35,0.0034999999999999996,-0.08,-0.0008,0.29,0.0029,0.12,0.0012,0.01,0.0001,-1.77,-0.0177,0.25,0.0025
2023-08-11,0.46,0.0046,-0.68,-0.0068000000000000005,0.67,0.0067,-0.22,-0.0022,0.04,0.0004,-0.2,-0.002,-0.95,-0.0095,1.5,0.015,0.61,0.0060999999999999995,-0.18,-0.0018,-0.39,-0.0039000000000000003,-0.89,-0.0089,-0.01,-0.0001,-0.7,-0.006999999999999999,0.51,0.0051,0.16,0.0016,0.31,0.0031,-0.78,-0.0078000000000000005,-0.09,-0.0009,-0.3,-0.003
2023-08-14,-0.26,-0.0026,-0.02,-0.0002,0.43,0.0043,0.21,0.0021,0.54,0.0054,4.35,0.0435,-0.78,-0.0078000000000000005,-0.39,-0.0039000000000000003,-0.9,-0.009000000000000001,0.2,0.002,0.98,0.0098,1.99,0.0199,-0.62,-0.0062,0.39,0.0039000000000000003,0.11,0.0011,0.58,0.0058,-0.26,-0.0026,-0.45,-0.0045000000000000005,0.61,0.0060999999999999995,-0.09,-0.0009
2023-08-15,-1.15,-0.0115,-0.91,-0.0091,-0.15,-0.0015,-1.79,-0.0179,-0.04,-0.0004,-1.88,-0.018799999999999997,-2.54,-0.0254,-2.21,-0.022099999999999998,-1.59,-0.0159,-0.52,-0.0052,-0.97,-0.0097,-1.0,-0.01,-1.56,-0.015600000000000001,-1.61,-0.0161,-0.99,-0.009899999999999999,-1.13,-0.0113,-1.8,-0.018000000000000002,-2.02,-0.0202,-1.06,-0.0106,-0.78,-0.0078000000000000005
2023-08-16,-0.32,-0.0032,-0.36,-0.0036,-0.84,-0.0084,-0.69,-0.0069,-1.51,-0.0151,-0.13,-0.0013,-2.63,-0.0263,-0.83,-0.0083,0.27,0.0027,-0.8,-0.008,-0.82,-0.008199999999999999,-1.07,-0.010700000000000001,-0.58,-0.0058,-0.81,-0.008100000000000001,-0.26,-0.0026,-0.76,-0.0076,-0.42,-0.0042,-0.89,-0.0089,-1.5,-0.015,-0.62,-0.0062
2023-08-17,-0.54,-0.0054,-1.15,-0.0115,-0.68,-0.0068000000000000005,-0.02,-0.0002,-3.39,-0.0339,-0.5,-0.005,-2.21,-0.022099999999999998,1.42,0.014199999999999999,-0.16,-0.0016,-0.79,-0.0079,-1.03,-0.0103,-0.81,-0.008100000000000001,0.36,0.0036,-0.85,-0.0085,-1.52,-0.0152,-1.36,-0.013600000000000001,-0.73,-0.0073,-0.77,-0.0077,-1.59,-0.0159,-1.58,-0.0158
2023-08-18,0.46,0.0046,0.31,0.0031,0.02,0.0002,0.48,0.0048,0.48,0.0048,0.42,0.0042,-1.05,-0.0105,0.98,0.0098,0.51,0.0051,-0.26,-0.0026,-0.25,-0.0025,0.07,0.0007000000000000001,0.0,0.0,0.29,0.0029,0.45,0.0045000000000000005,0.22,0.0022,0.15,0.0015,-1.69,-0.0169,0.47,0.004699999999999999,-0.14,-0.0014000000000000002
2023-08-21,-0.75,-0.0075,-0.9,-0.009000000000000001,0.22,0.0022,0.16,0.0016,-0.47,-0.004699999999999999,-0.42,-0.0042,5.34,0.053399999999999996,-0.58,-0.0058,-0.49,-0.0049,-0.22,-0.0022,1.21,0.0121,2.17,0.0217,-1.0,-0.01,-0.34,-0.0034000000000000002,0.06,0.0006,0.17,0.0017000000000000001,-0.05,-0.0005,0.39,0.0039000000000000003,0.4,0.004,-0.63,-0.0063
2023-08-22,-0.66,-0.0066,-1.55,-0.0155,-0.17,-0.0017000000000000001,-0.27,-0.0027,0.38,0.0038,0.53,0.0053,0.4,0.004,-0.68,-0.0068000000000000005,0.1,0.001,-0.28,-0.0028000000000000004,0.1,0.001,-0.36,-0.0036,-0.05,-0.0005,-0.5,-0.005,-0.52,-0.0052,-0.54,-0.0054,-1.18,-0.0118,0.63,0.0063,-0.24,-0.0024,0.5,0.005
2023-08-23,0.34,0.0034000000000000002,-1.24,-0.0124,0.27,0.0027,0.05,0.0005,1.2,0.012,-0.59,-0.0059,1.42,0.014199999999999999,-0.52,-0.0052,0.3,0.003,0.12,0.0012,1.73,0.0173,2.17,0.0217,0.73,0.0073,0.96,0.0096,0.83,0.0083,0.83,0.0083,0.75,0.0075,1.69,0.0169,1.98,0.019799999999999998,0.3,0.003
2023-08-24,-0.43,-0.0043,-2.17,-0.0217,-0.92,-0.0092,-0.38,-0.0038,-1.46,-0.0146,-1.43,-0.0143,-2.61,-0.026099999999999998,-0.78,-0.0078000000000000005,-0.57,-0.005699999999999999,-1.26,-0.0126,-2.02,-0.0202,-2.07,-0.0207,-0.45,-0.0045000000000000005,-1.11,-0.0111,-0.78,-0.0078000000000000005,-2.11,-0.021099999999999997,-0.22,-0.0022,-1.82,-0.0182,-0.84,-0.0084,-0.72,-0.0072
2023-08-25,0.71,0.0070999999999999995,0.78,0.0078000000000000005,0.86,0.0086,0.27,0.0027,-0.19,-0.0019,0.21,0.0021,2.96,0.0296,1.16,0.0116,0.72,0.0072,0.17,0.0017000000000000001,0.97,0.0097,0.4,0.004,0.57,0.005699999999999999,0.21,0.0021,0.57,0.005699999999999999,0.56,0.005600000000000001,0.19,0.0019,-0.68,-0.0068000000000000005,1.38,0.0138,0.4,0.004
2023-08-28,0.4,0.004,0.65,0.006500000000000001,0.08,0.0008,0.7,0.006999999999999999,0.99,0.009899999999999999,0.71,0.0070999999999999995,0.23,0.0023,0.64,0.0064,0.1,0.001,1.3,0.013000000000000001,0.59,0.0059,1.11,0.0111,1.86,0.018600000000000002,0.38,0.0038,0.65,0.006500000000000001,0.39,0.0039000000000000003,0.75,0.0075,1.31,0.0131,1.38,0.0138,0.57,0.005699999999999999
2023-08-29,0.38,0.0038,2.01,0.020099999999999996,0.88,0.0088,1.6,0.016,2.01,0.020099999999999996,2.98,0.0298,6.05,0.0605,0.34,0.0034000000000000002,0.36,0.0036,2.22,0.0222,1.83,0.0183,2.34,0.023399999999999997,1.12,0.011200000000000002,1.18,0.0118,0.87,0.0087,1.23,0.0123,0.95,0.0095,2.12,0.0212,2.28,0.022799999999999997,1.08,0.0108
2023-08-30,-0.08,-0.0008,0.22,0.0022,0.05,0.0005,0.39,0.0039000000000000003,0.89,0.0089,-0.39,-0.0039000000000000003,-0.05,-0.0005,0.5,0.005,-0.3,-0.003,0.23,0.0023,0.54,0.0054,1.07,0.010700000000000001,-0.08,-0.0008,0.58,0.0058,0.17,0.0017000000000000001,0.49,0.0049,-0.06,-0.0006,0.2,0.002,-0.65,-0.006500000000000001,0.29,0.0029
2023-08-31,-0.86,-0.0086,0.26,0.0026,-0.86,-0.0086,-0.1,-0.001,0.22,0.0022,0.64,0.0064,0.38,0.0038,0.23,0.0023,-0.83,-0.0083,-0.33,-0.0033,0.2,0.002,0.42,0.0042,0.42,0.0042,-0.78,-0.0078000000000000005,-0.74,-0.0074,0.91,0.0091,-0.59,-0.0059,-0.39,-0.0039000000000000003,0.3,0.003,-0.84,-0.0084
2023-09-01,-1.02,-0.0102,2.07,0.0207,0.44,0.0044,0.8,0.008,1.42,0.014199999999999999,1.02,0.0102,-3.56,-0.0356,2.27,0.0227,-0.29,-0.0029,-1.74,-0.0174,0.35,0.0034999999999999996,0.17,0.0017000000000000001,0.24,0.0024,0.32,0.0032,0.37,0.0037,-0.05,-0.0005,0.73,0.0073,2.17,0.0217,1.01,0.0101,0.54,0.0054
2023-09-05,-0.75,-0.0075,-1.92,-0.0192,-1.22,-0.012199999999999999,-1.88,-0.018799999999999997,-4.15,-0.0415,-1.93,-0.019299999999999998,3.08,0.0308,0.48,0.0048,-1.45,-0.014499999999999999,-1.39,-0.0139,0.48,0.0048,-0.3,-0.003,-1.46,-0.0146,-1.77,-0.0177,-1.98,-0.019799999999999998,-0.86,-0.0086,-0.79,-0.0079,-2.57,-0.025699999999999997,-2.26,-0.0226,-0.53,-0.0053
2023-09-06,-0.24,-0.0024,-0.42,-0.0042,-0.44,-0.0044,-0.35,-0.0034999999999999996,0.63,0.0063,-0.82,-0.008199999999999999,-1.41,-0.0141,0.19,0.0019,-0.16,-0.0016,-0.02,-0.0002,-0.28,-0.0028000000000000004,-2.13,-0.0213,-0.7,-0.006999999999999999,-0.76,-0.0076,-0.02,-0.0002,-0.69,-0.0069,-0.49,-0.0049,-0.33,-0.0033,0.26,0.0026,-0.69,-0.0069
2023-09-07,-0.14,-0.0014000000000000002,-1.24,-0.0124,0.21,0.0021,-1.03,-0.0103,-0.14,-0.0014000000000000002,-0.7,-0.006999999999999999,-0.33,-0.0033,-0.26,-0.0026,1.15,0.0115,-0.36,-0.0036,-0.26,-0.0026,-2.08,-0.0208,-0.39,-0.0039000000000000003,-0.5,-0.005,0.04,0.0004,1.03,0.0103,0.03,0.0003,-1.05,-0.0105,-0.99,-0.009899999999999999,0.13,0.0013
2023-09-08,0.15,0.0015,-0.37,-0.0037,0.37,0.0037,0.24,0.0024,-0.34,-0.0034000000000000002,-1.63,-0.0163,-0.67,-0.0067,1.17,0.011699999999999999,0.89,0.0089,0.26,0.0026,0.39,0.0039000000000000003,-0.38,-0.0038,0.72,0.0072,0.2,0.002,-0.23,-0.0023,0.17,0.0017000000000000001,0.34,0.0034000000000000002,-0.07,-0.0007000000000000001,-1.15,-0.0115,0.53,0.0053
2023-09-11,0.97,0.0097,-0.65,-0.006500000000000001,0.9,0.009000000000000001,0.2,0.002,0.59,0.0059,-0.64,-0.0064,7.56,0.0756,-1.52,-0.0152,0.17,0.0017000000000000001,1.23,0.0123,0.87,0.0087,0.21,0.0021,0.29,0.0029,0.8,0.008,0.2,0.002,1.53,0.015300000000000001,0.22,0.0022,1.38,0.0138,-0.51,-0.0051,0.16,0.0016
2023-09-12,-0.5,-0.005,-0.53,-0.0053,-0.18,-0.0018,-0.61,-0.0060999999999999995,-1.36,-0.013600000000000001,-0.18,-0.0018,-1.48,-0.0148,2.31,0.0231,0.48,0.0048,0.19,0.0019,-1.86,-0.018600000000000002,-1.09,-0.0109,-0.42,-0.0042,-0.52,-0.0052,-0.39,-0.0039000000000000003,-0.69,-0.0069,0.8,0.008,-0.68,-0.0068000000000000005,-0.97,-0.0097,0.26,0.0026
2023-09-13,0.04,0.0004,-0.59,-0.0059,-0.19,-0.0019,-0.52,-0.0052,-1.69,-0.0169,-0.71,-0.0070999999999999995,0.96,0.0096,-0.79,-0.0079,0.97,0.0097,0.09,0.0009,0.59,0.0059,-0.13,-0.0013,-1.78,-0.0178,-0.41,-0.0040999999999999995,-0.5,-0.005,1.03,0.0103,-0.29,-0.0029,-0.43,-0.0043,-1.36,-0.013600000000000001,-0.26,-0.0026
2023-09-14,1.11,0.0111,0.96,0.0096,0.1,0.001,1.46,0.0146,1.5,0.015,3.08,0.0308,1.63,0.0163,1.22,0.012199999999999999,1.39,0.0139,1.68,0.0168,0.83,0.0083,0.81,0.008100000000000001,1.75,0.0175,1.27,0.0127,0.96,0.0096,0.52,0.0052,0.9,0.009000000000000001,1.56,0.015600000000000001,1.75,0.0175,1.12,0.011200000000000002
2023-09-15,-0.84,-0.0084,-0.68,-0.0068000000000000005,-1.17,-0.011699999999999999,-1.02,-0.0102,-2.07,-0.0207,-3.71,-0.0371,-0.47,-0.004699999999999999,-1.32,-0.0132,-0.56,-0.005600000000000001,-0.49,-0.0049,-1.7,-0.017,-1.4,-0.013999999999999999,-0.9,-0.009000000000000001,-0.59,-0.0059,-0.49,-0.0049,-2.11,-0.021099999999999997,-0.35,-0.0034999999999999996,-0.67,-0.0067,-1.04,-0.0104,-1.35,-0.013500000000000002
2023-09-18,0.17,0.0017000000000000001,-1.19,-0.011899999999999999,-0.33,-0.0033,-0.81,-0.008100000000000001,0.5,0.005,-0.56,-0.005600000000000001,-2.73,-0.0273,0.6,0.006,-0.03,-0.0003,-0.23,-0.0023,-0.05,-0.0005,0.67,0.0067,0.03,0.0003,-0.84,-0.0084,0.42,0.0042,-0.55,-0.0055000000000000005,0.08,0.0008,-0.15,-0.0015,0.4,0.004,-0.13,-0.0013
2023-09-19,-0.25,-0.0025,-0.06,-0.0006,0.23,0.0023,-0.09,-0.0009,-0.03,-0.0003,1.28,0.0128,0.38,0.0038,-0.86,-0.0086,-0.54,-0.0054,-0.33,-0.0033,-0.11,-0.0011,-0.09,-0.0009,-0.42,-0.0042,-0.28,-0.0028000000000000004,0.14,0.0014000000000000002,-0.89,-0.0089,-0.28,-0.0028000000000000004,-1.75,-0.0175,-0.42,-0.0042,-0.57,-0.005699999999999999
2023-09-20,0.06,0.0006,-0.14,-0.0014000000000000002,-0.49,-0.0049,-0.97,-0.0097,-0.86,-0.0086,-0.68,-0.0068000000000000005,-1.32,-0.0132,-1.02,-0.0102,-0.04,-0.0004,0.08,0.0008,-1.64,-0.016399999999999998,-1.71,-0.0171,-0.17,-0.0017000000000000001,-0.38,-0.0038,0.09,0.0009,-0.83,-0.0083,-0.23,-0.0023,-0.13,-0.0013,-1.01,-0.0101,-0.31,-0.0031
2023-09-21,-1.02,-0.0102,-2.28,-0.022799999999999997,-1.41,-0.0141,-1.96,-0.0196,-2.73,-0.0273,-1.95,-0.0195,-2.43,-0.024300000000000002,-1.3,-0.013000000000000001,-1.19,-0.011899999999999999,-0.47,-0.004699999999999999,-1.85,-0.018500000000000003,-1.66,-0.0166,-0.92,-0.0092,-1.15,-0.0115,-0.92,-0.0092,-2.79,-0.0279,-1.19,-0.011899999999999999,-2.78,-0.0278,-2.57,-0.025699999999999997,-2.46,-0.0246
2023-09-22,-0.61,-0.0060999999999999995,-0.29,-0.0029,-0.38,-0.0038,-0.34,-0.0034000000000000002,0.23,0.0023,1.25,0.0125,-3.18,-0.0318,0.11,0.0011,-0.03,-0.0003,-0.98,-0.0098,-0.16,-0.0016,0.61,0.0060999999999999995,-0.61,-0.0060999999999999995,-0.34,-0.0034000000000000002,0.08,0.0008,-0.16,-0.0016,-0.52,-0.0052,-0.47,-0.004699999999999999,-0.05,-0.0005,0.22,0.0022
2023-09-25,-0.68,-0.0068000000000000005,-0.39,-0.0039000000000000003,0.21,0.0021,0.85,0.0085,0.12,0.0012,1.21,0.0121,0.95,0.0095,1.41,0.0141,-0.04,-0.0004,-0.54,-0.0054,0.25,0.0025,0.74,0.0074,-0.16,-0.0016,0.58,0.0058,0.77,0.0077,0.85,0.0085,0.4,0.004,0.13,0.0013,0.87,0.0087,-0.53,-0.0053
2023-09-26,-0.39,-0.0039000000000000003,-0.89,-0.0089,-0.54,-0.0054,-1.52,-0.0152,-1.31,-0.0131,-1.94,-0.0194,-1.21,-0.0121,-0.39,-0.0039000000000000003,-2.73,-0.0273,-0.87,-0.0087,-1.63,-0.0163,-1.76,-0.0176,-1.04,-0.0104,-1.65,-0.0165,-1.48,-0.0148,-2.3,-0.023,-1.5,-0.015,-1.81,-0.0181,-1.76,-0.0176,-0.79,-0.0079
2023-09-27,-1.0,-0.01,-0.47,-0.004699999999999999,-0.43,-0.0043,-0.09,-0.0009,0.95,0.0095,2.41,0.0241,-0.93,-0.009300000000000001,2.73,0.0273,-1.39,-0.0139,0.02,0.0002,0.56,0.005600000000000001,0.14,0.0014000000000000002,0.1,0.001,0.19,0.0019,0.59,0.0059,0.07,0.0007000000000000001,-0.06,-0.0006,-0.56,-0.005600000000000001,1.77,0.0177,-0.57,-0.005699999999999999
2023-09-28,-0.09,-0.0009,0.49,0.0049,0.38,0.0038,1.62,0.016200000000000003,1.29,0.0129,0.84,0.0084,2.21,0.022099999999999998,0.03,0.0003,-1.62,-0.016200000000000003,0.77,0.0077,0.84,0.0084,0.94,0.009399999999999999,0.42,0.0042,1.31,0.0131,0.66,0.0066,0.42,0.0042,0.89,0.0089,1.7,0.017,0.87,0.0087,1.22,0.012199999999999999
2023-09-29,0.04,0.0004,4.24,0.0424,-0.82,-0.008199999999999999,-0.25,-0.0025,-1.12,-0.011200000000000002,-0.08,-0.0008,1.12,0.011200000000000002,-1.87,-0.0187,-0.07,-0.0007000000000000001,-0.08,-0.0008,-0.07,-0.0007000000000000001,0.33,0.0033,0.11,0.0011,-0.13,-0.0013,-0.98,-0.0098,0.12,0.0012,-0.7,-0.006999999999999999,-0.38,-0.0038,-0.38,-0.0038,-0.48,-0.0048
2023-10-02,-1.31,-0.0131,-1.04,-0.0104,-0.44,-0.0044,-1.71,-0.0171,-1.63,-0.0163,-0.84,-0.0084,0.16,0.0016,-2.11,-0.021099999999999997,-4.29,-0.0429,-0.86,-0.0086,1.16,0.0116,0.91,0.0091,-1.63,-0.0163,-0.68,-0.0068000000000000005,-0.24,-0.0024,0.54,0.0054,-0.69,-0.0069,-1.97,-0.0197,-1.78,-0.0178,-0.82,-0.008199999999999999
2023-10-03,-1.18,-0.0118,-1.08,-0.0108,-1.08,-0.0108,-0.86,-0.0086,-2.3,-0.023,-0.72,-0.0072,-2.13,-0.0213,-0.12,-0.0012,0.91,0.0091,-1.3,-0.013000000000000001,-2.07,-0.0207,-1.33,-0.013300000000000001,-0.64,-0.0064,-1.12,-0.011200000000000002,-1.12,-0.011200000000000002,-2.38,-0.023799999999999998,-1.7,-0.017,-0.78,-0.0078000000000000005,-1.78,-0.0178,-2.19,-0.0219
2023-10-04,0.66,0.0066,0.68,0.0068000000000000005,0.29,0.0029,1.33,0.013300000000000001,1.28,0.0128,0.08,0.0008,4.76,0.047599999999999996,-3.55,-0.0355,-0.09,-0.0009,-0.02,-0.0002,1.67,0.0167,0.8,0.008,0.51,0.0051,0.48,0.0048,1.38,0.0138,1.14,0.011399999999999999,0.76,0.0076,0.53,0.0053,0.89,0.0089,1.13,0.0113
2023-10-05,-3.22,-0.0322,-0.94,-0.009399999999999999,0.74,0.0074,-1.29,-0.0129,-0.4,-0.004,-0.29,-0.0029,-1.07,-0.010700000000000001,-0.61,-0.0060999999999999995,-0.11,-0.0011,0.21,0.0021,-0.07,-0.0007000000000000001,0.25,0.0025,-1.24,-0.0124,-0.57,-0.005699999999999999,0.0,0.0,-0.75,-0.0075,0.72,0.0072,-0.48,-0.0048,-1.72,-0.0172,-0.57,-0.005699999999999999
2023-10-06,-0.09,-0.0009,1.19,0.011899999999999999,1.03,0.0103,0.47,0.004699999999999999,0.88,0.0088,0.94,0.009399999999999999,0.49,0.0049,0.51,0.0051,1.36,0.013600000000000001,0.68,0.0068000000000000005,2.28,0.022799999999999997,1.6,0.016,-0.25,-0.0025,1.03,0.0103,0.66,0.0066,0.39,0.0039000000000000003,1.03,0.0103,3.17,0.0317,1.82,0.0182,-0.64,-0.0064
2023-10-09,0.24,0.0024,0.19,0.0019,0.24,0.0024,0.09,0.0009,0.62,0.0062,0.08,0.0008,-0.23,-0.0023,3.62,0.0362,1.27,0.0127,1.72,0.0172,0.71,0.0070999999999999995,0.46,0.0046,0.72,0.0072,-0.01,-0.0001,1.01,0.0101,0.32,0.0032,0.15,0.0015,-0.14,-0.0014000000000000002,-0.18,-0.0018,0.2,0.002
2023-10-10,1.03,0.0103,0.62,0.0062,0.72,0.0072,1.44,0.0144,1.25,0.0125,0.85,0.0085,1.44,0.0144,-0.02,-0.0002,1.17,0.011699999999999999,1.05,0.0105,0.23,0.0023,0.36,0.0036,0.94,0.009399999999999999,1.28,0.0128,0.58,0.0058,1.03,0.0103,0.67,0.0067,1.18,0.0118,1.85,0.018500000000000003,1.29,0.0129
2023-10-11,-1.05,-0.0105,0.72,0.0072,-0.58,-0.0058,0.33,0.0033,1.23,0.0123,0.11,0.0011,-0.24,-0.0024,-1.41,-0.0141,1.39,0.0139,-0.15,-0.0015,1.02,0.0102,0.83,0.0083,-0.02,-0.0002,0.33,0.0033,0.26,0.0026,0.78,0.0078000000000000005,0.1,0.001,0.42,0.0042,1.3,0.013000000000000001,-0.54,-0.0054
2023-10-12,-2.87,-0.0287,-0.34,-0.0034000000000000002,-1.17,-0.011699999999999999,-1.56,-0.015600000000000001,-3.38,-0.0338,-3.78,-0.0378,-1.6,-0.016,0.09,0.0009,-1.25,-0.0125,-1.33,-0.013300000000000001,-0.87,-0.0087,0.06,0.0006,-1.66,-0.0166,-1.05,-0.0105,-0.21,-0.0021,-0.27,-0.0027,-0.54,-0.0054,-2.1,-0.021,-1.95,-0.0195,-1.63,-0.0163
2023-10-13,0.85,0.0085,0.39,0.0039000000000000003,0.35,0.0034999999999999996,-0.81,-0.008100000000000001,-0.91,-0.0091,-1.14,-0.011399999999999999,-2.65,-0.0265,2.33,0.0233,1.02,0.0102,-0.01,-0.0001,-1.27,-0.0127,-1.59,-0.0159,0.01,0.0001,-1.98,-0.019799999999999998,-0.32,-0.0032,-0.79,-0.0079,0.32,0.0032,-0.27,-0.0027,-2.8,-0.027999999999999997,-0.31,-0.0031
2023-10-16,1.14,0.011399999999999999,3.97,0.0397,0.9,0.009000000000000001,1.37,0.0137,1.2,0.012,0.62,0.0062,1.21,0.0121,0.59,0.0059,1.06,0.0106,1.42,0.014199999999999999,1.41,0.0141,0.81,0.008100000000000001,1.13,0.0113,1.64,0.016399999999999998,0.5,0.005,1.71,0.0171,1.14,0.011399999999999999,1.46,0.0146,1.54,0.0154,1.57,0.015700000000000002
2023-10-17,1.06,0.0106,1.51,0.0151,-0.05,-0.0005,1.28,0.0128,0.74,0.0074,1.07,0.010700000000000001,0.43,0.0043,1.01,0.0101,-0.07,-0.0007000000000000001,0.37,0.0037,0.37,0.0037,-1.33,-0.013300000000000001,0.75,0.0075,0.41,0.0040999999999999995,0.54,0.0054,-0.06,-0.0006,0.68,0.0068000000000000005,1.33,0.013300000000000001,0.21,0.0021,0.72,0.0072
2023-10-18,-0.12,-0.0012,-0.3,-0.003,-0.97,-0.0097,-2.93,-0.029300000000000003,-3.55,-0.0355,-3.47,-0.0347,-4.4,-0.044000000000000004,1.07,0.010700000000000001,-0.98,-0.0098,-1.62,-0.016200000000000003,-1.4,-0.013999999999999999,-1.65,-0.0165,-1.09,-0.0109,-3.19,-0.0319,-1.59,-0.0159,-1.63,-0.0163,-1.59,-0.0159,-3.31,-0.0331,-4.41,-0.0441,-0.03,-0.0003
2023-10-19,-0.19,-0.0019,-1.04,-0.0104,-1.26,-0.0126,-1.54,-0.0154,-1.48,-0.0148,-1.87,-0.0187,-7.51,-0.0751,-0.08,-0.0008,-0.87,-0.0087,-0.46,-0.0046,-0.4,-0.004,-0.68,-0.0068000000000000005,-1.46,-0.0146,-0.75,-0.0075,-1.62,-0.016200000000000003,-0.62,-0.0062,-1.31,-0.0131,-0.67,-0.0067,-1.65,-0.0165,-0.04,-0.0004
2023-10-20,-0.3,-0.003,-0.56,-0.005600000000000001,-0.28,-0.0028000000000000004,-0.96,-0.0096,-0.85,-0.0085,-1.14,-0.011399999999999999,-2.73,-0.0273,-1.68,-0.0168,-1.07,-0.010700000000000001,-0.55,-0.0055000000000000005,-1.82,-0.0182,-1.51,-0.0151,-1.14,-0.011399999999999999,-0.03,-0.0003,-0.95,-0.0095,-1.52,-0.0152,-1.61,-0.0161,-1.51,-0.0151,-2.22,-0.0222,-0.85,-0.0085
2023-10-23,-0.71,-0.0070999999999999995,0.15,0.0015,-0.69,-0.0069,-1.55,-0.0155,0.12,0.0012,-0.66,-0.0066,-0.19,-0.0019,-1.84,-0.0184,-0.85,-0.0085,-0.37,-0.0037,0.39,0.0039000000000000003,0.31,0.0031,-1.44,-0.0144,-0.89,-0.0089,-0.48,-0.0048,0.3,0.003,-0.88,-0.0088,-0.53,-0.0053,-0.63,-0.0063,-0.19,-0.0019
2023-10-24,1.51,0.0151,1.57,0.015700000000000002,0.74,0.0074,0.35,0.0034999999999999996,0.39,0.0039000000000000003,3.29,0.0329,1.68,0.0168,-1.31,-0.0131,1.97,0.0197,2.35,0.0235,0.8,0.008,0.58,0.0058,2.5,0.025,0.2,0.002,0.39,0.0039000000000000003,0.86,0.0086,0.5,0.005,1.39,0.0139,0.19,0.0019,1.07,0.010700000000000001
2023-10-25,0.97,0.0097,-1.37,-0.0137,-1.14,-0.011399999999999999,-1.03,-0.0103,-1.67,-0.0167,-0.55,-0.0055000000000000005,-1.43,-0.0143,-0.14,-0.0014000000000000002,0.3,0.003,-1.65,-0.0165,-2.63,-0.0263,-2.54,-0.0254,-1.08,-0.0108,-1.89,-0.0189,-0.58,-0.0058,-2.58,-0.0258,-0.27,-0.0027,-2.09,-0.0209,-1.55,-0.0155,-0.54,-0.0054
2023-10-26,-0.19,-0.0019,-2.38,-0.023799999999999998,-1.16,-0.0116,0.97,0.0097,0.88,0.0088,1.89,0.0189,-2.65,-0.0265,-0.79,-0.0079,0.77,0.0077,-1.5,-0.015,-2.04,-0.0204,-1.85,-0.018500000000000003,0.93,0.009300000000000001,-2.11,-0.021099999999999997,-0.07,-0.0007000000000000001,-0.81,-0.008100000000000001,0.02,0.0002,-0.58,-0.0058,-0.06,-0.0006,-1.26,-0.0126
2023-10-27,-0.94,-0.009399999999999999,-0.69,-0.0069,-1.88,-0.018799999999999997,-0.73,-0.0073,-0.58,-0.0058,0.33,0.0033,-0.63,-0.0063,-2.3,-0.023,-1.81,-0.0181,-1.97,-0.0197,0.12,0.0012,0.48,0.0048,-1.2,-0.012,-0.81,-0.008100000000000001,-0.49,-0.0049,2.32,0.0232,-1.67,-0.0167,0.92,0.0092,-1.03,-0.0103,0.17,0.0017000000000000001
2023-10-30,1.16,0.0116,2.73,0.0273,0.69,0.0069,0.42,0.0042,0.86,0.0086,0.97,0.0097,-3.66,-0.0366,0.24,0.0024,0.56,0.005600000000000001,2.37,0.023700000000000002,1.61,0.0161,0.55,0.0055000000000000005,1.57,0.015700000000000002,2.29,0.0229,0.73,0.0073,2.45,0.0245,1.54,0.0154,0.72,0.0072,0.59,0.0059,1.35,0.013500000000000002
2023-10-31,0.39,0.0039000000000000003,0.42,0.0042,0.37,0.0037,0.35,0.0034999999999999996,1.23,0.0123,0.41,0.0040999999999999995,1.49,0.0149,0.39,0.0039000000000000003,0.89,0.0089,1.63,0.0163,0.59,0.0059,0.65,0.006500000000000001,0.94,0.009399999999999999,0.67,0.0067,0.81,0.008100000000000001,0.41,0.0040999999999999995,0.96,0.0096,-0.8,-0.008,-0.16,-0.0016,0.47,0.004699999999999999
2023-11-01,0.28,0.0028000000000000004,-1.52,-0.0152,0.64,0.0064,-0.15,-0.0015,2.03,0.0203,0.76,0.0076,1.93,0.019299999999999998,-0.35,-0.0034999999999999996,1.09,0.0109,0.67,0.0067,1.39,0.0139,1.78,0.0178,-0.06,-0.0006,0.16,0.0016,0.78,0.0078000000000000005,1.43,0.0143,0.32,0.0032,1.66,0.0166,1.78,0.0178,-0.27,-0.0027
2023-11-02,1.74,0.0174,3.3,0.033,1.68,0.0168,2.21,0.022099999999999998,4.12,0.0412,2.75,0.0275,5.17,0.051699999999999996,3.06,0.030600000000000002,2.23,0.0223,2.28,0.022799999999999997,1.39,0.0139,2.11,0.021099999999999997,1.58,0.0158,2.29,0.0229,1.12,0.011200000000000002,1.18,0.0118,2.3,0.023,2.27,0.0227,-0.33,-0.0033,2.28,0.022799999999999997
2023-11-03,0.6,0.006,1.8,0.018000000000000002,0.84,0.0084,2.19,0.0219,2.31,0.0231,0.74,0.0074,1.28,0.0128,-1.06,-0.0106,0.56,0.005600000000000001,1.78,0.0178,1.49,0.0149,1.23,0.0123,1.53,0.015300000000000001,1.52,0.0152,1.9,0.019,0.64,0.0064,1.34,0.0134,0.96,0.0096,2.52,0.0252,1.95,0.0195
2023-11-06,-0.11,-0.0011,0.18,0.0018,0.5,0.005,-1.15,-0.0115,-0.79,-0.0079,0.24,0.0024,-0.63,-0.0063,-1.42,-0.014199999999999999,-0.53,-0.0053,-1.31,-0.0131,0.28,0.0028000000000000004,0.67,0.0067,-0.29,-0.0029,0.32,0.0032,0.0,0.0,0.33,0.0033,-0.27,-0.0027,-0.51,-0.0051,-2.08,-0.0208,0.07,0.0007000000000000001
2023-11-07,0.03,0.0003,1.57,0.015700000000000002,0.1,0.001,-2.56,-0.0256,0.2,0.002,-1.28,-0.0128,0.82,0.008199999999999999,-2.2,-0.022000000000000002,-0.91,-0.0091,0.05,0.0005,1.22,0.012199999999999999,0.86,0.0086,-0.59,-0.0059,0.46,0.0046,0.24,0.0024,1.11,0.0111,-0.04,-0.0004,-2.08,-0.0208,0.1,0.001,0.26,0.0026
2023-11-08,-0.02,-0.0002,-0.23,-0.0023,-0.17,-0.0017000000000000001,0.65,0.006500000000000001,0.11,0.0011,-0.05,-0.0005,-0.3,-0.003,-1.22,-0.012199999999999999,-0.94,-0.009399999999999999,-1.24,-0.0124,0.58,0.0058,0.35,0.0034999999999999996,-0.22,-0.0022,0.08,0.0008,-0.15,-0.0015,-0.6,-0.006,-0.17,-0.0017000000000000001,-1.2,-0.012,0.31,0.0031,-0.47,-0.004699999999999999
2023-11-09,-0.71,-0.0070999999999999995,-1.62,-0.016200000000000003,-2.82,-0.0282,-0.45,-0.0045000000000000005,-0.72,-0.0072,-0.97,-0.0097,-4.76,-0.047599999999999996,-0.3,-0.003,-1.11,-0.0111,0.53,0.0053,-0.83,-0.0083,-0.27,-0.0027,-0.64,-0.0064,-0.87,-0.0087,-0.21,-0.0021,-1.09,-0.0109,-0.54,-0.0054,-0.85,-0.0085,-0.73,-0.0073,-0.42,-0.0042
2023-11-10,0.03,0.0003,-0.02,-0.0002,0.51,0.0051,1.19,0.011899999999999999,2.12,0.0212,0.96,0.0096,2.08,0.0208,1.06,0.0106,0.42,0.0042,0.39,0.0039000000000000003,2.07,0.0207,2.48,0.0248,0.7,0.006999999999999999,1.5,0.015,1.65,0.0165,1.63,0.0163,1.05,0.0105,0.94,0.009399999999999999,1.08,0.0108,1.32,0.0132
2023-11-13,0.37,0.0037,-1.15,-0.0115,0.83,0.0083,-0.23,-0.0023,-0.2,-0.002,-0.09,-0.0009,3.25,0.0325,0.77,0.0077,-0.88,-0.0088,-0.19,-0.0019,-0.26,-0.0026,-0.55,-0.0055000000000000005,-0.56,-0.005600000000000001,0.16,0.0016,0.03,0.0003,-0.38,-0.0038,-0.04,-0.0004,-0.44,-0.0044,0.19,0.0019,0.27,0.0027
2023-11-14,0.99,0.009899999999999999,2.85,0.0285,1.27,0.0127,4.17,0.0417,5.33,0.0533,2.91,0.0291,5.72,0.0572,0.89,0.0089,3.68,0.0368,1.26,0.0126,2.11,0.021099999999999997,2.3,0.023,2.78,0.0278,3.16,0.0316,1.68,0.0168,2.45,0.0245,2.25,0.0225,4.8,0.048,4.83,0.0483,2.0,0.02
2023-11-15,-0.03,-0.0003,1.98,0.019799999999999998,-0.05,-0.0005,0.64,0.0064,-0.57,-0.005699999999999999,0.47,0.004699999999999999,1.87,0.0187,-0.27,-0.0027,-0.15,-0.0015,1.35,0.013500000000000002,-0.02,-0.0002,0.21,0.0021,1.19,0.011899999999999999,0.75,0.0075,-0.49,-0.0049,0.0,0.0,0.4,0.004,0.4,0.004,0.27,0.0027,0.08,0.0008
2023-11-16,-0.01,-0.0001,-1.35,-0.013500000000000002,0.19,0.0019,-0.01,-0.0001,-0.41,-0.0040999999999999995,-1.2,-0.012,-3.34,-0.0334,-1.93,-0.019299999999999998,0.21,0.0021,-0.02,-0.0002,0.74,0.0074,0.21,0.0021,-0.47,-0.004699999999999999,-0.14,-0.0014000000000000002,0.04,0.0004,-2.03,-0.0203,0.02,0.0002,-0.21,-0.0021,-0.6,-0.006,0.88,0.0088
2023-11-17,0.11,0.0011,-0.26,-0.0026,0.31,0.0031,0.16,0.0016,1.0,0.01,0.89,0.0089,0.55,0.0055000000000000005,2.14,0.021400000000000002,0.42,0.0042,0.1,0.001,-0.44,-0.0044,0.22,0.0022,-0.03,-0.0003,0.64,0.0064,0.5,0.005,1.0,0.01,0.62,0.0062,0.46,0.0046,1.27,0.0127,-0.09,-0.0009
2023-11-20,0.11,0.0011,0.8,0.008,0.7,0.006999999999999999,0.43,0.0043,0.13,0.0013,0.08,0.0008,0.58,0.0058,0.11,0.0011,-0.29,-0.0029,1.11,0.0111,1.41,0.0141,1.18,0.0118,-0.47,-0.004699999999999999,0.6,0.006,0.55,0.0055000000000000005,0.5,0.005,0.26,0.0026,0.27,0.0027,-0.44,-0.0044,0.45,0.0045000000000000005
2023-11-21,0.34,0.0034000000000000002,-0.08,-0.0008,-0.14,-0.0014000000000000002,-0.14,-0.0014000000000000002,-0.61,-0.0060999999999999995,0.04,0.0004,1.39,0.0139,-0.33,-0.0033,0.22,0.0022,-0.38,-0.0038,-0.54,-0.0054,-0.63,-0.0063,-0.09,-0.0009,0.05,0.0005,-0.12,-0.0012,-0.73,-0.0073,-0.05,-0.0005,1.04,0.0104,-1.2,-0.012,-0.1,-0.001
2023-11-22,0.83,0.0083,0.62,0.0062,0.45,0.0045000000000000005,0.09,0.0009,0.51,0.0051,-0.05,-0.0005,-2.1,-0.021,-0.08,-0.0008,0.47,0.004699999999999999,0.27,0.0027,0.83,0.0083,0.29,0.0029,0.59,0.0059,0.42,0.0042,0.54,0.0054,1.08,0.0108,0.55,0.0055000000000000005,0.04,0.0004,0.57,0.005699999999999999,0.64,0.0064
2023-11-24,0.27,0.0027,0.23,0.0023,0.59,0.0059,0.57,0.005699999999999999,0.33,0.0033,0.01,0.0001,0.61,0.0060999999999999995,0.46,0.0046,0.35,0.0034999999999999996,0.41,0.0040999999999999995,-0.2,-0.002,-0.43,-0.0043,0.51,0.0051,0.29,0.0029,0.34,0.0034000000000000002,0.32,0.0032,0.44,0.0044,-0.29,-0.0029,0.38,0.0038,-0.21,-0.0021
2023-11-27,-0.75,-0.0075,0.78,0.0078000000000000005,-0.67,-0.0067,-0.78,-0.0078000000000000005,-0.05,-0.0005,1.77,0.0177,0.16,0.0016,-0.49,-0.0049,0.02,0.0002,-0.59,-0.0059,-0.01,-0.0001,-0.15,-0.0015,0.57,0.005699999999999999,-0.89,-0.0089,-0.09,-0.0009,0.28,0.0028000000000000004,-0.32,-0.0032,-0.92,-0.0092,-0.47,-0.004699999999999999,-0.19,-0.0019
2023-11-28,0.0,0.0,0.24,0.0024,-0.52,-0.0052,-0.16,-0.0016,-1.26,-0.0126,-0.54,-0.0054,3.41,0.0341,0.08,0.0008,0.2,0.002,-0.6,-0.006,0.69,0.0069,-0.18,-0.0018,0.04,0.0004,0.16,0.0016,-1.17,-0.011699999999999999,0.07,0.0007000000000000001,-0.17,-0.0017000000000000001,1.26,0.0126,-0.51,-0.0051,-0.59,-0.0059
2023-11-29,-0.94,-0.009399999999999999,1.59,0.0159,0.48,0.0048,0.24,0.0024,1.05,0.0105,0.75,0.0075,-0.28,-0.0028000000000000004,-0.86,-0.0086,-0.61,-0.0060999999999999995,0.32,0.0032,-0.19,-0.0019,0.26,0.0026,1.18,0.0118,0.21,0.0021,-0.49,-0.0049,-0.47,-0.004699999999999999,0.61,0.0060999999999999995,0.26,0.0026,1.74,0.0174,-0.75,-0.0075
2023-11-30,0.97,0.0097,0.57,0.005699999999999999,1.01,0.0101,1.02,0.0102,0.66,0.0066,2.55,0.0255,-1.44,-0.0144,0.51,0.0051,0.62,0.0062,0.63,0.0063,-0.1,-0.001,-0.36,-0.0036,1.32,0.0132,0.82,0.008199999999999999,1.05,0.0105,0.12,0.0012,1.3,0.013000000000000001,0.28,0.0028000000000000004,1.17,0.011699999999999999,0.35,0.0034999999999999996
2023-12-01,0.88,0.0088,3.34,0.0334,0.75,0.0075,1.81,0.0181,2.48,0.0248,1.15,0.0115,0.26,0.0026,0.46,0.0046,1.3,0.013000000000000001,1.18,0.0118,0.32,0.0032,0.53,0.0053,1.14,0.011399999999999999,2.57,0.025699999999999997,1.2,0.012,1.09,0.0109,1.15,0.0115,3.74,0.0374,3.1,0.031,1.98,0.019799999999999998
2023-12-04,0.41,0.0040999999999999995,0.82,0.008199999999999999,0.58,0.0058,-0.57,-0.005699999999999999,0.32,0.0032,-0.31,-0.0031,-0.79,-0.0079,-0.62,-0.0062,-0.27,-0.0027,-0.13,-0.0013,-1.13,-0.0113,-1.03,-0.0103,1.13,0.0113,0.76,0.0076,-0.04,-0.0004,-0.29,-0.0029,0.12,0.0012,-2.45,-0.0245,0.53,0.0053,-0.42,-0.0042
2023-12-05,-0.48,-0.0048,-0.53,-0.0053,-0.22,-0.0022,-1.45,-0.014499999999999999,-0.38,-0.0038,-1.9,-0.019,0.7,0.006999999999999999,-1.72,-0.0172,-0.88,-0.0088,-1.09,-0.0109,0.19,0.0019,0.82,0.008199999999999999,-1.77,-0.0177,-1.02,-0.0102,-0.42,-0.0042,0.46,0.0046,-0.44,-0.0044,-2.21,-0.022099999999999998,-1.78,-0.0178,-1.08,-0.0108
2023-12-06,0.5,0.005,0.54,0.0054,0.17,0.0017000000000000001,0.59,0.0059,0.96,0.0096,-1.44,-0.0144,0.45,0.0045000000000000005,-1.66,-0.0166,0.95,0.0095,0.06,0.0006,-0.71,-0.0070999999999999995,-0.78,-0.0078000000000000005,0.79,0.0079,0.52,0.0052,-0.29,-0.0029,-0.56,-0.005600000000000001,-0.44,-0.0044,-0.29,-0.0029,0.03,0.0003,0.56,0.005600000000000001
2023-12-07,0.53,0.0053,-0.03,-0.0003,0.13,0.0013,1.36,0.013600000000000001,1.03,0.0103,0.22,0.0022,1.33,0.013300000000000001,-0.41,-0.0040999999999999995,-0.25,-0.0025,0.82,0.008199999999999999,1.43,0.0143,1.51,0.0151,0.32,0.0032,1.05,0.0105,0.36,0.0036,0.69,0.0069,0.57,0.005699999999999999,0.59,0.0059,-0.04,-0.0004,0.47,0.004699999999999999
2023-12-08,-0.54,-0.0054,1.66,0.0166,0.24,0.0024,0.02,0.0002,1.26,0.0126,-0.3,-0.003,0.48,0.0048,1.14,0.011399999999999999,-0.03,-0.0003,0.2,0.002,0.47,0.004699999999999999,0.86,0.0086,-0.47,-0.004699999999999999,0.0,0.0,0.18,0.0018,-0.01,-0.0001,0.69,0.0069,2.55,0.0255,0.39,0.0039000000000000003,0.05,0.0005
2023-12-11,1.06,0.0106,2.02,0.0202,0.29,0.0029,0.26,0.0026,0.27,0.0027,1.22,0.012199999999999999,-1.06,-0.0106,0.14,0.0014000000000000002,0.33,0.0033,0.07,0.0007000000000000001,-0.07,-0.0007000000000000001,0.48,0.0048,0.28,0.0028000000000000004,0.92,0.0092,1.13,0.0113,0.16,0.0016,0.48,0.0048,-0.17,-0.0017000000000000001,1.17,0.011699999999999999,1.77,0.0177
2023-12-12,0.37,0.0037,0.4,0.004,0.69,0.0069,-0.21,-0.0021,0.24,0.0024,-0.51,-0.0051,-0.98,-0.0098,-1.48,-0.0148,-0.58,-0.0058,-0.55,-0.0055000000000000005,0.29,0.0029,0.95,0.0095,-0.74,-0.0074,0.5,0.005,0.15,0.0015,0.54,0.0054,0.58,0.0058,-0.56,-0.005600000000000001,-0.25,-0.0025,0.4,0.004
2023-12-13,1.62,0.016200000000000003,1.38,0.0138,2.12,0.0212,2.98,0.0298,2.37,0.023700000000000002,2.86,0.0286,1.18,0.0118,1.42,0.014199999999999999,3.37,0.0337,1.2,0.012,0.8,0.008,1.65,0.0165,2.29,0.0229,0.65,0.006500000000000001,0.87,0.0087,1.8,0.018000000000000002,1.94,0.0194,3.47,0.0347,3.07,0.030699999999999998,1.16,0.0116
2023-12-14,-1.5,-0.015,-0.07,-0.0007000000000000001,-0.08,-0.0008,2.3,0.023,4.9,0.049,3.22,0.0322,5.04,0.0504,3.04,0.0304,-0.84,-0.0084,1.36,0.013600000000000001,-0.89,-0.0089,0.98,0.0098,1.07,0.010700000000000001,1.92,0.0192,0.22,0.0022,-0.13,-0.0013,1.28,0.0128,4.2,0.042,5.86,0.058600000000000006,-0.47,-0.004699999999999999
2023-12-15,-0.98,-0.0098,0.1,0.001,-0.72,-0.0072,-0.08,-0.0008,-1.31,-0.0131,1.44,0.0144,0.58,0.0058,-0.48,-0.0048,-1.56,-0.015600000000000001,-0.93,-0.009300000000000001,0.66,0.0066,0.2,0.002,-0.86,-0.0086,0.17,0.0017000000000000001,-0.5,-0.005,1.05,0.0105,-0.53,-0.0053,-0.42,-0.0042,-0.48,-0.0048,-0.71,-0.0070999999999999995
2023-12-18,0.46,0.0046,0.09,0.0009,0.16,0.0016,-0.22,-0.0022,-0.54,-0.0054,2.52,0.0252,-0.47,-0.004699999999999999,0.89,0.0089,-0.14,-0.0014000000000000002,-0.1,-0.001,1.06,0.0106,0.07,0.0007000000000000001,-0.03,-0.0003,-0.25,-0.0025,0.35,0.0034999999999999996,1.5,0.015,-0.07,-0.0007000000000000001,0.02,0.0002,-0.42,-0.0042,0.75,0.0075
2023-12-19,0.28,0.0028000000000000004,1.45,0.014499999999999999,1.01,0.0101,1.0,0.01,1.54,0.0154,2.11,0.021099999999999997,1.93,0.019299999999999998,1.27,0.0127,0.65,0.006500000000000001,0.56,0.005600000000000001,0.62,0.0062,0.4,0.004,0.57,0.005699999999999999,0.76,0.0076,0.55,0.0055000000000000005,0.33,0.0033,0.83,0.0083,1.74,0.0174,1.49,0.0149,0.51,0.0051
2023-12-20,-2.18,-0.0218,-1.16,-0.0116,-1.74,-0.0174,-1.53,-0.015300000000000001,-1.41,-0.0141,-1.51,-0.0151,-3.37,-0.0337,-1.03,-0.0103,-1.78,-0.0178,-1.63,-0.0163,-0.81,-0.008100000000000001,-1.86,-0.018600000000000002,-1.47,-0.0147,-2.31,-0.0231,-0.93,-0.009300000000000001,-1.31,-0.0131,-1.63,-0.0163,-1.7,-0.017,-2.36,-0.0236,-1.62,-0.016200000000000003
2023-12-21,0.92,0.0092,1.26,0.0126,1.38,0.0138,1.28,0.0128,0.98,0.0098,0.99,0.009899999999999999,2.78,0.0278,0.4,0.004,0.37,0.0037,0.52,0.0052,1.21,0.0121,1.1,0.011000000000000001,0.92,0.0092,1.43,0.0143,1.15,0.0115,1.0,0.01,1.01,0.0101,2.01,0.020099999999999996,1.93,0.019299999999999998,1.06,0.0106
2023-12-22,0.69,0.0069,-6.28,-0.06280000000000001,0.92,0.0092,0.88,0.0088,0.47,0.004699999999999999,0.96,0.0096,-0.56,-0.005600000000000001,0.2,0.002,0.37,0.0037,-0.12,-0.0012,0.29,0.0029,-0.07,-0.0007000000000000001,0.44,0.0044,0.5,0.005,0.37,0.0037,0.08,0.0008,0.28,0.0028000000000000004,1.05,0.0105,0.43,0.0043,0.04,0.0004
2023-12-26,0.72,0.0072,-0.03,-0.0003,0.43,0.0043,0.91,0.0091,0.66,0.0066,0.37,0.0037,1.4,0.013999999999999999,0.94,0.009399999999999999,0.62,0.0062,0.41,0.0040999999999999995,0.26,0.0026,0.58,0.0058,0.65,0.006500000000000001,0.47,0.004699999999999999,0.39,0.0039000000000000003,0.16,0.0016,0.53,0.0053,0.35,0.0034999999999999996,1.17,0.011699999999999999,0.33,0.0033
2023-12-27,0.36,0.0036,-0.33,-0.0033,0.67,0.0067,0.02,0.0002,0.34,0.0034000000000000002,0.13,0.0013,1.39,0.0139,-0.49,-0.0049,-0.15,-0.0015,0.0,0.0,-0.06,-0.0006,0.14,0.0014000000000000002,0.31,0.0031,-0.14,-0.0014000000000000002,0.06,0.0006,0.26,0.0026,0.33,0.0033,0.7,0.006999999999999999,0.11,0.0011,0.07,0.0007000000000000001
2023-12-28,0.31,0.0031,0.63,0.0063,0.17,0.0017000000000000001,-0.38,-0.0038,-0.18,-0.0018,-0.81,-0.008100000000000001,-2.4,-0.024,-1.54,-0.0154,0.54,0.0054,0.52,0.0052,0.08,0.0008,0.15,0.0015,0.09,0.0009,0.14,0.0014000000000000002,-0.19,-0.0019,-0.03,-0.0003,0.33,0.0033,-0.76,-0.0076,-0.24,-0.0024,0.1,0.001
2023-12-29,0.2,0.002,-0.39,-0.0039000000000000003,-0.18,-0.0018,-0.69,-0.0069,-0.52,-0.0052,-0.96,-0.0096,-1.57,-0.015700000000000002,-0.3,-0.003,-0.18,-0.0018,-0.08,-0.0008,-0.45,-0.0045000000000000005,-0.5,-0.005,-0.38,-0.0038,-0.8,-0.008,-0.05,-0.0005,-0.52,-0.0052,-0.39,-0.0039000000000000003,-0.85,-0.0085,-0.94,-0.009399999999999999,0.06,0.0006
2024-01-02,1.82,0.0182,-1.0,-0.01,1.49,0.0149,-0.34,-0.0034000000000000002,-1.27,-0.0127,-0.4,-0.004,-0.34,-0.0034000000000000002,1.09,0.0109,1.29,0.0129,1.2,0.012,-1.75,-0.0175,-2.65,-0.0265,0.35,0.0034999999999999996,-1.39,-0.0139,-0.41,-0.0040999999999999995,-0.69,-0.0069,0.41,0.0040999999999999995,-1.39,-0.0139,-1.26,-0.0126,-1.01,-0.0101
2024-01-03,-0.71,-0.0070999999999999995,-2.43,-0.024300000000000002,-0.09,-0.0009,-2.02,-0.0202,-2.43,-0.024300000000000002,-0.79,-0.0079,-3.82,-0.0382,1.39,0.0139,0.46,0.0046,-0.19,-0.0019,-0.93,-0.009300000000000001,-1.34,-0.0134,-1.45,-0.014499999999999999,-1.41,-0.0141,-0.75,-0.0075,-1.41,-0.0141,-1.16,-0.0116,-1.84,-0.0184,-2.65,-0.0265,-0.95,-0.0095
2024-01-04,-0.46,-0.0046,-1.09,-0.0109,0.42,0.0042,-0.8,-0.008,-0.31,-0.0031,-1.42,-0.014199999999999999,-0.29,-0.0029,-1.72,-0.0172,-0.45,-0.0045000000000000005,-0.55,-0.0055000000000000005,-0.46,-0.0046,-0.51,-0.0051,0.52,0.0052,-0.09,-0.0009,-0.17,-0.0017000000000000001,-1.21,-0.0121,0.5,0.005,0.29,0.0029,0.27,0.0027,-0.22,-0.0022
2024-01-05,-0.41,-0.0040999999999999995,-0.6,-0.006,0.18,0.0018,0.37,0.0037,0.53,0.0053,-0.34,-0.0034000000000000002,0.0,0.0,0.07,0.0007000000000000001,0.36,0.0036,0.9,0.009000000000000001,0.0,0.0,0.23,0.0023,0.55,0.0055000000000000005,0.22,0.0022,0.14,0.0014000000000000002,0.37,0.0037,0.36,0.0036,-0.09,-0.0009,-0.41,-0.0040999999999999995,-0.11,-0.0011
2024-01-08,0.59,0.0059,2.05,0.020499999999999997,1.33,0.013300000000000001,0.55,0.0055000000000000005,1.85,0.018500000000000003,1.08,0.0108,1.35,0.013500000000000002,-1.09,-0.0109,0.59,0.0059,0.57,0.005699999999999999,2.19,0.0219,3.06,0.030600000000000002,0.57,0.005699999999999999,1.19,0.011899999999999999,0.64,0.0064,1.8,0.018000000000000002,0.49,0.0049,1.54,0.0154,1.21,0.0121,1.37,0.0137
2024-01-09,0.19,0.0019,-0.73,-0.0073,0.04,0.0004,-1.32,-0.0132,-0.42,-0.0042,-2.54,-0.0254,-1.96,-0.0196,-1.54,-0.0154,-0.72,-0.0072,-1.18,-0.0118,0.3,0.003,0.1,0.001,-0.21,-0.0021,-0.11,-0.0011,-0.18,-0.0018,0.71,0.0070999999999999995,-0.71,-0.0070999999999999995,-1.38,-0.0138,-0.22,-0.0022,-0.55,-0.0055000000000000005
2024-01-10,-0.48,-0.0048,0.63,0.0063,0.45,0.0045000000000000005,0.08,0.0008,1.22,0.012199999999999999,0.4,0.004,-0.36,-0.0036,-1.14,-0.011399999999999999,-0.14,-0.0014000000000000002,-0.04,-0.0004,1.33,0.013300000000000001,0.58,0.0058,-0.42,-0.0042,1.01,0.0101,0.59,0.0059,1.28,0.0128,0.11,0.0011,-0.62,-0.0062,-0.17,-0.0017000000000000001,0.54,0.0054
2024-01-11,-0.44,-0.0044,0.97,0.0097,-0.36,-0.0036,-0.59,-0.0059,0.27,0.0027,-0.36,-0.0036,-2.25,-0.0225,0.24,0.0024,-2.1,-0.021,-1.46,-0.0146,0.31,0.0031,0.13,0.0013,0.17,0.0017000000000000001,-0.11,-0.0011,0.44,0.0044,0.34,0.0034000000000000002,-0.38,-0.0038,-0.52,-0.0052,-0.55,-0.0055000000000000005,-0.13,-0.0013
2024-01-12,0.62,0.0062,-1.07,-0.010700000000000001,0.27,0.0027,-0.01,-0.0001,-0.68,-0.0068000000000000005,0.11,0.0011,-3.08,-0.0308,1.26,0.0126,0.6,0.006,0.56,0.005600000000000001,0.61,0.0060999999999999995,-0.07,-0.0007000000000000001,-0.35,-0.0034999999999999996,-0.8,-0.008,-0.16,-0.0016,-0.17,-0.0017000000000000001,-0.67,-0.0067,0.15,0.0015,-0.46,-0.0046,-0.61,-0.0060999999999999995
2024-01-16,-0.7,-0.006999999999999999,-2.08,-0.0208,-0.76,-0.0076,-0.9,-0.009000000000000001,-0.63,-0.0063,-0.85,-0.0085,0.35,0.0034999999999999996,-2.43,-0.024300000000000002,-1.2,-0.012,0.75,0.0075,-0.22,-0.0022,0.3,0.003,-0.68,-0.0068000000000000005,-0.69,-0.0069,-0.08,-0.0008,-0.24,-0.0024,-0.64,-0.0064,-3.23,-0.0323,-2.05,-0.020499999999999997,-0.1,-0.001
2024-01-17,-0.02,-0.0002,-0.72,-0.0072,-0.41,-0.0040999999999999995,-0.75,-0.0075,-0.61,-0.0060999999999999995,-0.6,-0.006,-1.77,-0.0177,-0.81,-0.008100000000000001,-1.41,-0.0141,-1.09,-0.0109,-0.39,-0.0039000000000000003,-0.74,-0.0074,-0.87,-0.0087,-0.83,-0.0083,-0.53,-0.0053,-0.71,-0.0070999999999999995,-0.2,-0.002,-1.55,-0.0155,-1.22,-0.012199999999999999,-0.07,-0.0007000000000000001
2024-01-18,-0.22,-0.0022,0.76,0.0076,0.09,0.0009,0.77,0.0077,1.32,0.0132,-0.16,-0.0016,-1.34,-0.0134,-0.28,-0.0028000000000000004,-0.88,-0.0088,0.72,0.0072,1.14,0.011399999999999999,2.47,0.024700000000000003,0.12,0.0012,1.69,0.0169,1.8,0.018000000000000002,0.85,0.0085,-0.14,-0.0014000000000000002,0.64,0.0064,1.16,0.0116,1.28,0.0128
2024-01-19,-0.5,-0.005,1.09,0.0109,0.41,0.0040999999999999995,-0.22,-0.0022,0.8,0.008,0.29,0.0029,0.4,0.004,0.33,0.0033,-0.08,-0.0008,1.08,0.0108,1.59,0.0159,2.7,0.027000000000000003,0.59,0.0059,0.61,0.0060999999999999995,0.1,0.001,0.78,0.0078000000000000005,1.17,0.011699999999999999,1.2,0.012,0.92,0.0092,1.11,0.0111
2024-01-22,-1.4,-0.013999999999999999,-0.13,-0.0013,0.34,0.0034000000000000002,0.89,0.0089,1.75,0.0175,1.72,0.0172,-0.91,-0.0091,0.29,0.0029,-0.29,-0.0029,0.8,0.008,0.26,0.0026,0.75,0.0075,0.38,0.0038,0.62,0.0062,1.06,0.0106,-0.11,-0.0011,0.87,0.0087,-0.6,-0.006,1.49,0.0149,0.04,0.0004
2024-01-23,0.89,0.0089,0.22,0.0022,-0.08,-0.0008,0.32,0.0032,-3.67,-0.036699999999999997,0.65,0.006500000000000001,0.38,0.0038,0.41,0.0040999999999999995,0.12,0.0012,1.32,0.0132,0.44,0.0044,0.45,0.0045000000000000005,-2.25,-0.0225,0.22,0.0022,-0.63,-0.0063,0.01,0.0001,-0.14,-0.0014000000000000002,0.56,0.005600000000000001,-0.32,-0.0032,0.05,0.0005
2024-01-24,-1.14,-0.011399999999999999,-0.87,-0.0087,-0.96,-0.0096,-1.5,-0.015,-1.39,-0.0139,0.32,0.0032,-0.88,-0.0088,1.52,0.0152,-1.25,-0.0125,-1.31,-0.0131,0.46,0.0046,0.39,0.0039000000000000003,-2.23,-0.0223,-0.8,-0.008,-0.79,-0.0079,-0.29,-0.0029,0.33,0.0033,0.7,0.006999999999999999,-1.72,-0.0172,-0.02,-0.0002
2024-01-25,0.62,0.0062,0.42,0.0042,0.45,0.0045000000000000005,1.27,0.0127,2.04,0.0204,0.34,0.0034000000000000002,-8.34,-0.0834,2.14,0.021400000000000002,1.76,0.0176,1.79,0.0179,0.9,0.009000000000000001,-0.07,-0.0007000000000000001,2.28,0.022799999999999997,1.48,0.0148,0.67,0.0067,0.74,0.0074,-0.02,-0.0002,0.57,0.005699999999999999,1.63,0.0163,0.08,0.0008
2024-01-26,0.47,0.004699999999999999,1.59,0.0159,0.24,0.0024,0.04,0.0004,-0.06,-0.0006,0.41,0.0040999999999999995,0.4,0.004,0.79,0.0079,0.31,0.0031,0.73,0.0073,-0.02,-0.0002,-1.22,-0.012199999999999999,0.26,0.0026,-0.34,-0.0034000000000000002,-0.31,-0.0031,0.77,0.0077,0.42,0.0042,-0.26,-0.0026,-0.51,-0.0051,-0.08,-0.0008
2024-01-29,0.5,0.005,1.13,0.0113,0.87,0.0087,0.62,0.0062,1.35,0.013500000000000002,1.07,0.010700000000000001,3.24,0.032400000000000005,-0.17,-0.0017000000000000001,0.55,0.0055000000000000005,0.29,0.0029,1.45,0.014499999999999999,0.73,0.0073,-0.25,-0.0025,0.78,0.0078000000000000005,0.7,0.006999999999999999,0.8,0.008,0.54,0.0054,1.61,0.0161,1.42,0.014199999999999999,1.11,0.0111
2024-01-30,0.44,0.0044,-0.02,-0.0002,-0.28,-0.0028000000000000004,-0.26,-0.0026,0.7,0.006999999999999999,3.7,0.037000000000000005,0.7,0.006999999999999999,1.58,0.0158,0.06,0.0006,0.02,0.0002,-0.51,-0.0051,-0.82,-0.008199999999999999,-0.21,-0.0021,-1.22,-0.012199999999999999,1.26,0.0126,-0.46,-0.0046,0.94,0.009399999999999999,-0.39,-0.0039000000000000003,0.44,0.0044,0.14,0.0014000000000000002
2024-01-31,-0.98,-0.0098,-3.26,-0.0326,-0.16,-0.0016,-1.58,-0.0158,-1.67,-0.0167,-1.56,-0.015600000000000001,-1.77,-0.0177,-1.99,-0.0199,-0.56,-0.005600000000000001,-0.34,-0.0034000000000000002,-3.19,-0.0319,-1.94,-0.0194,-1.45,-0.014499999999999999,-1.48,-0.0148,-0.43,-0.0043,-1.72,-0.0172,-1.28,-0.0128,-1.16,-0.0116,-6.36,-0.0636,-1.19,-0.011899999999999999
2024-02-01,2.64,0.0264,1.25,0.0125,1.59,0.0159,1.45,0.014499999999999999,3.03,0.030299999999999997,-0.07,-0.0007000000000000001,1.18,0.0118,-0.2,-0.002,1.8,0.018000000000000002,1.11,0.0111,1.32,0.0132,1.41,0.0141,1.24,0.0124,1.64,0.016399999999999998,1.45,0.014499999999999999,2.35,0.0235,-0.23,-0.0023,2.01,0.020099999999999996,2.5,0.025,1.6,0.016
2024-02-02,-0.47,-0.004699999999999999,0.05,0.0005,-0.37,-0.0037,-0.62,-0.0062,0.39,0.0039000000000000003,-0.59,-0.0059,-0.26,-0.0026,0.0,0.0,-1.49,-0.0149,-2.23,-0.0223,2.69,0.0269,1.07,0.010700000000000001,-0.95,-0.0095,0.77,0.0077,0.57,0.005699999999999999,3.58,0.0358,0.52,0.0052,-0.74,-0.0074,0.92,0.0092,-0.07,-0.0007000000000000001
2024-02-05,-1.41,-0.0141,-1.2,-0.012,0.77,0.0077,-3.56,-0.0356,-1.32,-0.0132,-1.21,-0.0121,-3.15,-0.0315,-0.18,-0.0018,-1.94,-0.0194,-0.97,-0.0097,-0.92,-0.0092,1.35,0.013500000000000002,-1.23,-0.0123,-0.2,-0.002,-1.06,-0.0106,-0.77,-0.0077,-0.98,-0.0098,-2.77,-0.0277,-1.75,-0.0175,-1.68,-0.0168
2024-02-06,0.24,0.0024,1.34,0.0134,1.08,0.0108,0.94,0.009399999999999999,0.47,0.004699999999999999,-0.09,-0.0009,1.96,0.0196,0.47,0.004699999999999999,0.32,0.0032,-0.16,-0.0016,-0.01,-0.0001,-0.18,-0.0018,-0.45,-0.0045000000000000005,1.96,0.0196,0.34,0.0034000000000000002,-0.05,-0.0005,0.35,0.0034999999999999996,2.2,0.022000000000000002,0.39,0.0039000000000000003,0.66,0.0066
2024-02-07,-0.25,-0.0025,0.22,0.0022,0.05,0.0005,0.49,0.0049,1.64,0.016399999999999998,2.11,0.021099999999999997,1.33,0.013300000000000001,0.27,0.0027,0.1,0.001,-1.53,-0.015300000000000001,1.53,0.015300000000000001,1.02,0.0102,0.78,0.0078000000000000005,0.62,0.0062,0.8,0.008,0.8,0.008,0.63,0.0063,-0.07,-0.0007000000000000001,2.07,0.0207,1.54,0.0154
2024-02-08,0.14,0.0014000000000000002,1.8,0.018000000000000002,0.04,0.0004,0.35,0.0034999999999999996,0.76,0.0076,0.35,0.0034999999999999996,0.87,0.0087,1.16,0.0116,-0.53,-0.0053,0.69,0.0069,0.26,0.0026,0.01,0.0001,0.52,0.0052,1.1,0.011000000000000001,-0.25,-0.0025,-0.02,-0.0002,0.19,0.0019,-0.99,-0.009899999999999999,2.26,0.0226,0.99,0.009899999999999999
2024-02-09,-1.12,-0.011200000000000002,0.57,0.005699999999999999,0.2,0.002,0.19,0.0019,0.3,0.003,0.78,0.0078000000000000005,1.55,0.0155,-1.53,-0.015300000000000001,0.36,0.0036,0.19,0.0019,1.23,0.0123,1.31,0.0131,0.03,0.0003,-0.68,-0.0068000000000000005,0.76,0.0076,1.31,0.0131,0.42,0.0042,-0.7,-0.006999999999999999,1.41,0.0141,-0.32,-0.0032
2024-02-12,0.77,0.0077,1.8,0.018000000000000002,0.34,0.0034000000000000002,1.13,0.0113,1.5,0.015,-0.03,-0.0003,-1.57,-0.015700000000000002,1.02,0.0102,1.2,0.012,1.08,0.0108,-0.73,-0.0073,-0.27,-0.0027,1.25,0.0125,-0.21,-0.0021,-0.01,-0.0001,-0.06,-0.0006,0.68,0.0068000000000000005,1.15,0.0115,0.87,0.0087,0.26,0.0026
2024-02-13,-1.01,-0.0101,-2.14,-0.021400000000000002,-1.29,-0.0129,-2.31,-0.0231,-3.11,-0.0311,-3.65,-0.0365,-2.36,-0.0236,-0.95,-0.0095,-1.65,-0.0165,-0.88,-0.0088,-2.07,-0.0207,-1.29,-0.0129,-2.04,-0.0204,-1.16,-0.0116,-2.12,-0.0212,-1.79,-0.0179,-1.49,-0.0149,-2.79,-0.0279,-3.28,-0.032799999999999996,-1.77,-0.0177
2024-02-14,-0.36,-0.0036,1.45,0.014499999999999999,0.91,0.0091,0.76,0.0076,2.05,0.020499999999999997,1.5,0.015,2.11,0.021099999999999997,-0.04,-0.0004,0.33,0.0033,0.39,0.0039000000000000003,1.54,0.0154,1.25,0.0125,0.65,0.006500000000000001,2.91,0.0291,1.1,0.011000000000000001,0.86,0.0086,1.1,0.011000000000000001,1.85,0.018500000000000003,2.09,0.0209,0.42,0.0042
2024-02-15,0.8,0.008,0.51,0.0051,0.94,0.009399999999999999,2.21,0.022099999999999998,0.67,0.0067,3.06,0.030600000000000002,4.94,0.049400000000000006,2.82,0.0282,1.99,0.0199,0.62,0.0062,-0.17,-0.0017000000000000001,-0.23,-0.0023,1.26,0.0126,1.0,0.01,1.37,0.0137,0.11,0.0011,1.74,0.0174,2.21,0.022099999999999998,0.57,0.005699999999999999,1.46,0.0146
2024-02-16,-0.21,-0.0021,-1.65,-0.0165,0.44,0.0044,-0.07,-0.0007000000000000001,-1.53,-0.015300000000000001,-0.67,-0.0067,-0.48,-0.0048,-0.06,-0.0006,0.12,0.0012,-1.14,-0.011399999999999999,-1.27,-0.0127,-0.81,-0.008100000000000001,-0.39,-0.0039000000000000003,-1.33,-0.013300000000000001,-0.4,-0.004,0.04,0.0004,-0.31,-0.0031,1.58,0.0158,-0.85,-0.0085,-0.18,-0.0018
2024-02-20,1.41,0.0141,-0.51,-0.0051,-0.63,-0.0063,-0.79,-0.0079,-0.22,-0.0022,-1.17,-0.011699999999999999,-2.3,-0.023,-1.01,-0.0101,-0.14,-0.0014000000000000002,-0.16,-0.0016,-0.64,-0.0064,-1.44,-0.0144,0.37,0.0037,-0.6,-0.006,-0.37,-0.0037,-0.33,-0.0033,-0.61,-0.0060999999999999995,-1.6,-0.016,-2.09,-0.0209,-0.21,-0.0021
2024-02-21,0.41,0.0040999999999999995,0.97,0.0097,0.04,0.0004,0.49,0.0049,0.47,0.004699999999999999,-0.06,-0.0006,0.47,0.004699999999999999,1.89,0.0189,1.49,0.0149,-0.04,-0.0004,-0.72,-0.0072,-0.5,-0.005,0.6,0.006,0.73,0.0073,0.19,0.0019,0.27,0.0027,0.15,0.0015,1.14,0.011399999999999999,-0.27,-0.0027,0.42,0.0042
2024-02-22,-0.09,-0.0009,0.95,0.0095,1.43,0.0143,1.6,0.016,1.93,0.019299999999999998,1.06,0.0106,0.66,0.0066,-0.02,-0.0002,-0.59,-0.0059,-0.34,-0.0034000000000000002,2.23,0.0223,5.09,0.0509,0.7,0.006999999999999999,1.89,0.0189,1.13,0.0113,2.32,0.0232,1.08,0.0108,-0.58,-0.0058,0.07,0.0007000000000000001,1.63,0.0163
2024-02-23,0.07,0.0007000000000000001,0.54,0.0054,0.44,0.0044,0.49,0.0049,1.02,0.0102,1.35,0.013500000000000002,-1.92,-0.0192,-0.55,-0.0055000000000000005,0.46,0.0046,0.01,0.0001,0.1,0.001,-0.54,-0.0054,0.47,0.004699999999999999,-1.18,-0.0118,1.1,0.011000000000000001,0.41,0.0040999999999999995,0.2,0.002,0.0,0.0,0.48,0.0048,0.5,0.005
2024-02-26,-0.38,-0.0038,-0.28,-0.0028000000000000004,-0.23,-0.0023,-0.5,-0.005,0.11,0.0011,0.86,0.0086,2.78,0.0278,0.38,0.0038,-1.67,-0.0167,-0.6,-0.006,-0.74,-0.0074,0.05,0.0005,-0.71,-0.0070999999999999995,-0.51,-0.0051,0.52,0.0052,0.19,0.0019,-0.21,-0.0021,-1.39,-0.0139,0.2,0.002,-0.4,-0.004
2024-02-27,-0.25,-0.0025,0.48,0.0048,0.29,0.0029,0.41,0.0040999999999999995,0.54,0.0054,1.17,0.011699999999999999,0.38,0.0038,-0.46,-0.0046,1.72,0.0172,0.73,0.0073,0.35,0.0034999999999999996,0.18,0.0018,0.47,0.004699999999999999,0.02,0.0002,0.22,0.0022,0.34,0.0034000000000000002,0.26,0.0026,0.81,0.008100000000000001,0.94,0.009399999999999999,-0.25,-0.0025
2024-02-28,0.12,0.0012,-0.41,-0.0040999999999999995,-0.57,-0.005699999999999999,-0.04,-0.0004,0.1,0.001,-0.57,-0.005699999999999999,1.02,0.0102,-0.29,-0.0029,0.33,0.0033,0.0,0.0,-0.48,-0.0048,-0.67,-0.0067,-0.13,-0.0013,-0.31,-0.0031,0.22,0.0022,0.12,0.0012,-0.08,-0.0008,-1.13,-0.0113,0.52,0.0052,0.3,0.003
2024-02-29,0.87,0.0087,0.11,0.0011,-0.9,-0.009000000000000001,1.11,0.0111,1.37,0.0137,0.82,0.008199999999999999,0.16,0.0016,0.45,0.0045000000000000005,0.33,0.0033,0.56,0.005600000000000001,1.02,0.0102,1.08,0.0108,1.05,0.0105,0.73,0.0073,0.09,0.0009,0.77,0.0077,0.21,0.0021,2.05,0.020499999999999997,0.94,0.009399999999999999,0.5,0.005
2024-03-01,-0.68,-0.0068000000000000005,-0.99,-0.009899999999999999,1.43,0.0143,0.54,0.0054,1.39,0.0139,-0.01,-0.0001,0.45,0.0045000000000000005,1.26,0.0126,-0.42,-0.0042,0.0,0.0,0.54,0.0054,2.22,0.0222,-0.14,-0.0014000000000000002,0.39,0.0039000000000000003,0.51,0.0051,0.73,0.0073,-0.23,-0.0023,0.95,0.0095,0.82,0.008199999999999999,-0.12,-0.0012
2024-03-04,0.03,0.0003,-1.5,-0.015,-0.23,-0.0023,0.32,0.0032,0.12,0.0012,-1.45,-0.014499999999999999,-5.01,-0.0501,-1.34,-0.0134,1.59,0.0159,-0.73,-0.0073,-0.68,-0.0068000000000000005,0.47,0.004699999999999999,0.28,0.0028000000000000004,0.07,0.0007000000000000001,0.46,0.0046,-0.17,-0.0017000000000000001,0.33,0.0033,1.67,0.0167,0.03,0.0003,-0.18,-0.0018
2024-03-05,-0.22,-0.0022,-0.86,-0.0086,-0.82,-0.008199999999999999,-1.17,-0.011699999999999999,-1.13,-0.0113,-1.21,-0.0121,-2.73,-0.0273,0.64,0.0064,-0.04,-0.0004,0.54,0.0054,-2.36,-0.0236,-1.45,-0.014499999999999999,0.15,0.0015,-0.75,-0.0075,-0.58,-0.0058,-0.57,-0.005699999999999999,0.11,0.0011,-1.68,-0.0168,-1.75,-0.0175,0.01,0.0001
2024-03-06,0.43,0.0043,-0.27,-0.0027,0.78,0.0078000000000000005,1.14,0.011399999999999999,0.85,0.0085,0.27,0.0027,-1.74,-0.0174,0.29,0.0029,0.88,0.0088,-0.48,-0.0048,0.42,0.0042,1.24,0.0124,-0.04,-0.0004,0.09,0.0009,0.02,0.0002,0.14,0.0014000000000000002,0.36,0.0036,1.56,0.015600000000000001,1.27,0.0127,0.41,0.0040999999999999995
2024-03-07,-0.21,-0.0021,0.87,0.0087,0.23,0.0023,1.75,0.0175,1.62,0.016200000000000003,1.93,0.019299999999999998,0.85,0.0085,0.86,0.0086,0.72,0.0072,-0.53,-0.0053,1.64,0.016399999999999998,1.96,0.0196,1.21,0.0121,0.64,0.0064,1.1,0.011000000000000001,1.05,0.0105,0.14,0.0014000000000000002,2.72,0.027200000000000002,1.05,0.0105,-0.22,-0.0022
2024-03-08,0.51,0.0051,0.49,0.0049,-0.25,-0.0025,-0.76,-0.0076,-0.58,-0.0058,-0.3,-0.003,-1.41,-0.0141,0.46,0.0046,0.14,0.0014000000000000002,0.54,0.0054,-0.42,-0.0042,-2.2,-0.022000000000000002,0.52,0.0052,-0.27,-0.0027,-0.31,-0.0031,-1.23,-0.0123,0.15,0.0015,-0.26,-0.0026,0.37,0.0037,0.26,0.0026
2024-03-11,0.7,0.006999999999999999,0.48,0.0048,-0.67,-0.0067,1.04,0.0104,-1.03,-0.0103,-0.88,-0.0088,0.82,0.008199999999999999,1.02,0.0102,0.39,0.0039000000000000003,1.66,0.0166,-0.28,-0.0028000000000000004,-0.44,-0.0044,0.55,0.0055000000000000005,-0.09,-0.0009,-0.54,-0.0054,-0.98,-0.0098,0.22,0.0022,0.76,0.0076,-1.33,-0.013300000000000001,-0.03,-0.0003
2024-03-12,0.33,0.0033,0.15,0.0015,0.58,0.0058,-0.16,-0.0016,1.06,0.0106,-0.53,-0.0053,-0.09,-0.0009,-0.2,-0.002,-0.69,-0.0069,-0.52,-0.0052,1.95,0.0195,2.12,0.0212,1.03,0.0103,0.3,0.003,0.67,0.0067,1.53,0.015300000000000001,0.33,0.0033,0.25,0.0025,0.45,0.0045000000000000005,0.98,0.0098
2024-03-13,0.63,0.0063,0.9,0.009000000000000001,-0.38,-0.0038,0.32,0.0032,0.35,0.0034999999999999996,-0.1,-0.001,-2.7,-0.027000000000000003,1.69,0.0169,0.49,0.0049,0.23,0.0023,-0.1,-0.001,-1.33,-0.013300000000000001,1.44,0.0144,-0.26,-0.0026,-0.15,-0.0015,0.54,0.0054,0.4,0.004,4.61,0.0461,-0.14,-0.0014000000000000002,-1.23,-0.0123
2024-03-14,-0.65,-0.006500000000000001,-0.86,-0.0086,-0.67,-0.0067,-1.18,-0.0118,-2.15,-0.0215,-1.72,-0.0172,-3.3,-0.033,1.13,0.0113,-0.7,-0.006999999999999999,-1.01,-0.0101,0.6,0.006,-1.03,-0.0103,-0.96,-0.0096,-0.92,-0.0092,-0.03,-0.0003,0.23,0.0023,-0.79,-0.0079,0.09,0.0009,-1.56,-0.015600000000000001,-0.36,-0.0036
2024-03-15,-0.13,-0.0013,-0.66,-0.0066,-0.36,-0.0036,0.43,0.0043,0.66,0.0066,2.7,0.027000000000000003,0.99,0.009899999999999999,0.38,0.0038,0.06,0.0006,-0.36,-0.0036,-1.85,-0.018500000000000003,-0.36,-0.0036,0.45,0.0045000000000000005,-1.07,-0.010700000000000001,0.45,0.0045000000000000005,-1.29,-0.0129,0.06,0.0006,1.88,0.018799999999999997,0.43,0.0043,-1.05,-0.0105
2024-03-18,0.67,0.0067,-0.9,-0.009000000000000001,0.01,0.0001,0.26,0.0026,-0.22,-0.0022,0.5,0.005,4.32,0.0432,0.31,0.0031,0.44,0.0044,0.75,0.0075,1.45,0.014499999999999999,0.32,0.0032,-0.61,-0.0060999999999999995,-0.2,-0.002,-0.17,-0.0017000000000000001,0.05,0.0005,0.23,0.0023,0.01,0.0001,-0.02,-0.0002,0.35,0.0034999999999999996
2024-03-19,0.52,0.0052,1.09,0.0109,0.68,0.0068000000000000005,-0.07,-0.0007000000000000001,1.45,0.014499999999999999,0.87,0.0087,-0.65,-0.006500000000000001,1.07,0.010700000000000001,0.93,0.009300000000000001,-0.01,-0.0001,0.49,0.0049,0.41,0.0040999999999999995,1.2,0.012,0.64,0.0064,1.12,0.011200000000000002,0.83,0.0083,0.5,0.005,-1.02,-0.0102,-0.11,-0.0011,0.72,0.0072
2024-03-20,0.43,0.0043,0.86,0.0086,-0.07,-0.0007000000000000001,1.27,0.0127,1.76,0.0176,1.5,0.015,2.47,0.024700000000000003,-0.02,-0.0002,0.36,0.0036,0.64,0.0064,1.15,0.0115,1.27,0.0127,1.01,0.0101,1.89,0.0189,0.76,0.0076,1.22,0.012199999999999999,1.43,0.0143,2.6,0.026000000000000002,1.98,0.019799999999999998,1.34,0.0134
2024-03-21,0.11,0.0011,1.31,0.0131,0.07,0.0007000000000000001,0.47,0.004699999999999999,1.97,0.0197,1.69,0.0169,-0.59,-0.0059,0.44,0.0044,0.05,0.0005,0.0,0.0,0.42,0.0042,-0.03,-0.0003,0.4,0.004,1.19,0.011899999999999999,1.14,0.011399999999999999,0.62,0.0062,1.06,0.0106,0.8,0.008,1.96,0.0196,-0.2,-0.002
2024-03-22,0.01,0.0001,-6.96,-0.0696,-0.21,-0.0021,-0.83,-0.0083,-0.29,-0.0029,-0.74,-0.0074,-0.92,-0.0092,-0.22,-0.0022,0.03,0.0003,-0.71,-0.0070999999999999995,-0.05,-0.0005,0.91,0.0091,-0.46,-0.0046,-0.08,-0.0008,-0.35,-0.0034999999999999996,-0.37,-0.0037,-1.26,-0.0126,-0.86,-0.0086,-0.89,-0.0089,-0.41,-0.0040999999999999995
2024-03-25,-0.27,-0.0027,-0.76,-0.0076,0.12,0.0012,-0.11,-0.0011,-0.49,-0.0049,0.37,0.0037,0.67,0.0067,0.98,0.0098,0.42,0.0042,1.02,0.0102,-0.74,-0.0074,-0.27,-0.0027,0.15,0.0015,-0.62,-0.0062,-0.68,-0.0068000000000000005,-0.27,-0.0027,-0.19,-0.0019,-0.18,-0.0018,-0.8,-0.008,-0.52,-0.0052
2024-03-26,0.2,0.002,-0.64,-0.0064,0.33,0.0033,-0.28,-0.0028000000000000004,0.0,0.0,-0.19,-0.0019,1.77,0.0177,-0.88,-0.0088,-1.09,-0.0109,-0.01,-0.0001,-0.06,-0.0006,-1.08,-0.0108,-0.64,-0.0064,-1.21,-0.0121,0.1,0.001,-0.39,-0.0039000000000000003,0.14,0.0014000000000000002,-0.65,-0.006500000000000001,0.39,0.0039000000000000003,0.38,0.0038
2024-03-27,0.62,0.0062,1.64,0.016399999999999998,1.49,0.0149,2.26,0.0226,1.46,0.0146,2.28,0.022799999999999997,1.62,0.016200000000000003,0.96,0.0096,2.49,0.024900000000000002,1.4,0.013999999999999999,0.05,0.0005,0.51,0.0051,1.55,0.0155,1.12,0.011200000000000002,1.2,0.012,0.94,0.009399999999999999,1.31,0.0131,1.87,0.0187,2.25,0.0225,0.86,0.0086
2024-03-28,0.29,0.0029,0.39,0.0039000000000000003,0.17,0.0017000000000000001,0.34,0.0034000000000000002,0.76,0.0076,0.52,0.0052,-1.22,-0.012199999999999999,1.15,0.0115,0.83,0.0083,0.69,0.0069,-0.12,-0.0012,-0.17,-0.0017000000000000001,0.59,0.0059,0.28,0.0028000000000000004,-0.35,-0.0034999999999999996,0.14,0.0014000000000000002,0.45,0.0045000000000000005,1.6,0.016,0.59,0.0059,-0.08,-0.0008
2024-04-01,-0.4,-0.004,-1.0,-0.01,-1.03,-0.0103,-0.61,-0.0060999999999999995,-1.02,-0.0102,0.52,0.0052,-0.28,-0.0028000000000000004,0.83,0.0083,-0.5,-0.005,-0.79,-0.0079,0.57,0.005699999999999999,0.02,0.0002,1.08,0.0108,-1.17,-0.011699999999999999,-0.36,-0.0036,-0.6,-0.006,-0.84,-0.0084,0.18,0.0018,-1.08,-0.0108,-0.34,-0.0034000000000000002
2024-04-02,-0.54,-0.0054,-3.24,-0.032400000000000005,-1.11,-0.0111,-0.94,-0.009399999999999999,-2.04,-0.0204,-0.78,-0.0078000000000000005,-3.54,-0.0354,1.42,0.014199999999999999,0.19,0.0019,-0.15,-0.0015,-0.6,-0.006,-1.06,-0.0106,-0.83,-0.0083,-0.55,-0.0055000000000000005,-0.77,-0.0077,-0.83,-0.0083,-1.27,-0.0127,0.6,0.006,-1.65,-0.0165,-1.18,-0.0118
2024-04-03,-1.08,-0.0108,-0.96,-0.0096,-0.1,-0.001,0.75,0.0075,1.5,0.015,1.11,0.0111,0.89,0.0089,0.77,0.0077,-0.16,-0.0016,-0.36,-0.0036,0.24,0.0024,0.23,0.0023,-0.19,-0.0019,0.55,0.0055000000000000005,0.62,0.0062,0.0,0.0,0.06,0.0006,2.35,0.0235,0.92,0.0092,-0.16,-0.0016
2024-04-04,-0.17,-0.0017000000000000001,-2.02,-0.0202,-1.45,-0.014499999999999999,-1.4,-0.013999999999999999,-1.32,-0.0132,-0.87,-0.0087,0.42,0.0042,-0.01,-0.0001,-0.38,-0.0038,-1.18,-0.0118,-1.15,-0.0115,-2.03,-0.0203,-1.0,-0.01,-1.48,-0.0148,-1.6,-0.016,-1.02,-0.0102,-1.03,-0.0103,-0.98,-0.0098,-1.35,-0.013500000000000002,-1.66,-0.0166
2024-04-05,0.06,0.0006,-0.11,-0.0011,0.98,0.0098,0.29,0.0029,1.6,0.016,0.88,0.0088,-1.98,-0.019799999999999998,1.14,0.011399999999999999,0.41,0.0040999999999999995,-0.33,-0.0033,1.57,0.015700000000000002,1.19,0.011899999999999999,0.02,0.0002,1.32,0.0132,1.0,0.01,1.57,0.015700000000000002,0.82,0.008199999999999999,1.6,0.016,0.86,0.0086,0.25,0.0025
2024-04-08,-0.14,-0.0014000000000000002,0.87,0.0087,-0.38,-0.0038,0.18,0.0018,-0.41,-0.0040999999999999995,0.11,0.0011,3.3,0.033,-0.6,-0.006,0.5,0.005,-0.5,-0.005,0.18,0.0018,-0.42,-0.0042,0.4,0.004,-0.42,-0.0042,-0.26,-0.0026,0.04,0.0004,0.59,0.0059,0.76,0.0076,0.14,0.0014000000000000002,0.34,0.0034000000000000002
2024-04-09,0.55,0.0055000000000000005,0.11,0.0011,0.19,0.0019,1.03,0.0103,-0.48,-0.0048,-0.31,-0.0031,1.39,0.0139,0.0,0.0,0.37,0.0037,-0.1,-0.001,0.45,0.0045000000000000005,0.14,0.0014000000000000002,0.99,0.009899999999999999,0.16,0.0016,-0.15,-0.0015,0.25,0.0025,-0.43,-0.0043,1.48,0.0148,0.63,0.0063,0.19,0.0019
2024-04-10,-1.32,-0.0132,-2.58,-0.0258,-1.0,-0.01,-2.63,-0.0263,-3.28,-0.032799999999999996,-1.23,-0.0123,-2.63,-0.0263,0.49,0.0049,-1.57,-0.015700000000000002,-1.14,-0.011399999999999999,-0.91,-0.0091,-0.67,-0.0067,-0.93,-0.009300000000000001,-1.69,-0.0169,-1.26,-0.0126,-0.31,-0.0031,-1.65,-0.0165,-0.64,-0.0064,-2.05,-0.020499999999999997,-0.31,-0.0031
2024-04-11,-0.43,-0.0043,1.53,0.015300000000000001,-0.16,-0.0016,-0.12,-0.0012,0.89,0.0089,0.03,0.0003,0.93,0.009300000000000001,-0.23,-0.0023,-0.13,-0.0013,0.06,0.0006,0.97,0.0097,3.04,0.0304,-0.25,-0.0025,1.13,0.0113,-1.11,-0.0111,0.63,0.0063,-0.62,-0.0062,0.28,0.0028000000000000004,0.69,0.0069,0.63,0.0063
2024-04-12,-1.49,-0.0149,-1.45,-0.014499999999999999,-1.65,-0.0165,-2.07,-0.0207,-0.61,-0.0060999999999999995,-1.76,-0.0176,-2.01,-0.020099999999999996,-1.44,-0.0144,-0.79,-0.0079,-1.61,-0.0161,-1.56,-0.015600000000000001,-1.67,-0.0167,-1.9,-0.019,-1.61,-0.0161,-0.91,-0.0091,-1.24,-0.0124,-1.44,-0.0144,-1.48,-0.0148,-1.91,-0.0191,-1.59,-0.0159
2024-04-15,-0.39,-0.0039000000000000003,0.37,0.0037,-0.52,-0.0052,-0.63,-0.0063,-1.51,-0.0151,0.2,0.002,-4.11,-0.041100000000000005,-0.97,-0.0097,-0.87,-0.0087,-0.2,-0.002,-2.13,-0.0213,-1.85,-0.018500000000000003,-0.33,-0.0033,-0.89,-0.0089,-0.54,-0.0054,-1.23,-0.0123,-0.4,-0.004,-0.37,-0.0037,-0.83,-0.0083,-0.6,-0.006
2024-04-16,0.13,0.0013,0.51,0.0051,-0.51,-0.0051,-1.22,-0.012199999999999999,-1.06,-0.0106,-0.73,-0.0073,-1.92,-0.0192,-0.88,-0.0088,-1.25,-0.0125,-0.37,-0.0037,0.04,0.0004,-0.03,-0.0003,-0.42,-0.0042,-0.5,-0.005,-0.05,-0.0005,-0.22,-0.0022,-0.16,-0.0016,-0.8,-0.008,-0.89,-0.0089,-0.13,-0.0013
2024-04-17,0.37,0.0037,0.8,0.008,-0.43,-0.0043,0.09,0.0009,-1.04,-0.0104,-0.24,-0.0024,-1.01,-0.0101,-0.38,-0.0038,1.68,0.0168,-0.17,-0.0017000000000000001,-0.51,-0.0051,-2.08,-0.0208,-0.35,-0.0034999999999999996,-1.18,-0.0118,-0.76,-0.0076,-0.63,-0.0063,0.23,0.0023,0.32,0.0032,-0.91,-0.0091,-0.08,-0.0008
2024-04-18,0.57,0.005699999999999999,0.66,0.0066,-0.46,-0.0046,0.24,0.0024,-0.29,-0.0029,-0.88,-0.0088,-2.47,-0.024700000000000003,-0.31,-0.0031,0.55,0.0055000000000000005,0.68,0.0068000000000000005,-0.6,-0.006,-0.49,-0.0049,0.3,0.003,-0.14,-0.0014000000000000002,-0.28,-0.0028000000000000004,-0.63,-0.0063,0.67,0.0067,0.13,0.0013,-0.68,-0.0068000000000000005,0.22,0.0022
2024-04-19,1.44,0.0144,-0.33,-0.0033,-0.04,-0.0004,-0.26,-0.0026,-0.6,-0.006,0.07,0.0007000000000000001,-1.3,-0.013000000000000001,1.14,0.011399999999999999,1.61,0.0161,1.02,0.0102,-1.31,-0.0131,-3.91,-0.0391,0.9,0.009000000000000001,-0.02,-0.0002,0.53,0.0053,-0.97,-0.0097,1.43,0.0143,-1.03,-0.0103,-0.12,-0.0012,-0.45,-0.0045000000000000005
2024-04-22,0.91,0.0091,0.79,0.0079,0.73,0.0073,0.58,0.0058,0.9,0.009000000000000001,0.3,0.003,-1.3,-0.013000000000000001,0.67,0.0067,0.87,0.0087,-0.83,-0.0083,0.79,0.0079,1.67,0.0167,0.55,0.0055000000000000005,1.04,0.0104,0.16,0.0016,0.95,0.0095,1.05,0.0105,-1.11,-0.0111,0.79,0.0079,0.82,0.008199999999999999
2024-04-23,0.37,0.0037,0.84,0.0084,1.18,0.0118,-0.32,-0.0032,2.71,0.0271,-3.95,-0.0395,1.79,0.0179,0.57,0.005699999999999999,0.49,0.0049,1.12,0.011200000000000002,1.72,0.0172,2.06,0.0206,0.68,0.0068000000000000005,1.41,0.0141,0.69,0.0069,0.74,0.0074,0.82,0.008199999999999999,-0.28,-0.0028000000000000004,1.85,0.018500000000000003,1.03,0.0103
2024-04-24,0.98,0.0098,0.56,0.005600000000000001,-0.35,-0.0034999999999999996,0.14,0.0014000000000000002,-0.74,-0.0074,-1.4,-0.013999999999999999,7.43,0.07429999999999999,0.06,0.0006,0.73,0.0073,0.19,0.0019,0.2,0.002,-0.15,-0.0015,0.25,0.0025,-2.24,-0.022400000000000003,0.5,0.005,-0.81,-0.008100000000000001,0.03,0.0003,-0.06,-0.0006,-0.25,-0.0025,0.82,0.008199999999999999
2024-04-25,-0.14,-0.0014000000000000002,-1.46,-0.0146,-0.95,-0.0095,-0.52,-0.0052,0.0,0.0,1.1,0.011000000000000001,3.03,0.030299999999999997,0.49,0.0049,0.33,0.0033,-1.73,-0.0173,-2.58,-0.0258,1.52,0.0152,-0.56,-0.005600000000000001,1.09,0.0109,-0.21,-0.0021,-0.82,-0.008199999999999999,-0.48,-0.0048,2.93,0.029300000000000003,-0.11,-0.0011,0.45,0.0045000000000000005
2024-04-26,-0.19,-0.0019,1.14,0.011399999999999999,0.12,0.0012,0.66,0.0066,1.27,0.0127,0.43,0.0043,-0.7,-0.006999999999999999,-0.91,-0.0091,-0.98,-0.0098,0.38,0.0038,2.8,0.027999999999999997,1.89,0.0189,0.95,0.0095,-0.8,-0.008,0.12,0.0012,1.85,0.018500000000000003,-0.07,-0.0007000000000000001,2.28,0.022799999999999997,1.43,0.0143,0.31,0.0031
2024-04-29,0.82,0.008199999999999999,0.3,0.003,0.74,0.0074,1.11,0.0111,0.55,0.0055000000000000005,0.39,0.0039000000000000003,10.21,0.10210000000000001,0.74,0.0074,1.35,0.013500000000000002,0.75,0.0075,-1.12,-0.011200000000000002,1.05,0.0105,0.99,0.009899999999999999,-0.28,-0.0028000000000000004,0.19,0.0019,0.34,0.0034000000000000002,-0.32,-0.0032,1.87,0.0187,0.54,0.0054,0.27,0.0027
2024-04-30,-0.55,-0.0055000000000000005,-1.71,-0.0171,0.21,0.0021,-1.77,-0.0177,-2.07,-0.0207,-2.57,-0.025699999999999997,-5.04,-0.0504,-3.1,-0.031,-0.81,-0.008100000000000001,-1.42,-0.014199999999999999,-2.19,-0.0219,-1.72,-0.0172,0.12,0.0012,-1.88,-0.018799999999999997,-1.59,-0.0159,-2.19,-0.0219,-1.17,-0.011699999999999999,-3.5,-0.035,-3.76,-0.037599999999999995,-1.13,-0.0113
2024-05-01,-0.66,-0.0066,-1.34,-0.0134,0.57,0.005699999999999999,0.33,0.0033,-0.03,-0.0003,0.23,0.0023,-1.15,-0.0115,-1.67,-0.0167,0.74,0.0074,0.32,0.0032,0.71,0.0070999999999999995,-2.07,-0.0207,0.28,0.0028000000000000004,-0.13,-0.0013,-1.49,-0.0149,0.66,0.0066,0.27,0.0027,-0.2,-0.002,-0.04,-0.0004,-2.83,-0.028300000000000002
2024-05-02,0.95,0.0095,1.38,0.0138,-0.11,-0.0011,1.18,0.0118,1.03,0.0103,1.22,0.012199999999999999,0.45,0.0045000000000000005,0.54,0.0054,0.62,0.0062,0.54,0.0054,0.86,0.0086,1.99,0.0199,0.3,0.003,1.49,0.0149,0.57,0.005699999999999999,2.17,0.0217,0.57,0.005699999999999999,-0.67,-0.0067,1.34,0.0134,0.25,0.0025
2024-05-03,0.18,0.0018,0.25,0.0025,0.34,0.0034000000000000002,0.99,0.009899999999999999,1.62,0.016200000000000003,1.59,0.0159,0.4,0.004,-0.02,-0.0002,0.82,0.008199999999999999,0.35,0.0034999999999999996,1.34,0.0134,3.43,0.034300000000000004,0.3,0.003,0.65,0.006500000000000001,0.4,0.004,0.97,0.0097,0.34,0.0034000000000000002,1.45,0.014499999999999999,2.0,0.02,-0.24,-0.0024
2024-05-06,-0.24,-0.0024,0.75,0.0075,0.55,0.0055000000000000005,1.05,0.0105,2.05,0.020499999999999997,-0.45,-0.0045000000000000005,1.65,0.0165,0.89,0.0089,0.58,0.0058,0.73,0.0073,1.5,0.015,1.32,0.0132,0.17,0.0017000000000000001,0.59,0.0059,0.7,0.006999999999999999,0.96,0.0096,1.17,0.011699999999999999,1.75,0.0175,1.53,0.015300000000000001,0.54,0.0054
2024-05-07,1.05,0.0105,0.37,0.0037,0.76,0.0076,1.66,0.0166,-0.9,-0.009000000000000001,0.42,0.0042,-2.48,-0.0248,-0.15,-0.0015,0.88,0.0088,-2.16,-0.0216,0.06,0.0006,-0.41,-0.0040999999999999995,0.33,0.0033,0.04,0.0004,0.45,0.0045000000000000005,0.32,0.0032,0.31,0.0031,-0.19,-0.0019,-1.83,-0.0183,-0.62,-0.0062
2024-05-08,-0.09,-0.0009,-0.36,-0.0036,-0.67,-0.0067,-0.21,-0.0021,-0.21,-0.0021,-0.74,-0.0074,-1.05,-0.0105,-0.19,-0.0019,0.82,0.008199999999999999,0.49,0.0049,-0.27,-0.0027,0.27,0.0027,0.53,0.0053,-0.25,-0.0025,-0.53,-0.0053,-0.55,-0.0055000000000000005,0.42,0.0042,-1.4,-0.013999999999999999,0.33,0.0033,0.13,0.0013
2024-05-09,0.52,0.0052,1.12,0.011200000000000002,0.68,0.0068000000000000005,0.93,0.009300000000000001,1.38,0.0138,2.02,0.0202,-0.7,-0.006999999999999999,1.32,0.0132,1.44,0.0144,0.36,0.0036,0.18,0.0018,-0.12,-0.0012,0.72,0.0072,1.03,0.0103,1.07,0.010700000000000001,1.23,0.0123,0.83,0.0083,2.51,0.025099999999999997,0.9,0.009000000000000001,0.26,0.0026
2024-05-10,0.72,0.0072,-1.37,-0.0137,-0.38,-0.0038,-0.18,-0.0018,0.13,0.0013,-0.02,-0.0002,-1.42,-0.014199999999999999,-0.72,-0.0072,-0.11,-0.0011,0.64,0.0064,0.06,0.0006,0.54,0.0054,0.08,0.0008,0.28,0.0028000000000000004,0.26,0.0026,-0.48,-0.0048,0.39,0.0039000000000000003,0.72,0.0072,-0.55,-0.0055000000000000005,1.21,0.0121
2024-05-13,0.4,0.004,0.77,0.0077,0.08,0.0008,-0.29,-0.0029,-1.18,-0.0118,0.14,0.0014000000000000002,1.35,0.013500000000000002,-0.37,-0.0037,0.07,0.0007000000000000001,0.33,0.0033,-0.13,-0.0013,0.76,0.0076,0.43,0.0043,-0.18,-0.0018,-0.42,-0.0042,-0.41,-0.0040999999999999995,-0.46,-0.0046,0.49,0.0049,-0.22,-0.0022,-0.68,-0.0068000000000000005
2024-05-14,-0.17,-0.0017000000000000001,0.92,0.0092,0.42,0.0042,0.14,0.0014000000000000002,0.49,0.0049,0.13,0.0013,2.39,0.0239,0.13,0.0013,0.42,0.0042,-0.01,-0.0001,0.59,0.0059,1.22,0.012199999999999999,0.41,0.0040999999999999995,-0.49,-0.0049,0.04,0.0004,0.23,0.0023,0.66,0.0066,1.61,0.0161,0.97,0.0097,-0.22,-0.0022
2024-05-15,-0.5,-0.005,-0.64,-0.0064,1.8,0.018000000000000002,-0.12,-0.0012,2.65,0.0265,1.36,0.013600000000000001,-1.35,-0.013500000000000002,0.14,0.0014000000000000002,1.21,0.0121,-0.92,-0.0092,1.72,0.0172,2.34,0.023399999999999997,0.24,0.0024,0.47,0.004699999999999999,0.7,0.006999999999999999,-0.02,-0.0002,0.85,0.0085,0.34,0.0034000000000000002,1.19,0.011899999999999999,0.3,0.003
2024-05-16,0.53,0.0053,-0.63,-0.0063,-0.34,-0.0034000000000000002,0.21,0.0021,-2.85,-0.0285,-1.21,-0.0121,0.1,0.001,-0.35,-0.0034999999999999996,-0.14,-0.0014000000000000002,0.24,0.0024,-0.19,-0.0019,-0.28,-0.0028000000000000004,1.03,0.0103,-0.3,-0.003,-0.38,-0.0038,0.05,0.0005,-0.2,-0.002,-2.72,-0.027200000000000002,-2.09,-0.0209,0.28,0.0028000000000000004
2024-05-17,-0.44,-0.0044,-0.08,-0.0008,-0.02,-0.0002,0.53,0.0053,0.29,0.0029,-0.64,-0.0064,0.89,0.0089,1.49,0.0149,0.13,0.0013,-0.17,-0.0017000000000000001,0.25,0.0025,-0.58,-0.0058,0.14,0.0014000000000000002,-0.52,-0.0052,0.14,0.0014000000000000002,0.37,0.0037,0.54,0.0054,2.84,0.028399999999999998,-0.13,-0.0013,0.23,0.0023
2024-05-20,-0.33,-0.0033,-0.58,-0.0058,0.15,0.0015,0.13,0.0013,0.21,0.0021,0.15,0.0015,-1.12,-0.011200000000000002,-0.6,-0.006,-0.1,-0.001,-0.02,-0.0002,0.65,0.006500000000000001,1.24,0.0124,-0.28,-0.0028000000000000004,-0.37,-0.0037,0.26,0.0026,-0.8,-0.008,-1.07,-0.010700000000000001,1.61,0.0161,1.17,0.011699999999999999,-0.53,-0.0053
2024-05-21,0.25,0.0025,0.55,0.0055000000000000005,0.1,0.001,-0.41,-0.0040999999999999995,-0.06,-0.0006,0.49,0.0049,4.26,0.0426,-0.59,-0.0059,0.78,0.0078000000000000005,-0.53,-0.0053,0.03,0.0003,0.21,0.0021,-0.19,-0.0019,-1.42,-0.014199999999999999,-0.46,-0.0046,-0.02,-0.0002,0.66,0.0066,-1.01,-0.0101,1.14,0.011399999999999999,-0.63,-0.0063
2024-05-22,-0.17,-0.0017000000000000001,-1.81,-0.0181,0.29,0.0029,-0.66,-0.0066,-1.49,-0.0149,-1.42,-0.014199999999999999,-2.43,-0.024300000000000002,-1.69,-0.0169,-1.28,-0.0128,0.14,0.0014000000000000002,-0.1,-0.001,-0.03,-0.0003,-0.58,-0.0058,0.35,0.0034999999999999996,-0.18,-0.0018,-0.43,-0.0043,-0.58,-0.0058,-4.79,-0.0479,0.67,0.0067,-0.02,-0.0002
2024-05-23,-1.45,-0.014499999999999999,-0.49,-0.0049,-1.17,-0.011699999999999999,-1.37,-0.0137,-0.8,-0.008,-0.2,-0.002,-2.56,-0.0256,-0.95,-0.0095,-1.69,-0.0169,-1.12,-0.011200000000000002,-1.08,-0.0108,1.05,0.0105,-0.86,-0.0086,-1.73,-0.0173,-0.76,-0.0076,-0.92,-0.0092,-1.44,-0.0144,-0.67,-0.0067,-2.41,-0.0241,-2.01,-0.020099999999999996
2024-05-24,-0.08,-0.0008,2.32,0.0232,-0.05,-0.0005,0.97,0.0097,1.37,0.0137,0.43,0.0043,2.45,0.0245,0.16,0.0016,0.85,0.0085,0.59,0.0059,0.36,0.0036,1.79,0.0179,0.74,0.0074,0.55,0.0055000000000000005,0.54,0.0054,0.47,0.004699999999999999,0.53,0.0053,0.97,0.0097,2.42,0.0242,0.97,0.0097
2024-05-28,-1.18,-0.0118,0.51,0.0051,-1.01,-0.0101,-0.44,-0.0044,-1.38,-0.0138,-0.04,-0.0004,-1.46,-0.0146,1.13,0.0113,-0.05,-0.0005,0.02,0.0002,-0.15,-0.0015,1.94,0.0194,-1.35,-0.013500000000000002,-0.81,-0.008100000000000001,-1.6,-0.016,0.29,0.0029,-0.99,-0.009899999999999999,1.64,0.016399999999999998,-1.42,-0.014199999999999999,-0.76,-0.0076
2024-05-29,-0.78,-0.0078000000000000005,-0.27,-0.0027,-0.41,-0.0040999999999999995,-1.76,-0.0176,-1.09,-0.0109,-0.77,-0.0077,-0.74,-0.0074,-1.84,-0.0184,-1.31,-0.0131,-0.65,-0.006500000000000001,-0.55,-0.0055000000000000005,-0.4,-0.004,-1.08,-0.0108,-1.0,-0.01,-1.03,-0.0103,-0.27,-0.0027,-1.32,-0.0132,-1.38,-0.0138,-1.38,-0.0138,-1.44,-0.0144
2024-05-30,0.08,0.0008,1.61,0.0161,0.74,0.0074,1.08,0.0108,1.58,0.0158,0.92,0.0092,1.56,0.015600000000000001,0.27,0.0027,1.33,0.013300000000000001,2.01,0.020099999999999996,-3.08,-0.0308,-1.13,-0.0113,1.18,0.0118,0.7,0.006999999999999999,0.6,0.006,-0.14,-0.0014000000000000002,0.59,0.0059,-0.08,-0.0008,1.47,0.0147,0.91,0.0091
2024-05-31,1.68,0.0168,1.98,0.019799999999999998,0.88,0.0088,1.17,0.011699999999999999,0.81,0.008100000000000001,0.81,0.008100000000000001,0.45,0.0045000000000000005,2.56,0.0256,1.77,0.0177,2.58,0.0258,0.35,0.0034999999999999996,-0.31,-0.0031,1.71,0.0171,1.49,0.0149,1.36,0.013600000000000001,-0.04,-0.0004,1.46,0.0146,0.36,0.0036,-0.26,-0.0026,1.43,0.0143
2024-06-03,-0.56,-0.005600000000000001,-0.31,-0.0031,0.86,0.0086,-0.87,-0.0087,-1.59,-0.0159,-1.08,-0.0108,-0.7,-0.006999999999999999,-2.71,-0.0271,-1.03,-0.0103,-0.74,-0.0074,0.1,0.001,1.47,0.0147,0.21,0.0021,-1.0,-0.01,-0.49,-0.0049,0.37,0.0037,-0.58,-0.0058,-1.54,-0.0154,-1.42,-0.014199999999999999,0.27,0.0027
2024-06-04,0.5,0.005,-0.72,-0.0072,0.16,0.0016,-0.67,-0.0067,-1.67,-0.0167,-3.39,-0.0339,-1.04,-0.0104,-1.15,-0.0115,0.01,0.0001,0.8,0.008,0.32,0.0032,0.23,0.0023,-0.64,-0.0064,-0.21,-0.0021,-1.04,-0.0104,0.3,0.003,-0.38,-0.0038,-3.48,-0.0348,-2.55,-0.0255,0.66,0.0066
2024-06-05,-0.3,-0.003,0.5,0.005,0.72,0.0072,0.72,0.0072,1.88,0.018799999999999997,0.5,0.005,0.6,0.006,-0.03,-0.0003,-0.41,-0.0040999999999999995,-0.39,-0.0039000000000000003,1.76,0.0176,2.82,0.0282,0.22,0.0022,1.17,0.011699999999999999,0.8,0.008,0.88,0.0088,0.28,0.0028000000000000004,1.18,0.0118,2.42,0.0242,0.08,0.0008
2024-06-06,0.33,0.0033,0.92,0.0092,0.17,0.0017000000000000001,-0.47,-0.004699999999999999,-1.44,-0.0144,0.19,0.0019,0.95,0.0095,0.6,0.006,-0.94,-0.009399999999999999,-0.18,-0.0018,0.31,0.0031,-0.8,-0.008,-0.62,-0.0062,0.53,0.0053,-0.14,-0.0014000000000000002,0.98,0.0098,-0.21,-0.0021,1.11,0.0111,-2.08,-0.0208,0.15,0.0015
2024-06-07,-0.53,-0.0053,-0.16,-0.0016,0.35,0.0034999999999999996,-0.72,-0.0072,-0.98,-0.0098,-1.67,-0.0167,-0.28,-0.0028000000000000004,-0.53,-0.0053,-0.96,-0.0096,-0.43,-0.0043,-0.32,-0.0032,0.2,0.002,0.32,0.0032,-0.05,-0.0005,0.0,0.0,-0.69,-0.0069,-0.05,-0.0005,-3.25,-0.0325,-0.57,-0.005699999999999999,-0.85,-0.0085
2024-06-10,-1.12,-0.011200000000000002,0.13,0.0013,0.45,0.0045000000000000005,0.13,0.0013,0.94,0.009399999999999999,-1.13,-0.0113,-0.98,-0.0098,0.71,0.0070999999999999995,1.21,0.0121,-0.31,-0.0031,0.56,0.005600000000000001,-0.03,-0.0003,-0.16,-0.0016,0.39,0.0039000000000000003,-0.11,-0.0011,1.08,0.0108,0.0,0.0,1.16,0.0116,1.01,0.0101,-0.06,-0.0006
2024-06-11,0.1,0.001,-0.38,-0.0038,-0.31,-0.0031,0.2,0.002,-1.06,-0.0106,-1.39,-0.0139,-1.46,-0.0146,-0.21,-0.0021,-0.47,-0.004699999999999999,-0.85,-0.0085,0.56,0.005600000000000001,1.99,0.0199,0.01,0.0001,-0.35,-0.0034999999999999996,-0.33,-0.0033,0.15,0.0015,-1.06,-0.0106,-1.73,-0.0173,-0.12,-0.0012,-0.27,-0.0027
2024-06-12,-1.37,-0.0137,-1.43,-0.0143,0.03,0.0003,0.76,0.0076,2.85,0.0285,0.0,0.0,2.87,0.0287,-1.19,-0.011899999999999999,-0.48,-0.0048,-1.25,-0.0125,1.5,0.015,2.55,0.0255,-0.06,-0.0006,1.22,0.012199999999999999,0.69,0.0069,0.24,0.0024,0.25,0.0025,0.73,0.0073,2.78,0.0278,0.82,0.008199999999999999
2024-06-13,-0.16,-0.0016,-0.2,-0.002,-0.02,-0.0002,-0.46,-0.0046,0.01,0.0001,-0.46,-0.0046,1.48,0.0148,-0.92,-0.0092,0.01,0.0001,-0.4,-0.004,-0.82,-0.008199999999999999,1.9,0.019,0.46,0.0046,-1.4,-0.013999999999999999,-0.17,-0.0017000000000000001,-0.64,-0.0064,-0.2,-0.002,-0.95,-0.0095,-1.02,-0.0102,0.39,0.0039000000000000003
2024-06-14,-0.42,-0.0042,-0.94,-0.009399999999999999,-0.22,-0.0022,-2.0,-0.02,-1.82,-0.0182,-1.2,-0.012,-2.23,-0.0223,-0.89,-0.0089,-0.33,-0.0033,-0.05,-0.0005,0.51,0.0051,0.17,0.0017000000000000001,-0.69,-0.0069,-0.69,-0.0069,-1.12,-0.011200000000000002,-0.17,-0.0017000000000000001,-0.38,-0.0038,0.13,0.0013,-2.77,-0.0277,-0.55,-0.0055000000000000005
2024-06-17,0.74,0.0074,1.43,0.0143,-0.08,-0.0008,0.47,0.004699999999999999,0.79,0.0079,1.74,0.0174,3.99,0.039900000000000005,0.15,0.0015,-0.81,-0.008100000000000001,0.44,0.0044,0.75,0.0075,1.09,0.0109,0.44,0.0044,0.9,0.009000000000000001,1.46,0.0146,0.8,0.008,0.78,0.0078000000000000005,-0.41,-0.0040999999999999995,0.94,0.009399999999999999,1.58,0.0158
2024-06-18,-0.04,-0.0004,-0.37,-0.0037,0.23,0.0023,0.0,0.0,-0.57,-0.005699999999999999,-0.59,-0.0059,-1.0,-0.01,0.4,0.004,0.12,0.0012,0.24,0.0024,-0.38,-0.0038,0.9,0.009000000000000001,-0.34,-0.0034000000000000002,-0.04,-0.0004,0.72,0.0072,-0.07,-0.0007000000000000001,0.43,0.0043,0.93,0.009300000000000001,0.65,0.006500000000000001,-0.45,-0.0045000000000000005
2024-06-20,-0.37,-0.0037,0.03,0.0003,0.44,0.0044,-0.69,-0.0069,-0.81,-0.008100000000000001,0.53,0.0053,-1.3,-0.013000000000000001,1.78,0.0178,0.85,0.0085,0.72,0.0072,0.23,0.0023,-2.47,-0.024700000000000003,0.02,0.0002,0.69,0.0069,-0.49,-0.0049,0.72,0.0072,0.54,0.0054,0.98,0.0098,-0.87,-0.0087,-0.66,-0.0066
2024-06-21,0.76,0.0076,0.84,0.0084,0.42,0.0042,0.03,0.0003,-0.04,-0.0004,0.89,0.0089,0.43,0.0043,-0.65,-0.006500000000000001,-0.54,-0.0054,0.78,0.0078000000000000005,0.74,0.0074,-1.51,-0.0151,-0.14,-0.0014000000000000002,0.18,0.0018,0.29,0.0029,0.69,0.0069,-0.41,-0.0040999999999999995,-0.41,-0.0040999999999999995,-0.63,-0.0063,0.57,0.005699999999999999
2024-06-24,1.52,0.0152,0.33,0.0033,0.63,0.0063,0.53,0.0053,0.55,0.0055000000000000005,-0.61,-0.0060999999999999995,0.34,0.0034000000000000002,2.66,0.026600000000000002,1.4,0.013999999999999999,0.5,0.005,-0.25,-0.0025,-2.49,-0.024900000000000002,0.99,0.009899999999999999,0.41,0.0040999999999999995,0.4,0.004,-0.69,-0.0069,0.97,0.0097,0.62,0.0062,0.85,0.0085,0.12,0.0012
2024-06-25,-0.6,-0.006,-1.84,-0.0184,0.01,0.0001,-1.92,-0.0192,-1.86,-0.018600000000000002,-1.54,-0.0154,1.33,0.013300000000000001,0.15,0.0015,-0.82,-0.008199999999999999,-0.02,-0.0002,1.1,0.011000000000000001,2.08,0.0208,-1.12,-0.011200000000000002,-0.54,-0.0054,-1.16,-0.0116,-0.7,-0.006999999999999999,-0.85,-0.0085,-1.05,-0.0105,-0.49,-0.0049,-0.1,-0.001
2024-06-26,-0.44,-0.0044,-0.69,-0.0069,-0.44,-0.0044,0.47,0.004699999999999999,-0.42,-0.0042,1.36,0.013600000000000001,3.31,0.0331,-0.72,-0.0072,-0.52,-0.0052,-0.09,-0.0009,0.01,0.0001,0.5,0.005,-0.43,-0.0043,1.05,0.0105,-0.98,-0.0098,2.0,0.02,-0.39,-0.0039000000000000003,-0.37,-0.0037,-0.74,-0.0074,-0.31,-0.0031
2024-06-27,0.06,0.0006,-0.14,-0.0014000000000000002,0.05,0.0005,-0.49,-0.0049,0.28,0.0028000000000000004,-0.11,-0.0011,0.31,0.0031,0.18,0.0018,0.18,0.0018,0.25,0.0025,0.86,0.0086,-0.47,-0.004699999999999999,-0.26,-0.0026,-0.33,-0.0033,-0.72,-0.0072,0.79,0.0079,-0.03,-0.0003,-0.56,-0.005600000000000001,0.69,0.0069,-0.32,-0.0032
2024-06-28,-0.32,-0.0032,-9.83,-0.0983,-0.55,-0.0055000000000000005,-0.32,-0.0032,-0.32,-0.0032,2.19,0.0219,0.38,0.0038,0.45,0.0045000000000000005,-0.71,-0.0070999999999999995,0.42,0.0042,-0.84,-0.0084,-0.42,-0.0042,-0.84,-0.0084,1.09,0.0109,-0.45,-0.0045000000000000005,-1.03,-0.0103,1.02,0.0102,0.29,0.0029,-0.41,-0.0040999999999999995,-0.42,-0.0042
2024-07-01,-0.43,-0.0043,0.23,0.0023,0.02,0.0002,-1.59,-0.0159,-2.25,-0.0225,-0.87,-0.0087,4.2,0.042,0.0,0.0,-0.59,-0.0059,-0.31,-0.0031,0.71,0.0070999999999999995,1.03,0.0103,-0.92,-0.0092,-1.03,-0.0103,-1.1,-0.011000000000000001,0.24,0.0024,0.06,0.0006,-0.56,-0.005600000000000001,-2.45,-0.0245,-1.34,-0.0134
2024-07-02,0.19,0.0019,-0.88,-0.0088,-0.63,-0.0063,0.26,0.0026,-0.06,-0.0006,0.43,0.0043,7.43,0.07429999999999999,-0.13,-0.0013,0.37,0.0037,0.0,0.0,0.75,0.0075,0.42,0.0042,-0.09,-0.0009,0.15,0.0015,0.66,0.0066,0.91,0.0091,1.02,0.0102,0.77,0.0077,0.38,0.0038,-0.3,-0.003
2024-07-03,0.01,0.0001,-0.51,-0.0051,-0.65,-0.006500000000000001,0.49,0.0049,0.81,0.008100000000000001,0.8,0.008,4.86,0.048600000000000004,0.42,0.0042,0.62,0.0062,0.17,0.0017000000000000001,0.27,0.0027,2.02,0.0202,0.24,0.0024,0.26,0.0026,-0.3,-0.003,-0.63,-0.0063,-0.35,-0.0034999999999999996,3.41,0.0341,1.8,0.018000000000000002,0.1,0.001
2024-07-05,0.32,0.0032,-0.21,-0.0021,1.05,0.0105,-0.69,-0.0069,-1.03,-0.0103,-1.53,-0.015300000000000001,1.28,0.0128,-1.67,-0.0167,0.01,0.0001,0.15,0.0015,1.72,0.0172,0.11,0.0011,-0.37,-0.0037,-0.43,-0.0043,-0.28,-0.0028000000000000004,1.32,0.0132,-0.7,-0.006999999999999999,1.15,0.0115,-0.58,-0.0058,0.18,0.0018
2024-07-08,-0.56,-0.005600000000000001,-0.48,-0.0048,0.04,0.0004,0.99,0.009899999999999999,0.75,0.0075,-0.11,-0.0011,0.64,0.0064,-0.54,-0.0054,0.03,0.0003,-0.56,-0.005600000000000001,-0.67,-0.0067,1.37,0.0137,0.65,0.006500000000000001,0.02,0.0002,0.47,0.004699999999999999,0.0,0.0,-0.06,-0.0006,-0.6,-0.006,1.29,0.0129,-1.32,-0.0132
2024-07-09,-0.76,-0.0076,-1.1,-0.011000000000000001,0.66,0.0066,-1.18,-0.0118,-0.41,-0.0040999999999999995,-1.27,-0.0127,2.64,0.0264,-1.0,-0.01,0.29,0.0029,0.13,0.0013,-0.89,-0.0089,0.68,0.0068000000000000005,-0.97,-0.0097,-0.72,-0.0072,-1.01,-0.0101,-0.02,-0.0002,0.84,0.0084,-0.64,-0.0064,-0.89,-0.0089,-1.51,-0.0151
2024-07-10,0.57,0.005699999999999999,-0.65,-0.006500000000000001,0.95,0.0095,1.24,0.0124,2.08,0.0208,1.11,0.0111,0.57,0.005699999999999999,0.77,0.0077,0.86,0.0086,0.51,0.0051,0.62,0.0062,1.96,0.0196,1.19,0.011899999999999999,0.23,0.0023,0.59,0.0059,0.5,0.005,0.93,0.009300000000000001,2.16,0.0216,1.76,0.0176,0.9,0.009000000000000001
2024-07-11,0.51,0.0051,1.46,0.0146,1.04,0.0104,2.26,0.0226,4.55,0.0455,2.92,0.0292,-5.69,-0.056900000000000006,1.17,0.011699999999999999,1.69,0.0169,0.43,0.0043,-1.37,-0.0137,-2.78,-0.0278,1.38,0.0138,1.92,0.0192,1.5,0.015,-0.78,-0.0078000000000000005,1.04,0.0104,1.02,0.0102,3.82,0.0382,0.15,0.0015
2024-07-12,0.55,0.0055000000000000005,0.15,0.0015,0.63,0.0063,1.03,0.0103,1.82,0.0182,0.95,0.0095,2.74,0.0274,0.13,0.0013,0.76,0.0076,0.61,0.0060999999999999995,0.15,0.0015,1.12,0.011200000000000002,1.03,0.0103,0.6,0.006,1.05,0.0105,0.16,0.0016,0.19,0.0019,0.23,0.0023,2.64,0.0264,0.78,0.0078000000000000005
2024-07-15,-0.71,-0.0070999999999999995,-2.37,-0.023700000000000002,-0.21,-0.0021,-0.07,-0.0007000000000000001,0.12,0.0012,1.8,0.018000000000000002,1.58,0.0158,1.68,0.0168,-1.86,-0.018600000000000002,0.4,0.004,0.5,0.005,0.43,0.0043,0.08,0.0008,1.52,0.0152,0.88,0.0088,-0.56,-0.005600000000000001,1.46,0.0146,-0.83,-0.0083,-0.14,-0.0014000000000000002,-0.57,-0.005699999999999999
2024-07-16,1.47,0.0147,2.27,0.0227,0.74,0.0074,2.81,0.0281,4.8,0.048,1.56,0.015600000000000001,1.85,0.018500000000000003,0.37,0.0037,0.72,0.0072,1.54,0.0154,-0.17,-0.0017000000000000001,-0.11,-0.0011,2.05,0.020499999999999997,2.87,0.0287,2.45,0.0245,0.96,0.0096,2.18,0.0218,1.09,0.0109,3.95,0.0395,2.46,0.0246
2024-07-17,1.71,0.0171,0.02,0.0002,-0.25,-0.0025,-0.13,-0.0013,-2.95,-0.029500000000000002,-1.67,-0.0167,-2.49,-0.024900000000000002,1.06,0.0106,0.19,0.0019,0.79,0.0079,-1.74,-0.0174,-4.45,-0.044500000000000005,0.51,0.0051,-2.19,-0.0219,-0.23,-0.0023,-1.28,-0.0128,0.64,0.0064,-2.13,-0.0213,-3.09,-0.030899999999999997,-1.3,-0.013000000000000001
2024-07-18,-0.11,-0.0011,-1.4,-0.013999999999999999,-2.61,-0.026099999999999998,-1.17,-0.011699999999999999,1.36,0.013600000000000001,-0.41,-0.0040999999999999995,0.15,0.0015,0.19,0.0019,-0.02,-0.0002,-0.77,-0.0077,-0.83,-0.0083,-0.04,-0.0004,-0.06,-0.0006,-1.73,-0.0173,-1.28,-0.0128,-1.66,-0.0166,-1.54,-0.0154,-3.21,-0.0321,-2.34,-0.023399999999999997,-1.57,-0.015700000000000002
2024-07-19,-0.73,-0.0073,-0.33,-0.0033,0.78,0.0078000000000000005,-1.49,-0.0149,-0.42,-0.0042,-1.22,-0.012199999999999999,-3.67,-0.036699999999999997,-1.61,-0.0161,0.26,0.0026,-0.54,-0.0054,-0.34,-0.0034000000000000002,-1.48,-0.0148,-0.84,-0.0084,0.4,0.004,-0.75,-0.0075,-0.35,-0.0034999999999999996,-0.58,-0.0058,-0.29,-0.0029,-0.98,-0.0098,0.66,0.0066
2024-07-22,-0.42,-0.0042,1.91,0.0191,0.76,0.0076,0.07,0.0007000000000000001,2.02,0.0202,0.45,0.0045000000000000005,4.21,0.0421,-0.88,-0.0088,0.89,0.0089,-2.51,-0.025099999999999997,1.5,0.015,2.25,0.0225,0.86,0.0086,0.03,0.0003,0.95,0.0095,0.13,0.0013,0.57,0.005699999999999999,0.78,0.0078000000000000005,1.75,0.0175,0.21,0.0021
2024-07-23,-0.38,-0.0038,-1.09,-0.0109,0.11,0.0011,1.51,0.0151,0.3,0.003,0.91,0.0091,-2.47,-0.024700000000000003,-1.58,-0.0158,-0.69,-0.0069,-1.05,-0.0105,0.15,0.0015,-0.08,-0.0008,-1.05,-0.0105,-2.11,-0.021099999999999997,0.12,0.0012,0.85,0.0085,0.34,0.0034000000000000002,-0.22,-0.0022,-0.04,-0.0004,-0.99,-0.009899999999999999
2024-07-24,0.19,0.0019,-2.92,-0.0292,0.25,0.0025,-1.52,-0.0152,-3.5,-0.035,-3.21,-0.0321,-9.49,-0.0949,0.41,0.0040999999999999995,0.57,0.005699999999999999,0.41,0.0040999999999999995,-3.66,-0.0366,-4.22,-0.042199999999999994,0.34,0.0034000000000000002,-1.37,-0.0137,-1.53,-0.015300000000000001,-2.26,-0.0226,-1.1,-0.011000000000000001,-1.98,-0.019799999999999998,-3.87,-0.0387,-1.84,-0.0184
2024-07-25,0.57,0.005699999999999999,-1.31,-0.0131,-0.82,-0.008199999999999999,1.06,0.0106,1.6,0.016,2.8,0.027999999999999997,0.25,0.0025,1.79,0.0179,-0.76,-0.0076,-0.09,-0.0009,-0.99,-0.009899999999999999,-0.94,-0.009399999999999999,0.34,0.0034000000000000002,0.06,0.0006,1.17,0.011699999999999999,-0.3,-0.003,0.81,0.008100000000000001,-0.19,-0.0019,0.81,0.008100000000000001,-0.75,-0.0075
2024-07-26,1.11,0.0111,2.48,0.0248,0.12,0.0012,1.16,0.0116,3.23,0.0323,2.24,0.022400000000000003,0.17,0.0017000000000000001,0.29,0.0029,0.95,0.0095,1.75,0.0175,1.25,0.0125,1.01,0.0101,1.45,0.014499999999999999,0.72,0.0072,1.6,0.016,1.2,0.012,1.47,0.0147,1.86,0.018600000000000002,2.44,0.024399999999999998,0.42,0.0042
2024-07-29,-0.04,-0.0004,1.44,0.0144,-0.09,-0.0009,0.49,0.0049,0.11,0.0011,-0.73,-0.0073,3.9,0.039,-1.0,-0.01,0.3,0.003,0.97,0.0097,0.27,0.0027,-0.47,-0.004699999999999999,-0.21,-0.0021,-0.1,-0.001,0.03,0.0003,0.14,0.0014000000000000002,-0.53,-0.0053,-0.25,-0.0025,-1.56,-0.015600000000000001,1.98,0.019799999999999998
2024-07-30,0.83,0.0083,0.24,0.0024,-0.72,-0.0072,0.2,0.002,0.38,0.0038,-0.53,-0.0053,-3.13,-0.0313,1.67,0.0167,0.64,0.0064,0.49,0.0049,-0.25,-0.0025,-2.58,-0.0258,-0.55,-0.0055000000000000005,0.56,0.005600000000000001,0.84,0.0084,-0.27,-0.0027,1.19,0.011899999999999999,-0.47,-0.004699999999999999,0.57,0.005699999999999999,1.15,0.0115
2024-07-31,0.02,0.0002,0.88,0.0088,-0.3,-0.003,0.79,0.0079,0.81,0.008100000000000001,2.32,0.0232,3.42,0.0342,0.56,0.005600000000000001,0.97,0.0097,1.36,0.013600000000000001,0.61,0.0060999999999999995,5.63,0.056299999999999996,0.81,0.008100000000000001,0.62,0.0062,0.56,0.005600000000000001,1.66,0.0166,-0.37,-0.0037,3.43,0.034300000000000004,2.51,0.025099999999999997,-0.04,-0.0004
2024-08-01,0.69,0.0069,-2.11,-0.021099999999999997,1.11,0.0111,-0.07,-0.0007000000000000001,-2.86,-0.0286,-3.95,-0.0395,-5.58,-0.0558,-2.84,-0.028399999999999998,1.46,0.0146,-0.02,-0.0002,-0.47,-0.004699999999999999,-4.24,-0.0424,-0.08,-0.0008,-2.04,-0.0204,-1.46,-0.0146,-1.08,-0.0108,-1.89,-0.0189,-2.55,-0.0255,-4.49,-0.0449,-1.25,-0.0125
2024-08-02,1.15,0.0115,-2.48,-0.0248,-0.95,-0.0095,-2.87,-0.0287,-2.87,-0.0287,-3.97,-0.0397,-4.16,-0.0416,-2.58,-0.0258,-0.26,-0.0026,-1.0,-0.01,-2.18,-0.0218,-1.74,-0.0174,-0.77,-0.0077,-3.56,-0.0356,-1.11,-0.0111,-4.41,-0.0441,-2.66,-0.026600000000000002,-3.11,-0.0311,-4.3,-0.043,-0.42,-0.0042
2024-08-05,-1.37,-0.0137,-2.34,-0.023399999999999997,-2.72,-0.027200000000000002,-2.47,-0.024700000000000003,-2.82,-0.0282,-1.73,-0.0173,-3.75,-0.0375,-2.12,-0.0212,-2.66,-0.026600000000000002,-2.2,-0.022000000000000002,-3.25,-0.0325,-4.13,-0.041299999999999996,-3.13,-0.0313,-1.67,-0.0167,-2.31,-0.0231,-2.82,-0.0282,-2.86,-0.0286,-2.88,-0.0288,-2.39,-0.0239,-2.1,-0.021
2024-08-06,0.06,0.0006,1.75,0.0175,0.82,0.008199999999999999,1.23,0.0123,1.31,0.0131,1.01,0.0101,0.91,0.0091,0.13,0.0013,1.09,0.0109,1.37,0.0137,1.22,0.012199999999999999,0.95,0.0095,1.2,0.012,2.56,0.0256,0.02,0.0002,0.79,0.0079,1.09,0.0109,0.29,0.0029,-0.62,-0.0062,2.17,0.0217
2024-08-07,0.35,0.0034999999999999996,-0.72,-0.0072,-1.22,-0.012199999999999999,-1.22,-0.012199999999999999,-2.45,-0.0245,-1.95,-0.0195,-3.48,-0.0348,0.54,0.0054,0.52,0.0052,-0.56,-0.005600000000000001,-0.31,-0.0031,-1.99,-0.0199,-0.36,-0.0036,-1.27,-0.0127,-0.44,-0.0044,-0.67,-0.0067,-0.34,-0.0034000000000000002,-2.5,-0.025,-0.87,-0.0087,-1.55,-0.0155
2024-08-08,0.06,0.0006,3.24,0.032400000000000005,3.22,0.0322,1.61,0.0161,3.24,0.032400000000000005,1.53,0.015300000000000001,3.55,0.0355,2.16,0.0216,0.43,0.0043,0.85,0.0085,2.3,0.023,4.04,0.0404,0.96,0.0096,2.58,0.0258,-0.42,-0.0042,1.96,0.0196,1.65,0.0165,2.88,0.0288,3.41,0.0341,0.93,0.009300000000000001
2024-08-09,-0.01,-0.0001,-0.13,-0.0013,0.88,0.0088,-0.07,-0.0007000000000000001,-0.01,-0.0001,-0.41,-0.0040999999999999995,0.36,0.0036,0.38,0.0038,0.12,0.0012,0.09,0.0009,0.97,0.0097,0.38,0.0038,-0.47,-0.004699999999999999,-0.36,-0.0036,0.18,0.0018,0.56,0.005600000000000001,0.32,0.0032,-0.21,-0.0021,-0.23,-0.0023,0.1,0.001
2024-08-12,-1.05,-0.0105,-0.04,-0.0004,-0.45,-0.0045000000000000005,-0.85,-0.0085,-0.68,-0.0068000000000000005,-1.65,-0.0165,-1.33,-0.013300000000000001,0.62,0.0062,0.15,0.0015,-0.87,-0.0087,-0.46,-0.0046,1.4,0.013999999999999999,-0.76,-0.0076,-0.39,-0.0039000000000000003,-0.58,-0.0058,0.02,0.0002,-0.46,-0.0046,0.77,0.0077,-1.45,-0.014499999999999999,0.15,0.0015
2024-08-13,0.99,0.009899999999999999,3.49,0.0349,1.28,0.0128,1.26,0.0126,1.74,0.0174,1.34,0.0134,4.21,0.0421,-1.1,-0.011000000000000001,0.45,0.0045000000000000005,0.74,0.0074,1.69,0.0169,3.46,0.0346,0.78,0.0078000000000000005,1.49,0.0149,1.13,0.0113,1.14,0.011399999999999999,1.11,0.0111,0.65,0.006500000000000001,2.54,0.0254,2.98,0.0298
2024-08-14,0.77,0.0077,-0.99,-0.009899999999999999,0.34,0.0034000000000000002,-0.01,-0.0001,-0.01,-0.0001,-0.86,-0.0086,-2.23,-0.0223,0.61,0.0060999999999999995,0.08,0.0008,0.23,0.0023,-0.07,-0.0007000000000000001,0.54,0.0054,0.59,0.0059,0.38,0.0038,0.33,0.0033,0.06,0.0006,1.15,0.0115,0.11,0.0011,-0.46,-0.0046,-0.24,-0.0024
2024-08-15,-0.15,-0.0015,4.48,0.044800000000000006,0.86,0.0086,1.57,0.015700000000000002,1.74,0.0174,1.9,0.019,5.27,0.0527,1.2,0.012,0.17,0.0017000000000000001,0.15,0.0015,1.39,0.0139,2.99,0.029900000000000003,1.47,0.0147,1.56,0.015600000000000001,0.94,0.009399999999999999,3.71,0.0371,1.06,0.0106,3.0,0.03,2.0,0.02,1.92,0.0192
2024-08-16,0.34,0.0034000000000000002,0.53,0.0053,-0.01,-0.0001,0.14,0.0014000000000000002,-0.46,-0.0046,-0.08,-0.0008,0.68,0.0068000000000000005,-0.2,-0.002,0.44,0.0044,0.86,0.0086,-0.11,-0.0011,0.58,0.0058,0.39,0.0039000000000000003,-0.01,-0.0001,0.33,0.0033,0.07,0.0007000000000000001,0.68,0.0068000000000000005,-0.49,-0.0049,-0.67,-0.0067,-0.05,-0.0005
2024-08-19,0.59,0.0059,0.61,0.0060999999999999995,0.98,0.0098,0.36,0.0036,1.36,0.013600000000000001,-0.26,-0.0026,2.53,0.0253,0.45,0.0045000000000000005,0.78,0.0078000000000000005,1.12,0.011200000000000002,1.02,0.0102,1.64,0.016399999999999998,0.51,0.0051,1.33,0.013300000000000001,0.05,0.0005,0.56,0.005600000000000001,0.58,0.0058,1.36,0.013600000000000001,1.5,0.015,1.05,0.0105
2024-08-20,0.0,0.0,-0.29,-0.0029,0.34,0.0034000000000000002,-0.84,-0.0084,-0.74,-0.0074,-1.09,-0.0109,-0.7,-0.006999999999999999,-2.68,-0.0268,-0.46,-0.0046,-0.45,-0.0045000000000000005,0.26,0.0026,-0.71,-0.0070999999999999995,-0.22,-0.0022,-0.57,-0.005699999999999999,-0.14,-0.0014000000000000002,0.26,0.0026,-0.66,-0.0066,-0.7,-0.006999999999999999,-1.02,-0.0102,-0.64,-0.0064
2024-08-21,0.54,0.0054,1.25,0.0125,0.5,0.005,1.27,0.0127,2.17,0.0217,2.14,0.021400000000000002,1.06,0.0106,-0.02,-0.0002,0.61,0.0060999999999999995,0.24,0.0024,0.32,0.0032,0.62,0.0062,1.16,0.0116,0.55,0.0055000000000000005,1.53,0.015300000000000001,1.2,0.012,0.0,0.0,0.97,0.0097,1.35,0.013500000000000002,1.31,0.0131
2024-08-22,-0.43,-0.0043,-0.78,-0.0078000000000000005,-0.14,-0.0014000000000000002,-0.5,-0.005,-0.32,-0.0032,-0.8,-0.008,-4.23,-0.042300000000000004,0.22,0.0022,-0.14,-0.0014000000000000002,-0.58,-0.0058,-1.3,-0.013000000000000001,-2.1,-0.021,0.19,0.0019,-0.36,-0.0036,-0.25,-0.0025,-1.37,-0.0137,0.36,0.0036,-1.28,-0.0128,-0.7,-0.006999999999999999,-0.53,-0.0053
2024-08-23,0.75,0.0075,1.83,0.0183,0.67,0.0067,1.56,0.015600000000000001,3.52,0.0352,1.88,0.018799999999999997,4.25,0.0425,1.6,0.016,0.47,0.004699999999999999,1.33,0.013300000000000001,0.56,0.005600000000000001,2.36,0.0236,0.86,0.0086,1.59,0.0159,0.87,0.0087,0.9,0.009000000000000001,1.54,0.0154,2.66,0.026600000000000002,3.76,0.037599999999999995,1.05,0.0105
2024-08-26,0.71,0.0070999999999999995,-0.31,-0.0031,-0.14,-0.0014000000000000002,0.4,0.004,-0.89,-0.0089,1.02,0.0102,-2.37,-0.023700000000000002,1.12,0.011200000000000002,0.58,0.0058,0.83,0.0083,-0.28,-0.0028000000000000004,-1.3,-0.013000000000000001,0.06,0.0006,-0.55,-0.0055000000000000005,-0.27,-0.0027,-0.18,-0.0018,0.14,0.0014000000000000002,0.11,0.0011,-0.57,-0.005699999999999999,0.21,0.0021
2024-08-27,0.18,0.0018,0.69,0.0069,0.07,0.0007000000000000001,-0.32,-0.0032,-0.89,-0.0089,-0.37,-0.0037,-1.42,-0.014199999999999999,-1.03,-0.0103,-0.67,-0.0067,0.02,0.0002,-0.02,-0.0002,0.79,0.0079,-0.22,-0.0022,0.12,0.0012,-0.52,-0.0052,-0.45,-0.0045000000000000005,0.11,0.0011,-0.89,-0.0089,-0.89,-0.0089,0.98,0.0098
2024-08-28,0.08,0.0008,-2.4,-0.024,-0.07,-0.0007000000000000001,-0.11,-0.0011,-0.53,-0.0053,-1.99,-0.0199,-1.39,-0.0139,-0.61,-0.0060999999999999995,-0.07,-0.0007000000000000001,-0.68,-0.0068000000000000005,-0.89,-0.0089,-1.34,-0.0134,-0.15,-0.0015,0.04,0.0004,0.14,0.0014000000000000002,-1.05,-0.0105,0.27,0.0027,-2.72,-0.027200000000000002,-1.15,-0.0115,-0.98,-0.0098
2024-08-29,-0.03,-0.0003,0.34,0.0034000000000000002,0.14,0.0014000000000000002,0.62,0.0062,0.28,0.0028000000000000004,1.1,0.011000000000000001,0.36,0.0036,1.28,0.0128,0.64,0.0064,-0.51,-0.0051,0.6,0.006,-1.3,-0.013000000000000001,-0.12,-0.0012,0.21,0.0021,-0.06,-0.0006,-0.01,-0.0001,0.63,0.0063,1.25,0.0125,1.09,0.0109,-0.04,-0.0004
2024-08-30,0.77,0.0077,0.4,0.004,0.84,0.0084,1.05,0.0105,1.23,0.0123,0.45,0.0045000000000000005,2.99,0.029900000000000003,0.12,0.0012,0.8,0.008,0.36,0.0036,0.85,0.0085,1.08,0.0108,1.2,0.012,1.1,0.011000000000000001,0.92,0.0092,1.85,0.018500000000000003,0.8,0.008,0.86,0.0086,1.28,0.0128,0.5,0.005
2024-09-03,0.58,0.0058,-1.68,-0.0168,-0.77,-0.0077,-2.49,-0.024900000000000002,-3.96,-0.039599999999999996,-5.53,-0.0553,-1.98,-0.019799999999999998,-2.79,-0.0279,-0.14,-0.0014000000000000002,0.46,0.0046,-2.11,-0.021099999999999997,-5.49,-0.054900000000000004,-0.39,-0.0039000000000000003,-0.98,-0.0098,-1.12,-0.011200000000000002,-1.06,-0.0106,-0.94,-0.009399999999999999,-4.48,-0.044800000000000006,-5.26,-0.0526,-1.61,-0.0161
2024-09-04,0.36,0.0036,-0.58,-0.0058,-0.18,-0.0018,-0.27,-0.0027,-0.22,-0.0022,-2.08,-0.0208,2.93,0.029300000000000003,-1.41,-0.0141,0.46,0.0046,-0.89,-0.0089,-0.12,-0.0012,-0.54,-0.0054,-0.01,-0.0001,0.32,0.0032,-0.76,-0.0076,-0.68,-0.0068000000000000005,-0.21,-0.0021,-0.47,-0.004699999999999999,-0.58,-0.0058,0.19,0.0019
2024-09-05,-0.68,-0.0068000000000000005,-0.46,-0.0046,-1.22,-0.012199999999999999,-0.97,-0.0097,-0.82,-0.008199999999999999,-1.0,-0.01,3.24,0.032400000000000005,-0.94,-0.009399999999999999,-0.12,-0.0012,0.04,0.0004,-0.05,-0.0005,0.21,0.0021,-0.04,-0.0004,-1.48,-0.0148,-2.67,-0.026699999999999998,0.96,0.0096,-0.84,-0.0084,0.0,0.0,-0.9,-0.009000000000000001,-0.1,-0.001
2024-09-06,0.02,0.0002,-0.75,-0.0075,-0.73,-0.0073,-1.23,-0.0123,-0.28,-0.0028000000000000004,-1.06,-0.0106,-6.66,-0.0666,-1.17,-0.011699999999999999,-0.99,-0.009899999999999999,-0.76,-0.0076,-2.06,-0.0206,-2.77,-0.0277,-0.47,-0.004699999999999999,-1.08,-0.0108,-0.73,-0.0073,-2.13,-0.0213,-1.59,-0.0159,-2.34,-0.023399999999999997,-1.68,-0.0168,-0.31,-0.0031
2024-09-09,0.84,0.0084,-0.63,-0.0063,0.96,0.0096,0.94,0.009399999999999999,0.69,0.0069,1.04,0.0104,2.09,0.0209,0.7,0.006999999999999999,0.8,0.008,1.27,0.0127,0.74,0.0074,1.63,0.0163,0.17,0.0017000000000000001,1.28,0.0128,0.72,0.0072,1.61,0.0161,1.2,0.012,0.82,0.008199999999999999,0.59,0.0059,0.85,0.0085
2024-09-10,-0.75,-0.0075,-1.15,-0.0115,0.4,0.004,0.17,0.0017000000000000001,0.61,0.0060999999999999995,-1.3,-0.013000000000000001,2.72,0.027200000000000002,-2.0,-0.02,0.45,0.0045000000000000005,0.34,0.0034000000000000002,1.17,0.011699999999999999,0.8,0.008,-0.45,-0.0045000000000000005,-0.04,-0.0004,0.06,0.0006,1.35,0.013500000000000002,-1.01,-0.0101,0.23,0.0023,0.55,0.0055000000000000005,-0.22,-0.0022
2024-09-11,-1.02,-0.0102,1.05,0.0105,0.13,0.0013,0.6,0.006,0.62,0.0062,0.63,0.0063,0.83,0.0083,-0.86,-0.0086,0.07,0.0007000000000000001,0.05,0.0005,1.3,0.013000000000000001,3.68,0.0368,-0.76,-0.0076,-0.3,-0.003,0.02,0.0002,1.28,0.0128,-0.27,-0.0027,1.11,0.0111,1.47,0.0147,1.29,0.0129
2024-09-12,0.34,0.0034000000000000002,0.61,0.0060999999999999995,0.55,0.0055000000000000005,0.55,0.0055000000000000005,1.77,0.0177,2.24,0.022400000000000003,0.87,0.0087,0.91,0.0091,0.24,0.0024,1.29,0.0129,1.31,0.0131,0.78,0.0078000000000000005,0.56,0.005600000000000001,0.12,0.0012,0.89,0.0089,1.43,0.0143,0.27,0.0027,2.43,0.024300000000000002,0.53,0.0053,1.01,0.0101
2024-09-13,1.06,0.0106,1.79,0.0179,0.37,0.0037,1.33,0.013300000000000001,2.47,0.024700000000000003,2.43,0.024300000000000002,0.38,0.0038,0.51,0.0051,1.41,0.0141,1.01,0.0101,0.65,0.006500000000000001,0.47,0.004699999999999999,1.1,0.011000000000000001,1.22,0.012199999999999999,1.23,0.0123,0.58,0.0058,0.94,0.009399999999999999,1.35,0.013500000000000002,1.94,0.0194,0.49,0.0049
2024-09-16,0.54,0.0054,0.7,0.006999999999999999,0.64,0.0064,0.81,0.008100000000000001,0.73,0.0073,-0.04,-0.0004,-0.97,-0.0097,1.18,0.0118,0.86,0.0086,1.19,0.011899999999999999,0.69,0.0069,-1.58,-0.0158,1.14,0.011399999999999999,0.58,0.0058,0.63,0.0063,-0.34,-0.0034000000000000002,1.08,0.0108,0.59,0.0059,0.33,0.0033,0.12,0.0012
2024-09-17,-0.18,-0.0018,0.79,0.0079,-0.8,-0.008,0.68,0.0068000000000000005,1.14,0.011399999999999999,0.66,0.0066,0.77,0.0077,1.48,0.0148,0.0,0.0,-0.96,-0.0096,0.28,0.0028000000000000004,-0.18,-0.0018,-0.57,-0.005699999999999999,1.18,0.0118,0.45,0.0045000000000000005,-0.03,-0.0003,0.25,0.0025,0.32,0.0032,1.31,0.0131,0.5,0.005
2024-09-18,0.21,0.0021,0.51,0.0051,-0.21,-0.0021,-0.4,-0.004,0.09,0.0009,0.48,0.0048,-0.19,-0.0019,0.31,0.0031,-0.68,-0.0068000000000000005,-0.4,-0.004,-0.46,-0.0046,-0.14,-0.0014000000000000002,-0.61,-0.0060999999999999995,0.2,0.002,-0.6,-0.006,-0.01,-0.0001,-0.09,-0.0009,0.79,0.0079,-0.18,-0.0018,-0.5,-0.005
2024-09-19,-0.51,-0.0051,-0.69,-0.0069,0.56,0.005600000000000001,1.54,0.0154,3.25,0.0325,4.01,0.0401,5.82,0.0582,1.33,0.013300000000000001,-0.44,-0.0044,0.19,0.0019,2.05,0.020499999999999997,3.49,0.0349,0.93,0.009300000000000001,1.06,0.0106,1.26,0.0126,1.06,0.0106,1.31,0.0131,2.71,0.0271,2.02,0.0202,1.83,0.0183
2024-09-20,0.01,0.0001,2.46,0.0246,-0.28,-0.0028000000000000004,-1.15,-0.0115,-1.56,-0.015600000000000001,-1.21,-0.0121,-2.01,-0.020099999999999996,-0.41,-0.0040999999999999995,2.2,0.022000000000000002,0.14,0.0014000000000000002,-0.06,-0.0006,-0.55,-0.0055000000000000005,-0.9,-0.009000000000000001,-2.21,-0.022099999999999998,-0.65,-0.006500000000000001,0.52,0.0052,-0.32,-0.0032,-0.41,-0.0040999999999999995,-0.7,-0.006999999999999999,0.0,0.0
2024-09-23,0.16,0.0016,0.06,0.0006,-0.53,-0.0053,1.0,0.01,0.53,0.0053,0.4,0.004,3.58,0.0358,1.21,0.0121,1.08,0.0108,0.43,0.0043,-0.17,-0.0017000000000000001,-0.01,-0.0001,0.14,0.0014000000000000002,0.34,0.0034000000000000002,0.4,0.004,0.94,0.009399999999999999,0.01,0.0001,0.89,0.0089,0.13,0.0013,0.24,0.0024
2024-09-24,-0.39,-0.0039000000000000003,1.41,0.0141,-0.2,-0.002,1.39,0.0139,-0.11,-0.0011,1.92,0.0192,1.46,0.0146,-0.41,-0.0040999999999999995,-0.63,-0.0063,0.62,0.0062,-0.26,-0.0026,1.43,0.0143,0.33,0.0033,1.9,0.019,-0.52,-0.0052,0.27,0.0027,-0.77,-0.0077,4.2,0.042,0.44,0.0044,0.65,0.006500000000000001
2024-09-25,-0.48,-0.0048,-0.05,-0.0005,-0.91,-0.0091,-0.79,-0.0079,-1.2,-0.012,-0.91,-0.0091,0.1,0.001,-2.06,-0.0206,0.28,0.0028000000000000004,-0.35,-0.0034999999999999996,-0.05,-0.0005,0.45,0.0045000000000000005,-0.69,-0.0069,-0.59,-0.0059,-0.83,-0.0083,-0.25,-0.0025,-0.67,-0.0067,-1.02,-0.0102,-1.34,-0.0134,-0.11,-0.0011
2024-09-26,0.42,0.0042,2.46,0.0246,0.02,0.0002,2.58,0.0258,0.74,0.0074,0.79,0.0079,-0.59,-0.0059,-1.87,-0.0187,-1.02,-0.0102,0.56,0.005600000000000001,0.25,0.0025,1.25,0.0125,1.11,0.0111,0.74,0.0074,1.22,0.012199999999999999,-0.48,-0.0048,0.5,0.005,4.27,0.042699999999999995,2.61,0.026099999999999998,1.44,0.0144
2024-09-27,0.62,0.0062,0.91,0.0091,-0.34,-0.0034000000000000002,0.15,0.0015,0.88,0.0088,0.46,0.0046,2.12,0.0212,2.25,0.0225,0.98,0.0098,1.17,0.011699999999999999,-0.09,-0.0009,-1.04,-0.0104,0.26,0.0026,0.16,0.0016,0.15,0.0015,-0.84,-0.0084,0.41,0.0040999999999999995,-1.3,-0.013000000000000001,0.54,0.0054,-0.07,-0.0007000000000000001
2024-09-30,-0.18,-0.0018,-1.01,-0.0101,0.72,0.0072,-0.61,-0.0060999999999999995,0.23,0.0023,0.27,0.0027,0.01,0.0001,0.79,0.0079,0.49,0.0049,0.09,0.0009,0.57,0.005699999999999999,0.72,0.0072,0.05,0.0005,0.21,0.0021,0.18,0.0018,-0.06,-0.0006,0.3,0.003,-1.65,-0.0165,-0.31,-0.0031,-0.34,-0.0034000000000000002
2024-10-01,-0.16,-0.0016,-0.42,-0.0042,-0.5,-0.005,-0.86,-0.0086,-0.13,-0.0013,0.62,0.0062,-1.17,-0.011699999999999999,2.2,0.022000000000000002,0.79,0.0079,-0.27,-0.0027,-1.01,-0.0101,-2.74,-0.0274,-0.22,-0.0022,-1.33,-0.013300000000000001,-0.4,-0.004,-0.32,-0.0032,-0.92,-0.0092,0.51,0.0051,-0.63,-0.0063,-0.37,-0.0037
2024-10-02,-1.05,-0.0105,-3.55,-0.0355,-0.17,-0.0017000000000000001,-0.03,-0.0003,-0.35,-0.0034999999999999996,-1.04,-0.0104,-2.73,-0.0273,1.03,0.0103,0.29,0.0029,0.15,0.0015,-0.17,-0.0017000000000000001,0.89,0.0089,-1.3,-0.013000000000000001,-0.78,-0.0078000000000000005,-0.47,-0.004699999999999999,-0.49,-0.0049,0.15,0.0015,-0.32,-0.0032,0.45,0.0045000000000000005,0.4,0.004
2024-10-03,-0.96,-0.0096,-0.87,-0.0087,-1.02,-0.0102,-1.2,-0.012,-0.24,-0.0024,-0.77,-0.0077,-2.47,-0.024700000000000003,1.75,0.0175,0.19,0.0019,-0.77,-0.0077,0.14,0.0014000000000000002,0.72,0.0072,-1.16,-0.0116,-0.87,-0.0087,-1.0,-0.01,-0.84,-0.0084,-0.36,-0.0036,-1.26,-0.0126,-0.71,-0.0070999999999999995,-0.67,-0.0067
2024-10-04,0.37,0.0037,2.17,0.0217,0.36,0.0036,0.77,0.0077,-0.39,-0.0039000000000000003,1.24,0.0124,3.25,0.0325,0.97,0.0097,0.08,0.0008,0.3,0.003,0.98,0.0098,1.17,0.011699999999999999,0.94,0.009399999999999999,1.02,0.0102,0.48,0.0048,1.32,0.0132,1.69,0.0169,1.14,0.011399999999999999,1.63,0.0163,1.11,0.0111
2024-10-07,-1.24,-0.0124,-2.05,-0.020499999999999997,-0.5,-0.005,0.49,0.0049,0.23,0.0023,0.35,0.0034999999999999996,-2.86,-0.0286,0.42,0.0042,-1.88,-0.018799999999999997,-1.01,-0.0101,-1.51,-0.0151,-0.23,-0.0023,-0.83,-0.0083,-0.43,-0.0043,-0.33,-0.0033,-1.95,-0.0195,-1.06,-0.0106,-0.41,-0.0040999999999999995,1.06,0.0106,-0.84,-0.0084
2024-10-08,0.06,0.0006,0.29,0.0029,0.76,0.0076,-0.71,-0.0070999999999999995,0.13,0.0013,-1.79,-0.0179,1.07,0.010700000000000001,-2.8,-0.027999999999999997,-0.1,-0.001,0.7,0.006999999999999999,1.37,0.0137,2.13,0.0213,0.24,0.0024,0.93,0.009300000000000001,0.91,0.0091,1.19,0.011899999999999999,0.27,0.0027,-2.07,-0.0207,-0.81,-0.008100000000000001,0.54,0.0054
2024-10-09,0.22,0.0022,0.52,0.0052,0.81,0.008100000000000001,0.93,0.009300000000000001,0.41,0.0040999999999999995,1.39,0.0139,-0.67,-0.0067,0.39,0.0039000000000000003,-0.49,-0.0049,0.67,0.0067,0.4,0.004,0.97,0.0097,0.34,0.0034000000000000002,0.97,0.0097,0.77,0.0077,1.01,0.0101,1.07,0.010700000000000001,0.81,0.008100000000000001,1.16,0.0116,0.52,0.0052
2024-10-10,0.09,0.0009,-0.31,-0.0031,-0.59,-0.0059,0.07,0.0007000000000000001,-1.04,-0.0104,-0.5,-0.005,-0.81,-0.008100000000000001,0.89,0.0089,-0.24,-0.0024,-0.89,-0.0089,-0.16,-0.0016,0.12,0.0012,-0.51,-0.0051,0.1,0.001,-0.67,-0.0067,-0.28,-0.0028000000000000004,-0.14,-0.0014000000000000002,1.28,0.0128,-1.84,-0.0184,-0.56,-0.005600000000000001
2024-10-11,0.27,0.0027,0.94,0.009399999999999999,1.14,0.011399999999999999,0.69,0.0069,1.1,0.011000000000000001,1.41,0.0141,-6.09,-0.060899999999999996,0.27,0.0027,1.17,0.011699999999999999,0.57,0.005699999999999999,0.6,0.006,0.06,0.0006,1.21,0.0121,2.89,0.028900000000000002,1.93,0.019299999999999998,0.91,0.0091,2.19,0.0219,1.38,0.0138,2.98,0.0298,1.01,0.0101
2024-10-14,0.78,0.0078000000000000005,0.08,0.0008,0.36,0.0036,0.57,0.005699999999999999,1.54,0.0154,0.16,0.0016,0.7,0.006999999999999999,-0.37,-0.0037,1.16,0.0116,0.87,0.0087,0.66,0.0066,1.56,0.015600000000000001,0.8,0.008,0.39,0.0039000000000000003,0.57,0.005699999999999999,-0.09,-0.0009,0.81,0.008100000000000001,-0.15,-0.0015,0.86,0.0086,0.47,0.004699999999999999
2024-10-15,0.4,0.004,0.36,0.0036,-0.17,-0.0017000000000000001,-0.28,-0.0028000000000000004,-0.08,-0.0008,-0.8,-0.008,-0.19,-0.0019,-3.3,-0.033,0.2,0.002,0.54,0.0054,-0.27,-0.0027,-2.1,-0.021,0.32,0.0032,-0.42,-0.0042,0.1,0.001,0.43,0.0043,-0.53,-0.0053,-1.32,-0.0132,-1.64,-0.016399999999999998,0.21,0.0021
2024-10-16,0.48,0.0048,1.35,0.013500000000000002,0.37,0.0037,0.77,0.0077,1.31,0.0131,1.62,0.016200000000000003,0.98,0.0098,0.38,0.0038,1.77,0.0177,1.13,0.0113,-0.28,-0.0028000000000000004,0.78,0.0078000000000000005,0.3,0.003,1.18,0.0118,0.95,0.0095,-0.04,-0.0004,1.56,0.015600000000000001,1.57,0.015700000000000002,1.59,0.0159,0.25,0.0025
2024-10-17,-0.52,-0.0052,-0.81,-0.008100000000000001,-0.43,-0.0043,-0.01,-0.0001,-0.07,-0.0007000000000000001,1.63,0.0163,-0.03,-0.0003,0.5,0.005,-0.76,-0.0076,0.13,0.0013,-0.24,-0.0024,0.58,0.0058,-0.06,-0.0006,-1.43,-0.0143,-0.06,-0.0006,-0.11,-0.0011,0.14,0.0014000000000000002,0.0,0.0,-0.73,-0.0073,0.21,0.0021
2024-10-18,0.49,0.0049,0.47,0.004699999999999999,0.61,0.0060999999999999995,0.02,0.0002,0.68,0.0068000000000000005,0.23,0.0023,0.11,0.0011,-0.39,-0.0039000000000000003,0.57,0.005699999999999999,0.38,0.0038,0.32,0.0032,0.56,0.005600000000000001,0.23,0.0023,0.35,0.0034999999999999996,0.04,0.0004,0.48,0.0048,-0.21,-0.0021,1.3,0.013000000000000001,-0.17,-0.0017000000000000001,0.66,0.0066
2024-10-21,-1.32,-0.0132,-1.38,-0.0138,-1.33,-0.013300000000000001,-1.11,-0.0111,-1.95,-0.0195,-1.06,-0.0106,-1.01,-0.0101,-0.27,-0.0027,-0.4,-0.004,-1.28,-0.0128,-0.09,-0.0009,1.28,0.0128,-1.1,-0.011000000000000001,-0.77,-0.0077,-0.9,-0.009000000000000001,-0.58,-0.0058,-1.25,-0.0125,-0.39,-0.0039000000000000003,-1.07,-0.010700000000000001,-0.28,-0.0028000000000000004
2024-10-22,0.0,0.0,-1.03,-0.0103,0.16,0.0016,-1.39,-0.0139,-2.6,-0.026000000000000002,-1.51,-0.0151,0.01,0.0001,0.18,0.0018,-0.21,-0.0021,-0.8,-0.008,0.57,0.005699999999999999,-0.44,-0.0044,-1.6,-0.016,0.42,0.0042,-1.74,-0.0174,0.07,0.0007000000000000001,0.07,0.0007000000000000001,0.56,0.005600000000000001,-1.19,-0.011899999999999999,-0.11,-0.0011
2024-10-23,-0.8,-0.008,-1.8,-0.018000000000000002,-0.47,-0.004699999999999999,-0.47,-0.004699999999999999,-0.43,-0.0043,-1.78,-0.0178,-1.74,-0.0174,-0.59,-0.0059,0.78,0.0078000000000000005,1.21,0.0121,-1.14,-0.011399999999999999,-2.04,-0.0204,0.44,0.0044,-0.89,-0.0089,-0.62,-0.0062,-0.99,-0.009899999999999999,-0.36,-0.0036,-0.9,-0.009000000000000001,-1.08,-0.0108,-2.15,-0.0215
2024-10-24,-0.48,-0.0048,-0.17,-0.0017000000000000001,-0.57,-0.005699999999999999,-0.27,-0.0027,0.62,0.0062,0.31,0.0031,15.83,0.1583,-0.09,-0.0009,-0.44,-0.0044,0.69,0.0069,0.12,0.0012,0.09,0.0009,-0.46,-0.0046,-0.34,-0.0034000000000000002,0.44,0.0044,0.32,0.0032,0.51,0.0051,-2.89,-0.028900000000000002,1.07,0.010700000000000001,0.53,0.0053
2024-10-25,-0.51,-0.0051,1.61,0.0161,-0.73,-0.0073,-0.96,-0.0096,-1.63,-0.0163,-0.27,-0.0027,2.5,0.025,0.1,0.001,-1.26,-0.0126,-1.1,-0.011000000000000001,0.5,0.005,0.53,0.0053,-0.68,-0.0068000000000000005,0.06,0.0006,-0.26,-0.0026,0.04,0.0004,-1.04,-0.0104,-0.16,-0.0016,-0.11,-0.0011,-0.53,-0.0053
2024-10-28,0.23,0.0023,0.91,0.0091,0.49,0.0049,0.8,0.008,1.19,0.011899999999999999,3.51,0.0351,-1.43,-0.0143,-0.75,-0.0075,0.58,0.0058,0.7,0.006999999999999999,0.27,0.0027,0.08,0.0008,0.63,0.0063,0.6,0.006,0.95,0.0095,0.34,0.0034000000000000002,1.29,0.0129,0.31,0.0031,1.5,0.015,1.23,0.0123
2024-10-29,-1.08,-0.0108,-0.45,-0.0045000000000000005,0.03,0.0003,-0.84,-0.0084,-1.67,-0.0167,-0.79,-0.0079,-1.41,-0.0141,-1.51,-0.0151,-1.79,-0.0179,-0.18,-0.0018,1.22,0.012199999999999999,0.88,0.0088,-1.4,-0.013999999999999999,0.57,0.005699999999999999,-0.53,-0.0053,-0.12,-0.0012,-0.47,-0.004699999999999999,-0.1,-0.001,-1.31,-0.0131,-0.12,-0.0012
2024-10-30,0.16,0.0016,-1.15,-0.0115,-0.64,-0.0064,0.04,0.0004,0.05,0.0005,-1.83,-0.0183,-0.7,-0.006999999999999999,-0.02,-0.0002,0.0,0.0,-0.48,-0.0048,0.48,0.0048,-1.68,-0.0168,0.43,0.0043,0.61,0.0060999999999999995,-0.65,-0.006500000000000001,0.16,0.0016,0.51,0.0051,-0.21,-0.0021,-0.95,-0.0095,-1.56,-0.015600000000000001
2024-10-31,-0.85,-0.0085,-0.83,-0.0083,-1.13,-0.0113,-0.91,-0.0091,-0.35,-0.0034999999999999996,-1.64,-0.016399999999999998,-2.71,-0.0271,0.7,0.006999999999999999,0.75,0.0075,1.15,0.0115,-3.06,-0.030600000000000002,-2.94,-0.0294,-0.13,-0.0013,-1.32,-0.0132,-0.98,-0.0098,-1.36,-0.013600000000000001,-1.2,-0.012,-2.07,-0.0207,-0.12,-0.0012,-0.57,-0.005699999999999999
2024-11-01,0.03,0.0003,1.44,0.0144,0.34,0.0034000000000000002,-0.13,-0.0013,0.46,0.0046,1.23,0.0123,-0.25,-0.0025,-0.58,-0.0058,-2.02,-0.0202,0.14,0.0014000000000000002,0.61,0.0060999999999999995,0.53,0.0053,0.2,0.002,0.7,0.006999999999999999,1.07,0.010700000000000001,2.72,0.027200000000000002,0.02,0.0002,-0.14,-0.0014000000000000002,1.17,0.011699999999999999,1.3,0.013000000000000001
2024-11-04,0.46,0.0046,0.06,0.0006,-0.49,-0.0049,0.9,0.009000000000000001,0.93,0.009300000000000001,-0.13,-0.0013,-1.63,-0.0163,1.87,0.0187,-0.66,-0.0066,-0.28,-0.0028000000000000004,-0.42,-0.0042,-0.02,-0.0002,-0.07,-0.0007000000000000001,-0.35,-0.0034999999999999996,0.09,0.0009,-0.06,-0.0006,-0.61,-0.0060999999999999995,0.57,0.005699999999999999,0.33,0.0033,-0.93,-0.009300000000000001
2024-11-05,0.72,0.0072,0.86,0.0086,0.7,0.006999999999999999,0.09,0.0009,2.79,0.0279,1.66,0.0166,3.35,0.0335,0.42,0.0042,1.66,0.0166,0.84,0.0084,1.09,0.0109,1.74,0.0174,0.97,0.0097,1.89,0.0189,1.07,0.010700000000000001,1.53,0.015300000000000001,1.42,0.014199999999999999,1.48,0.0148,2.75,0.0275,0.94,0.009399999999999999
2024-11-06,-1.47,-0.0147,-1.51,-0.0151,-0.3,-0.003,0.29,0.0029,1.51,0.0151,12.4,0.124,12.03,0.12029999999999999,3.45,0.0345,0.26,0.0026,2.82,0.0282,3.01,0.0301,2.28,0.022799999999999997,0.99,0.009899999999999999,4.39,0.043899999999999995,5.31,0.053099999999999994,1.55,0.0155,7.43,0.07429999999999999,0.58,0.0058,4.57,0.045700000000000005,1.8,0.018000000000000002
2024-11-07,-0.85,-0.0085,2.47,0.024700000000000003,0.59,0.0059,0.69,0.0069,0.13,0.0013,-2.63,-0.0263,2.1,0.021,-0.47,-0.004699999999999999,0.2,0.002,-0.85,-0.0085,1.79,0.0179,1.84,0.0184,-0.24,-0.0024,-1.49,-0.0149,1.1,0.011000000000000001,0.96,0.0096,-1.61,-0.0161,2.12,0.0212,-1.87,-0.0187,0.89,0.0089
2024-11-08,0.46,0.0046,-0.71,-0.0070999999999999995,1.08,0.0108,-0.72,-0.0072,1.18,0.0118,-0.27,-0.0027,6.45,0.0645,0.33,0.0033,1.83,0.0183,0.4,0.004,0.02,0.0002,-0.34,-0.0034000000000000002,0.31,0.0031,0.29,0.0029,0.46,0.0046,0.26,0.0026,0.8,0.008,-2.52,-0.0252,0.17,0.0017000000000000001,0.22,0.0022
2024-11-11,-0.35,-0.0034999999999999996,0.71,0.0070999999999999995,-0.79,-0.0079,0.35,0.0034999999999999996,0.58,0.0058,-0.1,-0.001,7.49,0.07490000000000001,0.39,0.0039000000000000003,0.63,0.0063,0.99,0.009899999999999999,0.68,0.0068000000000000005,-1.37,-0.0137,0.33,0.0033,1.11,0.0111,0.8,0.008,-0.18,-0.0018,1.94,0.0194,-2.46,-0.0246,1.25,0.0125,1.02,0.0102
2024-11-12,-0.17,-0.0017000000000000001,-0.06,-0.0006,-1.57,-0.015700000000000002,-2.0,-0.02,-2.08,-0.0208,-2.57,-0.025699999999999997,-5.03,-0.050300000000000004,-0.56,-0.005600000000000001,-0.97,-0.0097,-0.34,-0.0034000000000000002,0.52,0.0052,0.13,0.0013,-0.66,-0.0066,-1.03,-0.0103,-0.8,-0.008,0.44,0.0044,-0.62,-0.0062,-1.98,-0.019799999999999998,-1.84,-0.0184,-0.76,-0.0076
2024-11-13,-0.05,-0.0005,0.3,0.003,-0.4,-0.004,0.47,0.004699999999999999,-0.14,-0.0014000000000000002,-1.49,-0.0149,0.57,0.005699999999999999,1.05,0.0105,-0.36,-0.0036,0.9,0.009000000000000001,-0.24,-0.0024,-0.76,-0.0076,-0.25,-0.0025,0.31,0.0031,-0.05,-0.0005,1.38,0.0138,-0.36,-0.0036,-1.04,-0.0104,0.64,0.0064,-0.05,-0.0005
2024-11-14,-0.73,-0.0073,0.33,0.0033,-1.65,-0.0165,-0.27,-0.0027,-0.07,-0.0007000000000000001,-2.54,-0.0254,-4.85,-0.048499999999999995,0.57,0.005699999999999999,-0.38,-0.0038,0.29,0.0029,-0.93,-0.009300000000000001,0.06,0.0006,-0.64,-0.0064,-0.56,-0.005600000000000001,-1.63,-0.0163,-1.04,-0.0104,-0.48,-0.0048,-0.89,-0.0089,-0.8,-0.008,-0.27,-0.0027
2024-11-15,-1.99,-0.0199,-0.42,-0.0042,-2.43,-0.024300000000000002,-0.9,-0.009000000000000001,-0.76,-0.0076,0.44,0.0044,2.12,0.0212,-0.7,-0.006999999999999999,1.55,0.0155,0.58,0.0058,-2.23,-0.0223,-2.44,-0.024399999999999998,0.25,0.0025,-0.07,-0.0007000000000000001,-0.7,-0.006999999999999999,-2.22,-0.0222,0.47,0.004699999999999999,-0.76,-0.0076,-0.66,-0.0066,-1.34,-0.0134
2024-11-18,0.4,0.004,-1.68,-0.0168,0.02,0.0002,0.57,0.005699999999999999,0.05,0.0005,0.93,0.009300000000000001,4.38,0.0438,1.21,0.0121,1.04,0.0104,0.33,0.0033,0.39,0.0039000000000000003,0.27,0.0027,0.52,0.0052,-0.73,-0.0073,0.74,0.0074,0.06,0.0006,0.27,0.0027,1.9,0.019,0.9,0.009000000000000001,0.26,0.0026
2024-11-19,0.63,0.0063,-1.2,-0.012,0.08,0.0008,-0.44,-0.0044,0.52,0.0052,0.28,0.0028000000000000004,1.44,0.0144,-0.83,-0.0083,0.71,0.0070999999999999995,-1.06,-0.0106,0.88,0.0088,1.66,0.0166,-0.35,-0.0034999999999999996,-0.46,-0.0046,-0.41,-0.0040999999999999995,0.82,0.008199999999999999,-0.6,-0.006,1.19,0.011899999999999999,0.14,0.0014000000000000002,-0.44,-0.0044
2024-11-20,0.8,0.008,-0.48,-0.0048,0.83,0.0083,0.27,0.0027,0.0,0.0,1.08,0.0108,-1.04,-0.0104,1.19,0.011899999999999999,0.1,0.001,0.98,0.0098,0.01,0.0001,-0.27,-0.0027,1.12,0.011200000000000002,0.07,0.0007000000000000001,0.22,0.0022,-0.7,-0.006999999999999999,0.13,0.0013,-0.56,-0.005600000000000001,-0.27,-0.0027,0.4,0.004
2024-11-21,1.09,0.0109,2.24,0.022400000000000003,0.8,0.008,1.63,0.0163,1.38,0.0138,1.19,0.011899999999999999,-0.14,-0.0014000000000000002,0.75,0.0075,1.84,0.0184,0.7,0.006999999999999999,-0.06,-0.0006,0.64,0.0064,0.74,0.0074,1.53,0.015300000000000001,1.51,0.0151,-0.01,-0.0001,1.31,0.0131,0.22,0.0022,1.08,0.0108,0.63,0.0063
2024-11-22,0.39,0.0039000000000000003,3.05,0.0305,0.45,0.0045000000000000005,1.05,0.0105,1.12,0.011200000000000002,0.47,0.004699999999999999,3.54,0.0354,0.21,0.0021,-0.36,-0.0036,0.73,0.0073,0.49,0.0049,-0.57,-0.005699999999999999,1.18,0.0118,1.15,0.0115,1.64,0.016399999999999998,0.81,0.008100000000000001,1.14,0.011399999999999999,0.15,0.0015,3.04,0.0304,1.37,0.0137
2024-11-25,0.91,0.0091,2.77,0.0277,0.86,0.0086,1.46,0.0146,3.07,0.030699999999999998,0.67,0.0067,-2.65,-0.0265,-1.79,-0.0179,-0.28,-0.0028000000000000004,0.39,0.0039000000000000003,0.6,0.006,-0.56,-0.005600000000000001,1.06,0.0106,1.71,0.0171,1.26,0.0126,1.72,0.0172,0.97,0.0097,0.83,0.0083,1.83,0.0183,1.3,0.013000000000000001
2024-11-26,0.2,0.002,-1.5,-0.015,0.84,0.0084,-1.21,-0.0121,-1.02,-0.0102,-0.17,-0.0017000000000000001,-0.75,-0.0075,-0.31,-0.0031,1.29,0.0129,0.27,0.0027,0.97,0.0097,0.33,0.0033,-0.38,-0.0038,-0.46,-0.0046,-0.21,-0.0021,1.65,0.0165,-0.05,-0.0005,-1.58,-0.0158,-1.98,-0.019799999999999998,-0.13,-0.0013
2024-11-27,-0.07,-0.0007000000000000001,0.23,0.0023,0.47,0.004699999999999999,-0.26,-0.0026,-0.59,-0.0059,-0.1,-0.001,-1.17,-0.011699999999999999,-0.12,-0.0012,-0.09,-0.0009,0.69,0.0069,-0.9,-0.009000000000000001,-0.86,-0.0086,-0.19,-0.0019,-0.13,-0.0013,-0.2,-0.002,-0.42,-0.0042,0.12,0.0012,0.37,0.0037,-0.3,-0.003,-0.34,-0.0034000000000000002
2024-11-29,0.3,0.003,0.87,0.0087,0.15,0.0015,0.56,0.005600000000000001,0.34,0.0034000000000000002,0.43,0.0043,2.98,0.0298,0.31,0.0031,0.14,0.0014000000000000002,0.34,0.0034000000000000002,0.3,0.003,1.29,0.0129,0.2,0.002,0.15,0.0015,0.16,0.0016,0.62,0.0062,0.02,0.0002,0.55,0.0055000000000000005,0.41,0.0040999999999999995,0.29,0.0029
2024-12-02,-0.1,-0.001,2.3,0.023,-0.17,-0.0017000000000000001,0.47,0.004699999999999999,-0.49,-0.0049,0.61,0.0060999999999999995,2.63,0.0263,-0.34,-0.0034000000000000002,-2.22,-0.0222,-0.6,-0.006,0.96,0.0096,0.95,0.0095,0.18,0.0018,-0.3,-0.003,-0.44,-0.0044,0.64,0.0064,-0.86,-0.0086,-1.03,-0.0103,0.48,0.0048,-0.76,-0.0076
2024-12-03,-0.51,-0.0051,0.35,0.0034999999999999996,-0.3,-0.003,-0.77,-0.0077,-0.11,-0.0011,-1.22,-0.012199999999999999,-1.5,-0.015,-0.18,-0.0018,-0.65,-0.006500000000000001,0.33,0.0033,0.52,0.0052,0.71,0.0070999999999999995,-0.76,-0.0076,-1.74,-0.0174,0.42,0.0042,0.72,0.0072,-0.49,-0.0049,0.85,0.0085,-1.07,-0.010700000000000001,0.12,0.0012
2024-12-04,-1.53,-0.015300000000000001,0.04,0.0004,0.15,0.0015,-1.0,-0.01,-1.19,-0.011899999999999999,-1.33,-0.013300000000000001,1.54,0.0154,-2.51,-0.025099999999999997,-0.17,-0.0017000000000000001,-0.6,-0.006,1.82,0.0182,1.47,0.0147,-0.43,-0.0043,0.1,0.001,-0.08,-0.0008,1.29,0.0129,-0.2,-0.002,-0.8,-0.008,0.34,0.0034000000000000002,1.06,0.0106
2024-12-05,0.3,0.003,-0.48,-0.0048,-0.56,-0.005600000000000001,-1.54,-0.0154,-0.85,-0.0085,-1.26,-0.0126,2.39,0.0239,0.25,0.0025,0.44,0.0044,0.26,0.0026,-0.42,-0.0042,-0.44,-0.0044,-1.05,-0.0105,-1.58,-0.0158,-0.81,-0.008100000000000001,0.39,0.0039000000000000003,-0.33,-0.0033,-0.23,-0.0023,-0.93,-0.009300000000000001,0.47,0.004699999999999999
2024-12-06,-0.83,-0.0083,2.56,0.0256,0.22,0.0022,0.07,0.0007000000000000001,-0.13,-0.0013,-1.71,-0.0171,4.31,0.0431,-1.78,-0.0178,-1.15,-0.0115,0.29,0.0029,1.13,0.0113,-0.11,-0.0011,-0.64,-0.0064,-0.25,-0.0025,-0.29,-0.0029,1.72,0.0172,-0.3,-0.003,-0.72,-0.0072,-0.11,-0.0011,0.24,0.0024
2024-12-09,0.72,0.0072,-0.17,-0.0017000000000000001,-0.43,-0.0043,-0.2,-0.002,-0.78,-0.0078000000000000005,0.4,0.004,0.11,0.0011,0.31,0.0031,-1.58,-0.0158,-3.99,-0.039900000000000005,-0.8,-0.008,-0.43,-0.0043,-0.01,-0.0001,-0.62,-0.0062,-0.56,-0.005600000000000001,-0.69,-0.0069,-1.16,-0.0116,2.16,0.0216,0.16,0.0016,-0.89,-0.0089
2024-12-10,0.15,0.0015,-0.88,-0.0088,-0.49,-0.0049,-1.2,-0.012,-1.63,-0.0163,-2.0,-0.02,2.34,0.023399999999999997,-0.5,-0.005,-0.68,-0.0068000000000000005,0.79,0.0079,0.21,0.0021,-1.42,-0.014199999999999999,-0.61,-0.0060999999999999995,0.49,0.0049,-0.8,-0.008,-0.09,-0.0009,-0.25,-0.0025,-1.95,-0.0195,-2.38,-0.023799999999999998,-0.16,-0.0016
2024-12-11,-0.33,-0.0033,1.72,0.0172,-0.66,-0.0066,-0.55,-0.0055000000000000005,0.44,0.0044,-0.79,-0.0079,4.79,0.0479,0.19,0.0019,-0.25,-0.0025,-0.02,-0.0002,2.0,0.02,1.5,0.015,-0.69,-0.0069,-0.65,-0.006500000000000001,-0.24,-0.0024,1.2,0.012,-0.14,-0.0014000000000000002,1.04,0.0104,1.04,0.0104,0.19,0.0019
2024-12-12,0.84,0.0084,-1.41,-0.0141,-0.9,-0.009000000000000001,-0.5,-0.005,-0.98,-0.0098,-3.56,-0.0356,-1.39,-0.0139,-0.79,-0.0079,-0.16,-0.0016,0.57,0.005699999999999999,-0.69,-0.0069,-0.42,-0.0042,0.12,0.0012,-0.37,-0.0037,-0.56,-0.005600000000000001,-0.69,-0.0069,-0.67,-0.0067,-1.58,-0.0158,0.06,0.0006,-0.27,-0.0027
2024-12-13,-0.47,-0.004699999999999999,0.06,0.0006,-0.18,-0.0018,-0.54,-0.0054,-1.29,-0.0129,-2.76,-0.0276,3.57,0.035699999999999996,-0.64,-0.0064,-0.02,-0.0002,-0.49,-0.0049,-0.91,-0.0091,1.23,0.0123,0.0,0.0,-0.79,-0.0079,-0.68,-0.0068000000000000005,-0.28,-0.0028000000000000004,-0.15,-0.0015,-1.66,-0.0166,-1.12,-0.011200000000000002,-1.17,-0.011699999999999999
2024-12-16,-0.89,-0.0089,0.22,0.0022,-0.52,-0.0052,-0.93,-0.009300000000000001,-0.51,-0.0051,-0.64,-0.0064,4.94,0.049400000000000006,-2.48,-0.0248,-0.81,-0.008100000000000001,-1.88,-0.018799999999999997,1.22,0.012199999999999999,1.09,0.0109,-0.47,-0.004699999999999999,-0.55,-0.0055000000000000005,-0.53,-0.0053,0.96,0.0096,-0.13,-0.0013,-1.29,-0.0129,-0.07,-0.0007000000000000001,-0.28,-0.0028000000000000004
2024-12-17,0.27,0.0027,0.42,0.0042,0.39,0.0039000000000000003,-0.64,-0.0064,-1.27,-0.0127,-2.2,-0.022000000000000002,2.83,0.028300000000000002,-0.66,-0.0066,-0.43,-0.0043,-0.99,-0.009899999999999999,-0.35,-0.0034999999999999996,-0.78,-0.0078000000000000005,-0.89,-0.0089,-0.41,-0.0040999999999999995,-1.21,-0.0121,-0.49,-0.0049,-1.34,-0.0134,-0.71,-0.0070999999999999995,-1.61,-0.0161,-0.63,-0.0063
2024-12-18,-1.92,-0.0192,-2.87,-0.0287,-2.5,-0.025,-3.2,-0.032,-4.25,-0.0425,-2.89,-0.028900000000000002,-7.58,-0.0758,-2.38,-0.023799999999999998,-2.66,-0.026600000000000002,-1.54,-0.0154,-3.71,-0.0371,-2.65,-0.0265,-2.3,-0.023,-2.57,-0.025699999999999997,-2.14,-0.021400000000000002,-3.48,-0.0348,-3.19,-0.0319,-3.99,-0.039900000000000005,-3.39,-0.0339,-3.08,-0.0308
2024-12-19,-0.96,-0.0096,0.27,0.0027,-0.56,-0.005600000000000001,-1.22,-0.012199999999999999,-1.34,-0.0134,-1.09,-0.0109,-0.77,-0.0077,-1.21,-0.0121,0.58,0.0058,-0.59,-0.0059,-0.02,-0.0002,0.15,0.0015,-0.06,-0.0006,-0.36,-0.0036,-0.25,-0.0025,0.13,0.0013,0.04,0.0004,-1.26,-0.0126,-0.59,-0.0059,0.62,0.0062
2024-12-20,0.33,0.0033,1.36,0.013600000000000001,1.15,0.0115,0.71,0.0070999999999999995,1.06,0.0106,0.44,0.0044,-2.69,-0.0269,0.69,0.0069,1.55,0.0155,0.93,0.009300000000000001,0.82,0.008199999999999999,2.07,0.0207,0.4,0.004,0.74,0.0074,0.57,0.005699999999999999,0.58,0.0058,1.6,0.016,1.55,0.0155,1.38,0.0138,0.92,0.0092
2024-12-23,-0.21,-0.0021,-0.17,-0.0017000000000000001,1.08,0.0108,-0.21,-0.0021,-0.21,-0.0021,0.4,0.004,1.9,0.019,0.58,0.0058,0.47,0.004699999999999999,-0.14,-0.0014000000000000002,0.3,0.003,1.96,0.0196,0.11,0.0011,0.46,0.0046,-0.14,-0.0014000000000000002,-0.37,-0.0037,0.31,0.0031,0.28,0.0028000000000000004,0.17,0.0017000000000000001,-0.27,-0.0027
2024-12-24,0.72,0.0072,0.21,0.0021,0.43,0.0043,0.55,0.0055000000000000005,0.58,0.0058,0.98,0.0098,6.34,0.0634,0.67,0.0067,0.68,0.0068000000000000005,0.63,0.0063,1.01,0.0101,1.08,0.0108,0.68,0.0068000000000000005,0.92,0.0092,0.7,0.006999999999999999,1.57,0.015700000000000002,1.14,0.011399999999999999,0.49,0.0049,1.14,0.011399999999999999,1.23,0.0123
2024-12-26,-0.11,-0.0011,0.35,0.0034999999999999996,0.21,0.0021,-0.01,-0.0001,0.16,0.0016,0.23,0.0023,-1.39,-0.0139,0.02,0.0002,-0.36,-0.0036,0.14,0.0014000000000000002,-0.17,-0.0017000000000000001,0.26,0.0026,0.22,0.0022,0.07,0.0007000000000000001,-0.12,-0.0012,-0.25,-0.0025,0.36,0.0036,0.04,0.0004,1.1,0.011000000000000001,0.25,0.0025
2024-12-27,-0.03,-0.0003,-0.73,-0.0073,-0.74,-0.0074,-0.73,-0.0073,-1.36,-0.013600000000000001,-1.38,-0.0138,-4.27,-0.042699999999999995,0.06,0.0006,-0.3,-0.003,-0.58,-0.0058,-1.38,-0.0138,-1.43,-0.0143,-0.79,-0.0079,-0.61,-0.0060999999999999995,-0.84,-0.0084,-1.25,-0.0125,-0.91,-0.0091,-1.01,-0.0101,-1.43,-0.0143,-0.68,-0.0068000000000000005
2024-12-30,-0.84,-0.0084,-1.26,-0.0126,-1.38,-0.0138,-1.1,-0.011000000000000001,-0.76,-0.0076,-1.14,-0.011399999999999999,-2.93,-0.029300000000000003,0.16,0.0016,-0.17,-0.0017000000000000001,-1.03,-0.0103,-1.15,-0.0115,-1.01,-0.0101,-1.1,-0.011000000000000001,-0.77,-0.0077,-1.01,-0.0101,-1.21,-0.0121,-0.84,-0.0084,-1.79,-0.0179,-1.22,-0.012199999999999999,-1.26,-0.0126
2024-12-31,0.6,0.006,0.27,0.0027,0.3,0.003,0.63,0.0063,-0.14,-0.0014000000000000002,1.36,0.013600000000000001,-2.7,-0.027000000000000003,1.54,0.0154,-0.11,-0.0011,0.38,0.0038,-0.72,-0.0072,-1.15,-0.0115,0.38,0.0038,-0.14,-0.0014000000000000002,0.09,0.0009,-0.55,-0.0055000000000000005,-0.03,-0.0003,-0.22,-0.0022,-0.54,-0.0054,0.11,0.0011
2025-01-02,-0.28,-0.0028000000000000004,-1.42,-0.014199999999999999,0.26,0.0026,-1.74,-0.0174,-0.73,-0.0073,-0.92,-0.0092,-5.32,-0.053200000000000004,0.94,0.009399999999999999,0.97,0.0097,0.07,0.0007000000000000001,0.01,0.0001,0.08,0.0008,-0.95,-0.0095,-0.12,-0.0012,-0.92,-0.0092,0.18,0.0018,-0.11,-0.0011,0.76,0.0076,0.88,0.0088,0.19,0.0019
2025-01-03,0.14,0.0014000000000000002,0.63,0.0063,0.8,0.008,0.4,0.004,1.88,0.018799999999999997,-0.03,-0.0003,7.24,0.0724,0.77,0.0077,1.04,0.0104,0.26,0.0026,1.28,0.0128,1.89,0.0189,-0.32,-0.0032,0.96,0.0096,1.26,0.0126,1.12,0.011200000000000002,1.16,0.0116,0.06,0.0006,2.36,0.0236,0.61,0.0060999999999999995
2025-01-06,-1.69,-0.0169,0.74,0.0074,-0.26,-0.0026,0.4,0.004,0.15,0.0015,3.33,0.0333,0.29,0.0029,-0.31,-0.0031,-1.1,-0.011000000000000001,-1.05,-0.0105,1.06,0.0106,1.83,0.0183,-0.53,-0.0053,0.56,0.005600000000000001,0.04,0.0004,1.0,0.01,0.0,0.0,0.94,0.009399999999999999,1.34,0.0134,-0.72,-0.0072
2025-01-07,-0.4,-0.004,-0.25,-0.0025,0.62,0.0062,-0.18,-0.0018,-1.55,-0.0155,-0.25,-0.0025,-3.52,-0.0352,1.12,0.011200000000000002,-0.16,-0.0016,-0.82,-0.008199999999999999,-1.41,-0.0141,-2.7,-0.027000000000000003,0.02,0.0002,-0.33,-0.0033,0.33,0.0033,-1.52,-0.0152,-0.41,-0.0040999999999999995,-0.26,-0.0026,-0.38,-0.0038,-1.22,-0.012199999999999999
2025-01-08,0.41,0.0040999999999999995,-0.21,-0.0021,0.34,0.0034000000000000002,-0.46,-0.0046,0.52,0.0052,-1.37,-0.0137,-0.08,-0.0008,-0.25,-0.0025,0.32,0.0032,0.04,0.0004,0.01,0.0001,-0.04,-0.0004,0.19,0.0019,0.24,0.0024,0.58,0.0058,0.34,0.0034000000000000002,0.36,0.0036,1.81,0.0181,-1.51,-0.0151,-0.23,-0.0023
2025-01-10,-1.84,-0.0184,0.0,0.0,-0.69,-0.0069,-0.79,-0.0079,-1.83,-0.0183,-0.09,-0.0009,-0.33,-0.0033,0.61,0.0060999999999999995,-0.69,-0.0069,-1.74,-0.0174,-1.46,-0.0146,-2.34,-0.023399999999999997,-1.64,-0.016399999999999998,-0.97,-0.0097,-1.04,-0.0104,-0.41,-0.0040999999999999995,-2.35,-0.0235,-1.14,-0.011399999999999999,-2.46,-0.0246,-1.36,-0.013600000000000001
2025-01-13,1.05,0.0105,0.26,0.0026,0.6,0.006,2.62,0.0262,1.24,0.0124,3.69,0.0369,1.93,0.019299999999999998,2.24,0.022400000000000003,-0.55,-0.0055000000000000005,0.22,0.0022,-0.46,-0.0046,-0.78,-0.0078000000000000005,1.37,0.0137,0.42,0.0042,0.86,0.0086,-0.53,-0.0053,1.05,0.0105,0.51,0.0051,0.07,0.0007000000000000001,0.4,0.004
2025-01-14,0.39,0.0039000000000000003,-0.65,-0.006500000000000001,-1.71,-0.0171,1.41,0.0141,2.89,0.028900000000000002,0.44,0.0044,-1.14,-0.011399999999999999,0.93,0.009300000000000001,1.5,0.015,0.43,0.0043,0.01,0.0001,-0.23,-0.0023,1.2,0.012,0.74,0.0074,1.82,0.0182,-0.34,-0.0034000000000000002,1.4,0.013999999999999999,1.18,0.0118,0.97,0.0097,0.2,0.002
2025-01-15,-0.48,-0.0048,-0.76,-0.0076,0.91,0.0091,1.06,0.0106,2.4,0.024,1.45,0.014499999999999999,6.86,0.06860000000000001,1.45,0.014499999999999999,1.35,0.013500000000000002,0.22,0.0022,2.35,0.0235,2.17,0.0217,0.43,0.0043,1.04,0.0104,0.26,0.0026,1.81,0.0181,2.6,0.026000000000000002,2.16,0.0216,0.71,0.0070999999999999995,0.57,0.005699999999999999
2025-01-16,1.04,0.0104,0.0,0.0,0.95,0.0095,1.03,0.0103,0.84,0.0084,0.29,0.0029,-2.68,-0.0268,0.38,0.0038,2.51,0.025099999999999997,-0.19,-0.0019,-0.17,-0.0017000000000000001,-1.77,-0.0177,0.51,0.0051,1.3,0.013000000000000001,0.91,0.0091,-0.41,-0.0040999999999999995,0.01,0.0001,0.27,0.0027,1.31,0.0131,0.28,0.0028000000000000004
2025-01-17,0.4,0.004,0.3,0.003,-0.87,-0.0087,0.77,0.0077,0.56,0.005600000000000001,0.71,0.0070999999999999995,2.55,0.0255,0.55,0.0055000000000000005,0.15,0.0015,1.05,0.0105,0.91,0.0091,1.86,0.018600000000000002,0.52,0.0052,-0.49,-0.0049,0.46,0.0046,1.48,0.0148,0.91,0.0091,0.62,0.0062,0.7,0.006999999999999999,0.34,0.0034000000000000002
2025-01-21,0.17,0.0017000000000000001,2.56,0.0256,1.76,0.0176,1.14,0.011399999999999999,1.79,0.0179,0.52,0.0052,-0.18,-0.0018,-1.14,-0.011399999999999999,1.55,0.0155,0.85,0.0085,0.99,0.009899999999999999,0.39,0.0039000000000000003,1.17,0.011699999999999999,0.49,0.0049,0.98,0.0098,1.73,0.0173,1.23,0.0123,1.08,0.0108,2.28,0.022799999999999997,0.66,0.0066
2025-01-22,-1.14,-0.011399999999999999,0.94,0.009399999999999999,-0.08,-0.0008,-0.98,-0.0098,0.38,0.0038,-1.78,-0.0178,-2.01,-0.020099999999999996,-1.65,-0.0165,-2.21,-0.022099999999999998,-0.09,-0.0009,1.68,0.0168,1.9,0.019,-0.74,-0.0074,-0.81,-0.008100000000000001,-0.05,-0.0005,0.54,0.0054,-0.29,-0.0029,-1.58,-0.0158,-0.51,-0.0051,-0.14,-0.0014000000000000002
2025-01-23,0.19,0.0019,0.97,0.0097,1.41,0.0141,1.1,0.011000000000000001,-0.11,-0.0011,0.41,0.0040999999999999995,-0.4,-0.004,0.52,0.0052,0.29,0.0029,0.74,0.0074,0.36,0.0036,0.04,0.0004,0.63,0.0063,1.62,0.016200000000000003,0.36,0.0036,0.42,0.0042,0.78,0.0078000000000000005,0.0,0.0,1.05,0.0105,1.03,0.0103
2025-01-24,0.41,0.0040999999999999995,0.12,0.0012,0.15,0.0015,-0.57,-0.005699999999999999,-0.63,-0.0063,-0.12,-0.0012,-1.19,-0.011899999999999999,-1.15,-0.0115,0.74,0.0074,0.93,0.009300000000000001,0.15,0.0015,-1.32,-0.0132,0.46,0.0046,-0.29,-0.0029,-0.1,-0.001,0.07,0.0007000000000000001,0.17,0.0017000000000000001,-0.38,-0.0038,0.06,0.0006,-0.37,-0.0037
2025-01-27,2.33,0.0233,0.39,0.0039000000000000003,1.97,0.0197,0.3,0.003,-3.41,-0.0341,-1.92,-0.0192,-1.89,-0.0189,0.07,0.0007000000000000001,-2.99,-0.029900000000000003,1.93,0.019299999999999998,-1.4,-0.013999999999999999,-7.44,-0.07440000000000001,1.3,0.013000000000000001,1.07,0.010700000000000001,0.77,0.0077,1.17,0.011699999999999999,0.58,0.0058,-1.95,-0.0195,-4.98,-0.049800000000000004,1.69,0.0169
2025-01-28,-1.93,-0.019299999999999998,0.48,0.0048,-0.54,-0.0054,-0.38,-0.0038,-0.54,-0.0054,2.26,0.0226,-0.42,-0.0042,-1.13,-0.0113,-0.91,-0.0091,-0.4,-0.004,2.12,0.0212,3.77,0.0377,-1.05,-0.0105,-1.07,-0.010700000000000001,-0.78,-0.0078000000000000005,0.39,0.0039000000000000003,0.08,0.0008,-1.59,-0.0159,-1.54,-0.0154,0.15,0.0015
2025-01-29,0.58,0.0058,1.03,0.0103,-0.06,-0.0006,-0.45,-0.0045000000000000005,-0.5,-0.005,0.96,0.0096,-1.75,-0.0175,0.29,0.0029,0.11,0.0011,1.21,0.0121,-0.58,-0.0058,-1.23,-0.0123,-1.22,-0.012199999999999999,-0.27,-0.0027,-0.18,-0.0018,-0.28,-0.0028000000000000004,-0.06,-0.0006,0.43,0.0043,1.58,0.0158,1.61,0.0161
2025-01-30,1.52,0.0152,2.3,0.023,1.11,0.0111,0.46,0.0046,2.9,0.028999999999999998,-0.11,-0.0011,2.57,0.025699999999999997,0.26,0.0026,2.04,0.0204,-2.06,-0.0206,-0.35,-0.0034999999999999996,0.99,0.009899999999999999,-0.09,-0.0009,-1.19,-0.011899999999999999,0.9,0.009000000000000001,0.14,0.0014000000000000002,0.77,0.0077,1.84,0.0184,1.69,0.0169,0.8,0.008
2025-01-31,-1.06,-0.0106,-4.66,-0.0466,-0.42,-0.0042,-0.97,-0.0097,-1.47,-0.0147,-0.94,-0.009399999999999999,0.68,0.0068000000000000005,-2.89,-0.028900000000000002,-0.89,-0.0089,-0.16,-0.0016,0.15,0.0015,-1.05,-0.0105,-0.95,-0.0095,-0.8,-0.008,-1.7,-0.017,0.18,0.0018,-0.47,-0.004699999999999999,-1.19,-0.011899999999999999,-0.91,-0.0091,-0.84,-0.0084
2025-02-03,-0.71,-0.0070999999999999995,-1.79,-0.0179,0.3,0.003,-1.29,-0.0129,-2.16,-0.0216,-0.31,-0.0031,-4.7,-0.047,0.24,0.0024,0.69,0.0069,0.9,0.009000000000000001,-0.36,-0.0036,-2.46,-0.0246,-0.44,-0.0044,-1.65,-0.0165,-0.54,-0.0054,0.12,0.0012,-0.58,-0.0058,-0.62,-0.0062,-2.85,-0.0285,0.25,0.0025
2025-02-04,-1.31,-0.0131,0.49,0.0049,0.16,0.0016,0.67,0.0067,0.32,0.0032,1.32,0.0132,2.03,0.0203,2.57,0.025699999999999997,-0.79,-0.0079,0.03,0.0003,1.03,0.0103,1.47,0.0147,-1.51,-0.0151,1.26,0.0126,-0.03,-0.0003,1.52,0.0152,0.01,0.0001,1.72,0.0172,-0.74,-0.0074,0.73,0.0073
2025-02-05,0.2,0.002,-1.12,-0.011200000000000002,1.55,0.0155,-0.61,-0.0060999999999999995,0.45,0.0045000000000000005,1.46,0.0146,-3.08,-0.0308,-0.09,-0.0009,1.1,0.011000000000000001,0.71,0.0070999999999999995,-0.82,-0.008199999999999999,2.03,0.0203,-0.04,-0.0004,-0.68,-0.0068000000000000005,0.71,0.0070999999999999995,-0.53,-0.0053,0.83,0.0083,0.95,0.0095,0.23,0.0023,-0.2,-0.002
2025-02-06,0.3,0.003,-0.4,-0.004,-0.72,-0.0072,-0.04,-0.0004,0.54,0.0054,0.38,0.0038,-1.06,-0.0106,-1.69,-0.0169,-0.46,-0.0046,0.95,0.0095,0.21,0.0021,0.79,0.0079,0.21,0.0021,1.67,0.0167,-0.39,-0.0039000000000000003,0.63,0.0063,0.54,0.0054,0.81,0.008100000000000001,-0.33,-0.0033,1.99,0.0199
2025-02-07,0.65,0.006500000000000001,-3.5,-0.035,-0.68,-0.0068000000000000005,-1.88,-0.018799999999999997,-1.94,-0.0194,-2.02,-0.0202,-2.96,-0.0296,-0.15,-0.0015,-0.18,-0.0018,-0.39,-0.0039000000000000003,-0.96,-0.0096,-1.1,-0.011000000000000001,-0.26,-0.0026,1.3,0.013000000000000001,-1.01,-0.0101,-2.61,-0.026099999999999998,-0.5,-0.005,0.65,0.006500000000000001,-0.33,-0.0033,-0.19,-0.0019
2025-02-10,0.21,0.0021,0.43,0.0043,-0.11,-0.0011,0.06,0.0006,0.29,0.0029,4.22,0.042199999999999994,-2.53,-0.0253,2.4,0.024,1.13,0.0113,0.96,0.0096,0.84,0.0084,1.48,0.0148,0.12,0.0012,1.25,0.0125,0.33,0.0033,1.52,0.0152,-0.73,-0.0073,0.65,0.006500000000000001,3.12,0.031200000000000002,1.24,0.0124
2025-02-11,2.68,0.0268,0.11,0.0011,-0.29,-0.0029,0.81,0.008100000000000001,-0.51,-0.0051,0.07,0.0007000000000000001,-5.14,-0.051399999999999994,0.94,0.009399999999999999,0.33,0.0033,0.91,0.0091,-0.46,-0.0046,0.22,0.0022,0.56,0.005600000000000001,-0.28,-0.0028000000000000004,0.52,0.0052,-0.13,-0.0013,0.12,0.0012,-2.04,-0.0204,-1.27,-0.0127,-1.1,-0.011000000000000001
2025-02-12,0.01,0.0001,0.21,0.0021,0.29,0.0029,-0.84,-0.0084,-1.84,-0.0184,-2.35,-0.0235,1.75,0.0175,-2.83,-0.028300000000000002,-0.35,-0.0034999999999999996,-0.23,-0.0023,-0.34,-0.0034000000000000002,0.05,0.0005,-0.82,-0.008199999999999999,0.69,0.0069,-0.88,-0.0088,-0.84,-0.0084,-0.61,-0.0060999999999999995,0.98,0.0098,0.03,0.0003,0.79,0.0079
2025-02-13,1.31,0.0131,1.66,0.0166,0.76,0.0076,1.4,0.013999999999999999,0.62,0.0062,1.31,0.0131,4.92,0.0492,0.51,0.0051,0.55,0.0055000000000000005,1.91,0.0191,0.91,0.0091,1.7,0.017,1.24,0.0124,0.28,0.0028000000000000004,1.04,0.0104,1.01,0.0101,0.76,0.0076,3.3,0.033,0.28,0.0028000000000000004,0.57,0.005699999999999999
2025-02-14,-0.61,-0.0060999999999999995,-1.34,-0.0134,-1.1,-0.011000000000000001,-0.09,-0.0009,0.17,0.0017000000000000001,1.04,0.0104,0.23,0.0023,0.61,0.0060999999999999995,-0.42,-0.0042,1.07,0.010700000000000001,-0.11,-0.0011,1.1,0.011000000000000001,-0.39,-0.0039000000000000003,0.48,0.0048,-0.09,-0.0009,-0.56,-0.005600000000000001,0.14,0.0014000000000000002,-1.46,-0.0146,-0.12,-0.0012,0.39,0.0039000000000000003
2025-02-18,0.27,0.0027,3.17,0.0317,0.54,0.0054,0.9,0.009000000000000001,-0.56,-0.005600000000000001,2.73,0.0273,-0.25,-0.0025,1.29,0.0129,1.07,0.010700000000000001,-0.27,-0.0027,0.03,0.0003,0.37,0.0037,1.19,0.011899999999999999,1.16,0.0116,0.47,0.004699999999999999,-0.69,-0.0069,0.32,0.0032,0.7,0.006999999999999999,1.4,0.013999999999999999,-0.05,-0.0005
2025-02-19,1.09,0.0109,-0.72,-0.0072,1.15,0.0115,-1.52,-0.0152,-0.83,-0.0083,-0.87,-0.0087,1.4,0.013999999999999999,0.86,0.0086,0.46,0.0046,0.71,0.0070999999999999995,-0.33,-0.0033,0.25,0.0025,-0.06,-0.0006,-1.13,-0.0113,0.11,0.0011,-0.2,-0.002,0.01,0.0001,-1.56,-0.015600000000000001,-0.69,-0.0069,-1.12,-0.011200000000000002
2025-02-20,0.16,0.0016,-0.37,-0.0037,0.59,0.0059,-0.67,-0.0067,-0.81,-0.008100000000000001,-0.64,-0.0064,-1.41,-0.0141,1.19,0.011899999999999999,-0.15,-0.0015,0.17,0.0017000000000000001,-0.9,-0.009000000000000001,0.23,0.0023,0.33,0.0033,-0.57,-0.005699999999999999,-0.28,-0.0028000000000000004,-2.18,-0.0218,-1.79,-0.0179,0.25,0.0025,-0.31,-0.0031,-0.22,-0.0022
2025-02-21,2.15,0.0215,-1.62,-0.016200000000000003,-0.16,-0.0016,-1.48,-0.0148,-3.11,-0.0311,-3.91,-0.0391,-4.29,-0.0429,-2.08,-0.0208,-0.22,-0.0022,-0.27,-0.0027,-2.48,-0.0248,-2.26,-0.0226,-0.09,-0.0009,-2.45,-0.0245,-1.59,-0.0159,-2.22,-0.0222,-2.06,-0.0206,-4.62,-0.0462,-2.88,-0.0288,-2.11,-0.021099999999999997
2025-02-24,-0.15,-0.0015,1.72,0.0172,0.62,0.0062,-0.41,-0.0040999999999999995,-1.06,-0.0106,0.9,0.009000000000000001,-1.75,-0.0175,0.2,0.002,-0.4,-0.004,1.12,0.011200000000000002,-0.86,-0.0086,-1.53,-0.015300000000000001,-0.02,-0.0002,-0.54,-0.0054,0.14,0.0014000000000000002,-1.04,-0.0104,-0.3,-0.003,-0.6,-0.006,-1.56,-0.015600000000000001,0.44,0.0044
2025-02-25,0.63,0.0063,0.09,0.0009,0.33,0.0033,1.45,0.014499999999999999,2.17,0.0217,0.01,0.0001,-6.68,-0.0668,-1.49,-0.0149,-0.66,-0.0066,-0.3,-0.003,-1.35,-0.013500000000000002,-1.28,-0.0128,1.04,0.0104,-0.03,-0.0003,0.63,0.0063,1.21,0.0121,-0.11,-0.0011,-0.87,-0.0087,-0.67,-0.0067,0.67,0.0067
2025-02-26,-1.83,-0.0183,0.04,0.0004,-0.29,-0.0029,-0.06,-0.0006,-0.24,-0.0024,-0.68,-0.0068000000000000005,-3.08,-0.0308,-0.72,-0.0072,0.39,0.0039000000000000003,-1.02,-0.0102,0.41,0.0040999999999999995,0.8,0.008,-0.39,-0.0039000000000000003,-0.07,-0.0007000000000000001,-0.27,-0.0027,-0.15,-0.0015,0.0,0.0,1.22,0.012199999999999999,0.62,0.0062,-0.32,-0.0032
2025-02-27,0.15,0.0015,-2.08,-0.0208,-0.65,-0.006500000000000001,-0.89,-0.0089,-1.88,-0.018799999999999997,-0.15,-0.0015,-2.66,-0.026600000000000002,0.54,0.0054,-1.88,-0.018799999999999997,0.42,0.0042,-1.94,-0.0194,-4.45,-0.044500000000000005,-0.32,-0.0032,-1.12,-0.011200000000000002,-0.5,-0.005,-1.55,-0.0155,0.34,0.0034000000000000002,-2.48,-0.0248,-2.33,-0.0233,0.16,0.0016
2025-02-28,0.88,0.0088,-0.1,-0.001,1.19,0.011899999999999999,1.01,0.0101,0.94,0.009399999999999999,1.55,0.0155,3.48,0.0348,1.12,0.011200000000000002,1.85,0.018500000000000003,1.68,0.0168,1.17,0.011699999999999999,2.14,0.021400000000000002,1.04,0.0104,1.55,0.0155,1.28,0.0128,1.65,0.0165,2.04,0.0204,-0.13,-0.0013,0.24,0.0024,0.91,0.0091
2025-03-03,1.02,0.0102,-2.14,-0.021400000000000002,0.12,0.0012,-2.63,-0.0263,-2.53,-0.0253,-2.72,-0.027200000000000002,-2.81,-0.0281,-3.94,-0.0394,-0.05,-0.0005,0.5,0.005,-1.75,-0.0175,-4.27,-0.042699999999999995,-0.87,-0.0087,-1.43,-0.0143,-1.18,-0.0118,-2.29,-0.0229,-1.22,-0.012199999999999999,-2.77,-0.0277,-4.12,-0.0412,-0.76,-0.0076
2025-03-04,-1.89,-0.0189,-1.86,-0.018600000000000002,-1.09,-0.0109,-1.11,-0.0111,-1.45,-0.014499999999999999,-2.79,-0.0279,-4.14,-0.0414,-0.67,-0.0067,-1.6,-0.016,-2.67,-0.026699999999999998,-0.42,-0.0042,0.04,0.0004,-2.71,-0.0271,-1.72,-0.0172,-1.1,-0.011000000000000001,-1.29,-0.0129,-3.21,-0.0321,-0.9,-0.009000000000000001,-1.83,-0.0183,-1.01,-0.0101
2025-03-05,0.29,0.0029,1.01,0.0101,1.21,0.0121,2.95,0.029500000000000002,2.28,0.022799999999999997,2.08,0.0208,2.73,0.0273,-1.6,-0.016,-0.76,-0.0076,0.19,0.0019,1.9,0.019,0.94,0.009399999999999999,1.34,0.0134,1.09,0.0109,0.34,0.0034000000000000002,1.56,0.015600000000000001,0.68,0.0068000000000000005,5.19,0.0519,1.93,0.019299999999999998,0.39,0.0039000000000000003
2025-03-06,0.54,0.0054,-1.47,-0.0147,-0.99,-0.009899999999999999,-0.07,-0.0007000000000000001,-0.6,-0.006,-1.39,-0.0139,-4.34,-0.0434,0.87,0.0087,-2.12,-0.0212,0.27,0.0027,-2.43,-0.024300000000000002,-2.86,-0.0286,0.22,0.0022,-1.36,-0.013600000000000001,0.16,0.0016,-2.31,-0.0231,-1.71,-0.0171,-0.65,-0.006500000000000001,-0.99,-0.009899999999999999,-2.36,-0.0236
2025-03-07,1.73,0.0173,-0.64,-0.0064,-0.38,-0.0038,0.53,0.0053,0.02,0.0002,-0.08,-0.0008,0.19,0.0019,1.78,0.0178,1.45,0.014499999999999999,1.66,0.0166,0.15,0.0015,2.14,0.021400000000000002,2.12,0.0212,0.64,0.0064,0.97,0.0097,-1.38,-0.0138,-0.27,-0.0027,-1.45,-0.014499999999999999,1.56,0.015600000000000001,0.92,0.0092
2025-03-10,0.17,0.0017000000000000001,-3.23,-0.0323,-1.32,-0.0132,-1.8,-0.018000000000000002,-1.79,-0.0179,-4.84,-0.0484,-11.83,-0.1183,0.97,0.0097,0.86,0.0086,-1.0,-0.01,-3.85,-0.0385,-4.49,-0.0449,-0.69,-0.0069,-2.85,-0.0285,0.0,0.0,-2.34,-0.023399999999999997,-3.23,-0.0323,-2.87,-0.0287,-3.07,-0.030699999999999998,-2.38,-0.023799999999999998
2025-03-11,-1.21,-0.0121,-2.12,-0.0212,-1.11,-0.0111,-1.11,-0.0111,-0.3,-0.003,2.63,0.0263,2.26,0.0226,-1.18,-0.0118,-0.46,-0.0046,-3.96,-0.039599999999999996,-0.19,-0.0019,-0.62,-0.0062,-1.77,-0.0177,-3.08,-0.0308,-1.4,-0.013999999999999999,-0.24,-0.0024,-0.4,-0.004,1.66,0.0166,0.43,0.0043,-2.43,-0.024300000000000002
2025-03-12,-2.15,-0.0215,-0.53,-0.0053,-0.73,-0.0073,-1.3,-0.013000000000000001,-0.17,-0.0017000000000000001,0.82,0.008199999999999999,5.42,0.0542,0.36,0.0036,-0.09,-0.0009,-0.8,-0.008,1.3,0.013000000000000001,1.54,0.0154,-1.55,-0.0155,-0.14,-0.0014000000000000002,-0.87,-0.0087,-0.22,-0.0022,0.35,0.0034999999999999996,1.42,0.014199999999999999,-1.02,-0.0102,-0.89,-0.0089
2025-03-13,-0.53,-0.0053,-1.97,-0.0197,-0.85,-0.0085,-0.87,-0.0087,-2.22,-0.0222,-1.0,-0.01,-2.86,-0.0286,-0.67,-0.0067,0.17,0.0017000000000000001,0.13,0.0013,-2.46,-0.0246,-1.48,-0.0148,-0.83,-0.0083,-1.64,-0.016399999999999998,-1.21,-0.0121,-2.36,-0.0236,-1.09,-0.0109,1.97,0.0197,-1.91,-0.0191,-2.42,-0.0242
2025-03-14,0.22,0.0022,-0.04,-0.0004,0.67,0.0067,1.23,0.0123,2.65,0.0265,3.06,0.030600000000000002,3.44,0.0344,2.84,0.028399999999999998,2.09,0.0209,0.79,0.0079,2.59,0.0259,3.11,0.0311,1.24,0.0124,2.33,0.0233,1.65,0.0165,1.61,0.0161,2.51,0.025099999999999997,3.01,0.0301,2.34,0.023399999999999997,2.02,0.0202
2025-03-17,1.57,0.015700000000000002,2.5,0.025,1.27,0.0127,1.03,0.0103,1.06,0.0106,-0.24,-0.0024,-3.35,-0.0335,1.53,0.015300000000000001,0.7,0.006999999999999999,1.02,0.0102,0.56,0.005600000000000001,0.01,0.0001,0.62,0.0062,1.34,0.0134,1.09,0.0109,0.53,0.0053,1.28,0.0128,2.07,0.0207,1.41,0.0141,1.52,0.0152
2025-03-18,-0.68,-0.0068000000000000005,-0.92,-0.0092,-0.4,-0.004,-0.93,-0.009300000000000001,-0.69,-0.0069,-0.09,-0.0009,-4.14,-0.0414,0.42,0.0042,-0.56,-0.005600000000000001,0.11,0.0011,-1.73,-0.0173,-1.69,-0.0169,-0.03,-0.0003,-1.02,-0.0102,0.04,0.0004,-1.64,-0.016399999999999998,-0.09,-0.0009,0.58,0.0058,-1.55,-0.0155,-1.35,-0.013500000000000002
2025-03-19,-0.25,-0.0025,1.08,0.0108,0.52,0.0052,0.05,0.0005,2.06,0.0206,1.54,0.0154,3.82,0.0382,1.72,0.0172,0.56,0.005600000000000001,0.3,0.003,1.4,0.013999999999999999,1.46,0.0146,0.24,0.0024,1.1,0.011000000000000001,0.59,0.0059,1.24,0.0124,1.12,0.011200000000000002,0.97,0.0097,1.51,0.0151,1.58,0.0158
2025-03-20,-0.08,-0.0008,-1.46,-0.0146,-0.1,-0.001,-0.72,-0.0072,-0.37,-0.0037,-1.13,-0.0113,-0.11,-0.0011,0.36,0.0036,0.43,0.0043,-0.29,-0.0029,-0.38,-0.0038,-0.34,-0.0034000000000000002,-0.48,-0.0048,-0.09,-0.0009,-0.63,-0.0063,-0.4,-0.004,0.17,0.0017000000000000001,-0.44,-0.0044,-0.47,-0.004699999999999999,0.07,0.0007000000000000001
2025-03-21,-0.44,-0.0044,-2.17,-0.0217,-0.29,-0.0029,-0.92,-0.0092,-1.47,-0.0147,-3.12,-0.031200000000000002,3.9,0.039,-0.55,-0.0055000000000000005,-0.7,-0.006999999999999999,0.4,0.004,0.67,0.0067,0.33,0.0033,-1.29,-0.0129,-0.06,-0.0006,-0.68,-0.0068000000000000005,0.51,0.0051,-0.17,-0.0017000000000000001,-0.52,-0.0052,-0.77,-0.0077,-0.86,-0.0086
2025-03-24,0.44,0.0044,2.22,0.0222,1.17,0.011699999999999999,1.54,0.0154,3.44,0.0344,3.11,0.0311,9.72,0.09720000000000001,0.7,0.006999999999999999,0.52,0.0052,0.4,0.004,1.96,0.0196,2.0,0.02,0.88,0.0088,1.88,0.018799999999999997,1.78,0.0178,2.97,0.0297,2.12,0.0212,1.1,0.011000000000000001,2.91,0.0291,0.91,0.0091
2025-03-25,-0.29,-0.0029,-1.18,-0.0118,-1.49,-0.0149,-0.86,-0.0086,-0.29,-0.0029,0.56,0.005600000000000001,2.9,0.028999999999999998,0.41,0.0040999999999999995,-1.25,-0.0125,0.63,0.0063,0.82,0.008199999999999999,0.02,0.0002,0.08,0.0008,-0.73,-0.0073,-0.2,-0.002,0.04,0.0004,0.24,0.0024,1.47,0.0147,0.54,0.0054,0.2,0.002
2025-03-26,1.57,0.015700000000000002,-1.03,-0.0103,-0.94,-0.009399999999999999,0.52,0.0052,-1.59,-0.0159,-0.08,-0.0008,-4.51,-0.0451,0.94,0.009399999999999999,0.3,0.003,0.92,0.0092,-1.79,-0.0179,-2.89,-0.028900000000000002,1.08,0.0108,-0.06,-0.0006,0.18,0.0018,-1.01,-0.0101,-0.49,-0.0049,-2.35,-0.0235,-2.02,-0.0202,1.02,0.0102
2025-03-27,1.16,0.0116,0.15,0.0015,0.27,0.0027,-0.14,-0.0014000000000000002,-0.95,-0.0095,-0.55,-0.0055000000000000005,-0.36,-0.0036,-0.82,-0.008199999999999999,-0.25,-0.0025,0.96,0.0096,-0.87,-0.0087,-0.88,-0.0088,0.19,0.0019,-0.38,-0.0038,0.15,0.0015,0.4,0.004,-0.6,-0.006,-0.59,-0.0059,-1.28,-0.0128,-0.08,-0.0008
2025-03-28,-0.47,-0.004699999999999999,-5.56,-0.0556,-0.3,-0.003,-1.88,-0.018799999999999997,-2.52,-0.0252,-3.35,-0.0335,-3.21,-0.0321,-0.56,-0.005600000000000001,0.64,0.0064,-1.44,-0.0144,-3.2,-0.032,-2.22,-0.0222,-0.99,-0.009899999999999999,-2.33,-0.0233,-1.07,-0.010700000000000001,-2.63,-0.0263,-1.8,-0.018000000000000002,-2.33,-0.0233,-3.05,-0.0305,-2.2,-0.022000000000000002
2025-03-31,1.34,0.0134,-0.37,-0.0037,0.59,0.0059,1.22,0.012199999999999999,0.43,0.0043,-0.36,-0.0036,-1.16,-0.0116,1.13,0.0113,0.97,0.0097,0.68,0.0068000000000000005,-0.24,-0.0024,0.27,0.0027,0.76,0.0076,0.39,0.0039000000000000003,0.94,0.009399999999999999,0.47,0.004699999999999999,1.1,0.011000000000000001,-0.59,-0.0059,-1.09,-0.0109,0.75,0.0075
2025-04-01,0.29,0.0029,1.86,0.018600000000000002,-2.16,-0.0216,0.03,0.0003,0.54,0.0054,-0.08,-0.0008,2.94,0.0294,0.49,0.0049,0.41,0.0040999999999999995,-0.05,-0.0005,1.33,0.013300000000000001,0.59,0.0059,0.64,0.0064,0.19,0.0019,0.36,0.0036,0.79,0.0079,-0.15,-0.0015,0.64,0.0064,0.95,0.0095,0.8,0.008
2025-04-02,-0.64,-0.0064,1.55,0.0155,0.88,0.0088,0.9,0.009000000000000001,2.03,0.0203,2.41,0.0241,4.42,0.044199999999999996,-0.01,-0.0001,0.59,0.0059,-0.37,-0.0037,0.57,0.005699999999999999,0.67,0.0067,0.42,0.0042,1.22,0.012199999999999999,1.41,0.0141,1.57,0.015700000000000002,1.07,0.010700000000000001,0.85,0.0085,1.72,0.0172,0.65,0.006500000000000001
2025-04-03,1.41,0.0141,-14.05,-0.1405,-1.77,-0.0177,-5.77,-0.057699999999999994,-7.07,-0.0707,-9.74,-0.0974,-5.68,-0.056799999999999996,-7.94,-0.0794,-1.56,-0.015600000000000001,-1.81,-0.0181,-4.62,-0.0462,-8.52,-0.0852,-2.91,-0.0291,-7.86,-0.0786,-1.92,-0.0192,-5.55,-0.0555,-5.61,-0.056100000000000004,-5.56,-0.0556,-8.08,-0.0808,-3.72,-0.037200000000000004
2025-04-04,-3.88,-0.0388,2.13,0.0213,-5.73,-0.057300000000000004,-6.02,-0.0602,-1.35,-0.013500000000000002,-5.89,-0.058899999999999994,-8.69,-0.08689999999999999,-8.66,-0.0866,-6.17,-0.0617,-6.69,-0.0669,-5.17,-0.051699999999999996,-7.11,-0.0711,-3.86,-0.038599999999999995,-4.33,-0.0433,-3.75,-0.0375,-3.66,-0.0366,-6.62,-0.0662,-8.23,-0.0823,-4.52,-0.0452,-5.83,-0.0583
2025-04-07,-1.73,-0.0173,-1.97,-0.0197,-0.61,-0.0060999999999999995,-2.0,-0.02,-1.65,-0.0165,2.16,0.0216,-2.45,-0.0245,-1.12,-0.011200000000000002,-1.16,-0.0116,-0.34,-0.0034000000000000002,0.07,0.0007000000000000001,0.55,0.0055000000000000005,-2.61,-0.026099999999999998,-0.69,-0.0069,-1.93,-0.019299999999999998,0.3,0.003,0.09,0.0009,1.14,0.011399999999999999,-0.39,-0.0039000000000000003,-1.2,-0.012
2025-04-08,-1.42,-0.014199999999999999,-5.39,-0.053899999999999997,-1.97,-0.0197,-4.45,-0.044500000000000005,-2.44,-0.024399999999999998,-1.98,-0.019799999999999998,-4.5,-0.045,-2.71,-0.0271,-0.62,-0.0062,-1.42,-0.014199999999999999,-1.3,-0.013000000000000001,-2.87,-0.0287,-2.78,-0.0278,-2.05,-0.020499999999999997,-1.15,-0.0115,-2.01,-0.020099999999999996,-0.14,-0.0014000000000000002,-2.53,-0.0253,-3.21,-0.0321,-0.92,-0.0092
2025-04-09,3.52,0.0352,12.28,0.12279999999999999,4.57,0.045700000000000005,9.81,0.0981,9.02,0.0902,11.07,0.1107,19.5,0.195,7.91,0.0791,4.03,0.0403,5.13,0.0513,10.64,0.10640000000000001,15.82,0.1582,5.21,0.0521,10.83,0.10830000000000001,5.75,0.0575,9.28,0.0928,7.8,0.078,10.17,0.1017,10.61,0.1061,7.31,0.0731
2025-04-10,0.09,0.0009,-6.43,-0.0643,-3.69,-0.0369,-3.99,-0.039900000000000005,-3.64,-0.0364,-5.23,-0.052300000000000006,-6.69,-0.0669,-6.89,-0.0689,-1.01,-0.0101,-1.72,-0.0172,-3.66,-0.0366,-5.42,-0.0542,-1.46,-0.0146,-3.93,-0.0393,-1.14,-0.011399999999999999,-2.39,-0.0239,-2.93,-0.029300000000000003,-1.61,-0.0161,-5.13,-0.0513,-2.21,-0.022099999999999998
2025-04-11,1.32,0.0132,0.15,0.0015,1.62,0.016200000000000003,2.64,0.0264,1.57,0.015700000000000002,1.64,0.016399999999999998,0.2,0.002,2.58,0.0258,1.38,0.0138,0.72,0.0072,1.45,0.014499999999999999,3.19,0.0319,2.04,0.0204,0.92,0.0092,2.0,0.02,1.51,0.0151,1.39,0.0139,4.93,0.0493,1.84,0.0184,0.65,0.006500000000000001
2025-04-14,1.38,0.0138,0.64,0.0064,1.81,0.0181,1.34,0.0134,0.74,0.0074,0.13,0.0013,0.4,0.004,0.05,0.0005,1.68,0.0168,1.17,0.011699999999999999,0.37,0.0037,0.84,0.0084,1.54,0.0154,0.79,0.0079,0.79,0.0079,0.25,0.0025,0.81,0.008100000000000001,1.79,0.0179,1.0,0.01,0.59,0.0059
2025-04-15,-1.04,-0.0104,-1.32,-0.0132,-0.42,-0.0042,-1.59,-0.0159,-0.36,-0.0036,-0.24,-0.0024,0.26,0.0026,-0.4,-0.004,0.33,0.0033,0.91,0.0091,-0.27,-0.0027,0.27,0.0027,-1.18,-0.0118,-0.27,-0.0027,-0.25,-0.0025,-1.01,-0.0101,0.37,0.0037,-0.59,-0.0059,-0.56,-0.005600000000000001,-0.81,-0.008100000000000001
2025-04-16,-0.88,-0.0088,-2.11,-0.021099999999999997,-1.46,-0.0146,-1.22,-0.012199999999999999,-1.71,-0.0171,-0.96,-0.0096,-4.07,-0.0407,1.03,0.0103,-0.66,-0.0066,-2.37,-0.023700000000000002,-2.5,-0.025,-4.12,-0.0412,-1.14,-0.011399999999999999,-1.82,-0.0182,-0.94,-0.009399999999999999,-2.38,-0.023799999999999998,-1.28,-0.0128,0.21,0.0021,-2.17,-0.0217,-1.63,-0.0163
2025-04-17,1.58,0.0158,2.56,0.0256,2.97,0.0297,1.16,0.0116,0.76,0.0076,0.26,0.0026,0.23,0.0023,2.53,0.0253,1.0,0.01,1.18,0.0118,-0.54,-0.0054,-0.58,-0.0058,1.24,0.0124,1.8,0.018000000000000002,1.1,0.011000000000000001,0.9,0.009000000000000001,-1.54,-0.0154,-0.62,-0.0062,0.91,0.0091,0.51,0.0051
2025-04-21,-0.34,-0.0034000000000000002,0.05,0.0005,-1.65,-0.0165,-1.57,-0.015700000000000002,-2.65,-0.0265,-3.18,-0.0318,-4.77,-0.04769999999999999,-2.23,-0.0223,-2.74,-0.0274,-2.52,-0.0252,-2.65,-0.0265,-2.78,-0.0278,-1.6,-0.016,-2.13,-0.0213,-1.92,-0.0192,-2.34,-0.023399999999999997,-2.58,-0.0258,-0.83,-0.0083,-2.3,-0.023,-1.56,-0.015600000000000001
2025-04-22,1.39,0.0139,2.45,0.0245,1.81,0.0181,2.82,0.0282,3.39,0.0339,3.41,0.0341,4.01,0.0401,2.6,0.026000000000000002,2.74,0.0274,1.78,0.0178,2.72,0.027200000000000002,2.47,0.024700000000000003,1.6,0.016,1.79,0.0179,2.22,0.0222,2.84,0.028399999999999998,3.2,0.032,1.52,0.0152,3.44,0.0344,2.7,0.027000000000000003
2025-04-23,-0.52,-0.0052,1.11,0.0111,0.81,0.008100000000000001,0.22,0.0022,1.43,0.0143,3.61,0.0361,4.42,0.044199999999999996,-0.36,-0.0036,0.35,0.0034999999999999996,0.68,0.0068000000000000005,2.45,0.0245,3.04,0.0304,-1.27,-0.0127,1.16,0.0116,-0.09,-0.0009,1.77,0.0177,1.47,0.0147,1.46,0.0146,1.3,0.013000000000000001,1.54,0.0154
2025-04-24,-1.06,-0.0106,2.48,0.0248,1.97,0.0197,2.16,0.0216,2.61,0.026099999999999998,3.33,0.0333,3.4,0.034,1.42,0.014199999999999999,0.43,0.0043,0.7,0.006999999999999999,2.86,0.0286,3.23,0.0323,1.46,0.0146,2.2,0.022000000000000002,0.8,0.008,1.85,0.018500000000000003,1.62,0.016200000000000003,4.34,0.0434,3.91,0.0391,0.79,0.0079
2025-04-25,-0.56,-0.005600000000000001,-1.25,-0.0125,0.67,0.0067,-0.61,-0.0060999999999999995,-0.07,-0.0007000000000000001,-0.11,-0.0011,7.58,0.0758,-0.04,-0.0004,-0.34,-0.0034000000000000002,-2.81,-0.0281,1.23,0.0123,1.67,0.0167,-0.79,-0.0079,-1.47,-0.0147,-0.15,-0.0015,0.42,0.0042,-0.51,-0.0051,-1.7,-0.017,0.4,0.004,0.55,0.0055000000000000005
2025-04-28,-0.43,-0.0043,-0.18,-0.0018,0.53,0.0053,0.34,0.0034000000000000002,0.14,0.0014000000000000002,0.6,0.006,0.32,0.0032,0.64,0.0064,0.76,0.0076,0.99,0.009899999999999999,-0.01,-0.0001,-0.45,-0.0045000000000000005,0.1,0.001,0.37,0.0037,-0.02,-0.0002,-0.22,-0.0022,0.37,0.0037,-0.18,-0.0018,-0.28,-0.0028000000000000004,0.18,0.0018
2025-04-29,0.77,0.0077,0.68,0.0068000000000000005,0.79,0.0079,1.71,0.0171,0.33,0.0033,0.87,0.0087,1.7,0.017,-0.42,-0.0042,0.58,0.0058,1.12,0.011200000000000002,0.84,0.0084,0.24,0.0024,1.25,0.0125,0.52,0.0052,0.61,0.0060999999999999995,0.53,0.0053,0.59,0.0059,-0.78,-0.0078000000000000005,0.0,0.0,0.05,0.0005
2025-04-30,0.79,0.0079,-0.85,-0.0085,0.93,0.009300000000000001,0.56,0.005600000000000001,0.24,0.0024,-0.06,-0.0006,-2.91,-0.0291,-2.46,-0.0246,-0.9,-0.009000000000000001,1.27,0.0127,-0.05,-0.0005,0.38,0.0038,-0.97,-0.0097,1.21,0.0121,0.55,0.0055000000000000005,-0.27,-0.0027,0.01,0.0001,-0.46,-0.0046,-0.33,-0.0033,-0.47,-0.004699999999999999
2025-05-01,-1.53,-0.015300000000000001,0.07,0.0007000000000000001,-3.02,-0.0302,0.06,0.0006,1.5,0.015,1.63,0.0163,-0.29,-0.0029,0.64,0.0064,0.12,0.0012,-0.73,-0.0073,2.72,0.027200000000000002,0.97,0.0097,-1.78,-0.0178,-0.21,-0.0021,-0.02,-0.0002,1.21,0.0121,-0.05,-0.0005,-0.23,-0.0023,-0.64,-0.0064,0.21,0.0021
2025-05-02,0.31,0.0031,3.33,0.0333,1.77,0.0177,1.1,0.011000000000000001,2.22,0.0222,3.32,0.0332,2.15,0.0215,1.33,0.013300000000000001,0.92,0.0092,0.89,0.0089,2.39,0.0239,0.45,0.0045000000000000005,1.68,0.0168,3.22,0.0322,1.64,0.016399999999999998,0.75,0.0075,2.18,0.0218,1.54,0.0154,2.44,0.024399999999999998,1.44,0.0144
2025-05-05,-0.11,-0.0011,0.56,0.005600000000000001,-0.56,-0.005600000000000001,-1.16,-0.0116,-0.41,-0.0040999999999999995,-1.28,-0.0128,-1.97,-0.0197,-2.2,-0.022000000000000002,-0.28,-0.0028000000000000004,-0.18,-0.0018,0.11,0.0011,-1.42,-0.014199999999999999,-0.55,-0.0055000000000000005,-0.05,-0.0005,-0.04,-0.0004,-0.8,-0.008,-0.07,-0.0007000000000000001,0.41,0.0040999999999999995,-0.51,-0.0051,-0.8,-0.008
2025-05-06,-0.29,-0.0029,-0.96,-0.0096,-3.2,-0.032,-0.83,-0.0083,-1.31,-0.0131,-1.4,-0.013999999999999999,-1.32,-0.0132,0.29,0.0029,0.84,0.0084,1.42,0.014199999999999999,-0.99,-0.009899999999999999,-0.47,-0.004699999999999999,0.03,0.0003,-1.12,-0.011200000000000002,-1.07,-0.010700000000000001,-0.65,-0.006500000000000001,-0.76,-0.0076,1.26,0.0126,0.19,0.0019,0.24,0.0024
2025-05-07,0.14,0.0014000000000000002,2.39,0.0239,0.71,0.0070999999999999995,-0.97,-0.0097,0.26,0.0026,-0.9,-0.009000000000000001,0.15,0.0015,0.0,0.0,0.4,0.004,1.22,0.012199999999999999,-0.6,-0.006,1.07,0.010700000000000001,-0.19,-0.0019,0.15,0.0015,1.16,0.0116,1.1,0.011000000000000001,0.47,0.004699999999999999,-1.73,-0.0173,3.82,0.0382,0.88,0.0088
2025-05-08,-0.08,-0.0008,2.51,0.025099999999999997,-0.77,-0.0077,1.88,0.018799999999999997,2.11,0.021099999999999997,0.3,0.003,3.03,0.030299999999999997,1.89,0.0189,-0.89,-0.0089,-0.31,-0.0031,1.29,0.0129,0.74,0.0074,1.28,0.0128,1.32,0.0132,-0.48,-0.0048,0.72,0.0072,1.05,0.0105,0.49,0.0049,2.61,0.026099999999999998,0.07,0.0007000000000000001
2025-05-09,-0.42,-0.0042,-1.13,-0.0113,-1.17,-0.011699999999999999,0.11,0.0011,-0.09,-0.0009,0.34,0.0034000000000000002,3.84,0.0384,1.02,0.0102,0.31,0.0031,0.02,0.0002,-0.31,-0.0031,0.13,0.0013,-0.46,-0.0046,-0.64,-0.0064,-0.21,-0.0021,0.03,0.0003,-0.14,-0.0014000000000000002,1.26,0.0126,1.12,0.011200000000000002,-0.64,-0.0064
2025-05-12,-0.22,-0.0022,6.66,0.0666,2.73,0.0273,3.49,0.0349,3.89,0.038900000000000004,3.89,0.038900000000000004,6.24,0.062400000000000004,2.71,0.0271,-0.53,-0.0053,0.05,0.0005,3.42,0.0342,5.82,0.0582,3.66,0.0366,5.73,0.057300000000000004,1.8,0.018000000000000002,4.45,0.044500000000000005,2.55,0.0255,0.46,0.0046,5.39,0.053899999999999997,2.9,0.028999999999999998
2025-05-13,-1.08,-0.0108,0.91,0.0091,-1.55,-0.0155,-0.09,-0.0009,1.11,0.0111,0.24,0.0024,4.16,0.0416,1.4,0.013999999999999999,0.12,0.0012,-0.37,-0.0037,0.98,0.0098,2.89,0.028900000000000002,-0.75,-0.0075,0.97,0.0097,-0.01,-0.0001,0.14,0.0014000000000000002,-0.31,-0.0031,-0.1,-0.001,2.67,0.026699999999999998,0.36,0.0036
2025-05-14,-0.35,-0.0034999999999999996,-0.37,-0.0037,-2.26,-0.0226,-1.59,-0.0159,-1.68,-0.0168,-0.33,-0.0033,3.16,0.0316,-0.72,-0.0072,-0.4,-0.004,-0.11,-0.0011,0.75,0.0075,0.97,0.0097,0.49,0.0049,-0.53,-0.0053,-0.19,-0.0019,-0.15,-0.0015,-0.04,-0.0004,-1.04,-0.0104,-0.09,-0.0009,0.07,0.0007000000000000001
2025-05-15,2.34,0.023399999999999997,0.58,0.0058,2.03,0.0203,1.25,0.0125,0.15,0.0015,-0.66,-0.0066,-1.06,-0.0106,0.35,0.0034999999999999996,1.89,0.0189,1.68,0.0168,-0.37,-0.0037,-0.11,-0.0011,0.89,0.0089,0.09,0.0009,1.5,0.015,-0.53,-0.0053,0.13,0.0013,0.36,0.0036,0.57,0.005699999999999999,0.54,0.0054
2025-05-16,0.77,0.0077,0.75,0.0075,1.71,0.0171,1.22,0.012199999999999999,1.39,0.0139,0.66,0.0066,1.86,0.018600000000000002,-0.26,-0.0026,1.22,0.012199999999999999,1.07,0.010700000000000001,0.57,0.005699999999999999,0.15,0.0015,0.96,0.0096,1.07,0.010700000000000001,1.47,0.0147,0.81,0.008100000000000001,0.93,0.009300000000000001,-0.08,-0.0008,0.65,0.006500000000000001,0.79,0.0079
2025-05-19,-0.17,-0.0017000000000000001,-0.77,-0.0077,0.49,0.0049,-0.49,-0.0049,-0.65,-0.006500000000000001,0.33,0.0033,-1.83,-0.0183,-1.38,-0.0138,0.33,0.0033,0.08,0.0008,0.27,0.0027,-0.34,-0.0034000000000000002,0.62,0.0062,-0.1,-0.001,-0.09,-0.0009,0.25,0.0025,0.25,0.0025,1.1,0.011000000000000001,-0.84,-0.0084,-0.08,-0.0008
2025-05-20,0.08,0.0008,0.72,0.0072,0.21,0.0021,-0.45,-0.0045000000000000005,-0.83,-0.0083,-0.61,-0.0060999999999999995,0.45,0.0045000000000000005,-0.94,-0.009399999999999999,0.2,0.002,-0.28,-0.0028000000000000004,-0.44,-0.0044,-0.6,-0.006,-0.08,-0.0008,-0.98,-0.0098,-0.7,-0.006999999999999999,-0.52,-0.0052,-0.32,-0.0032,0.19,0.0019,-0.18,-0.0018,-0.93,-0.009300000000000001
2025-05-21,-1.05,-0.0105,-3.71,-0.0371,-2.05,-0.020499999999999997,-1.9,-0.019,-2.37,-0.023700000000000002,-1.95,-0.0195,-2.66,-0.026600000000000002,-1.88,-0.018799999999999997,-1.78,-0.0178,-1.23,-0.0123,-0.95,-0.0095,-2.0,-0.02,-1.45,-0.014499999999999999,-2.32,-0.0232,-1.43,-0.0143,-1.51,-0.0151,-2.7,-0.027000000000000003,-0.62,-0.0062,-2.67,-0.026699999999999998,-2.16,-0.0216
2025-05-22,-0.63,-0.0063,1.19,0.011899999999999999,-0.52,-0.0052,-0.2,-0.002,-0.74,-0.0074,-0.85,-0.0085,1.5,0.015,-0.27,-0.0027,-1.19,-0.011899999999999999,-0.47,-0.004699999999999999,0.55,0.0055000000000000005,0.0,0.0,-0.45,-0.0045000000000000005,0.2,0.002,-0.36,-0.0036,0.19,0.0019,-0.22,-0.0022,-0.15,-0.0015,-0.41,-0.0040999999999999995,0.06,0.0006
2025-05-23,0.55,0.0055000000000000005,-3.75,-0.0375,-0.04,-0.0004,-0.36,-0.0036,0.1,0.001,0.64,0.0064,-0.6,-0.006,0.19,0.0019,1.15,0.0115,0.03,0.0003,-0.93,-0.009300000000000001,-1.61,-0.0161,-0.52,-0.0052,-0.54,-0.0054,-1.1,-0.011000000000000001,-0.92,-0.0092,-0.39,-0.0039000000000000003,1.62,0.016200000000000003,0.44,0.0044,-0.12,-0.0012
2025-05-27,0.85,0.0085,4.53,0.0453,1.45,0.014499999999999999,2.4,0.024,2.44,0.024399999999999998,2.56,0.0256,5.89,0.058899999999999994,0.93,0.009300000000000001,0.88,0.0088,1.02,0.0102,2.23,0.0223,2.78,0.0278,1.82,0.0182,2.1,0.021,1.38,0.0138,1.89,0.0189,1.87,0.0187,0.65,0.006500000000000001,2.72,0.027200000000000002,1.82,0.0182
2025-05-28,-0.86,-0.0086,-1.6,-0.016,-0.69,-0.0069,-1.52,-0.0152,-2.09,-0.0209,-1.14,-0.011399999999999999,-1.56,-0.015600000000000001,-1.28,-0.0128,-1.3,-0.013000000000000001,-0.44,-0.0044,-0.48,-0.0048,-0.12,-0.0012,-1.07,-0.010700000000000001,-0.63,-0.0063,-0.98,-0.0098,-0.55,-0.0055000000000000005,-0.73,-0.0073,-1.46,-0.0146,-0.7,-0.006999999999999999,-0.72,-0.0072
2025-05-29,0.71,0.0070999999999999995,-0.56,-0.005600000000000001,0.89,0.0089,0.52,0.0052,0.55,0.0055000000000000005,-0.29,-0.0029,0.4,0.004,0.82,0.008199999999999999,0.56,0.005600000000000001,-0.51,-0.0051,-0.13,-0.0013,1.0,0.01,0.76,0.0076,-0.34,-0.0034000000000000002,0.03,0.0003,0.03,0.0003,0.47,0.004699999999999999,0.06,0.0006,-0.16,-0.0016,-0.51,-0.0051
2025-05-30,0.64,0.0064,-0.94,-0.009399999999999999,0.1,0.001,0.02,0.0002,-0.26,-0.0026,-0.38,-0.0038,-2.7,-0.027000000000000003,-0.66,-0.0066,0.9,0.009000000000000001,1.01,0.0101,0.61,0.0060999999999999995,-1.07,-0.010700000000000001,-0.3,-0.003,-0.09,-0.0009,0.16,0.0016,0.5,0.005,0.17,0.0017000000000000001,-0.56,-0.005600000000000001,-0.73,-0.0073,0.29,0.0029
2025-06-02,-0.07,-0.0007000000000000001,0.84,0.0084,0.31,0.0031,-0.65,-0.006500000000000001,-0.7,-0.006999999999999999,5.4,0.054000000000000006,-1.38,-0.0138,1.08,0.0108,0.52,0.0052,0.1,0.001,0.36,0.0036,1.13,0.0113,-1.43,-0.0143,-0.34,-0.0034000000000000002,-0.44,-0.0044,0.76,0.0076,0.1,0.001,2.32,0.0232,-0.94,-0.009399999999999999,0.22,0.0022
2025-06-03,-0.44,-0.0044,1.53,0.015300000000000001,0.35,0.0034999999999999996,1.42,0.014199999999999999,1.93,0.019299999999999998,1.6,0.016,0.79,0.0079,1.38,0.0138,0.23,0.0023,0.2,0.002,0.11,0.0011,2.05,0.020499999999999997,0.56,0.005600000000000001,0.29,0.0029,0.8,0.008,0.18,0.0018,0.51,0.0051,0.51,0.0051,2.63,0.0263,0.56,0.005600000000000001
2025-06-04,-0.22,-0.0022,0.01,0.0001,0.27,0.0027,0.6,0.006,0.96,0.0096,-0.24,-0.0024,-3.03,-0.030299999999999997,-1.82,-0.0182,-1.78,-0.0178,-0.94,-0.009399999999999999,0.63,0.0063,0.46,0.0046,-0.59,-0.0059,0.34,0.0034000000000000002,-0.79,-0.0079,0.03,0.0003,-0.62,-0.0062,0.94,0.009399999999999999,0.21,0.0021,0.46,0.0046
2025-06-05,-0.42,-0.0042,-0.41,-0.0040999999999999995,0.05,0.0005,-0.77,-0.0077,0.09,0.0009,-1.34,-0.0134,-11.55,-0.1155,-0.24,-0.0024,0.0,0.0,0.41,0.0040999999999999995,0.2,0.002,-0.89,-0.0089,-0.36,-0.0036,-0.04,-0.0004,0.2,0.002,-0.38,-0.0038,-0.23,-0.0023,0.95,0.0095,0.11,0.0011,-0.44,-0.0044
2025-06-06,0.47,0.004699999999999999,-3.52,-0.0352,0.9,0.009000000000000001,0.68,0.0068000000000000005,0.25,0.0025,1.52,0.0152,3.08,0.0308,2.2,0.022000000000000002,0.41,0.0040999999999999995,1.05,0.0105,1.38,0.0138,0.69,0.0069,0.64,0.0064,1.46,0.0146,0.53,0.0053,1.09,0.0109,1.56,0.015600000000000001,-1.11,-0.0111,2.16,0.0216,1.07,0.010700000000000001
2025-06-09,0.5,0.005,-0.66,-0.0066,-0.22,-0.0022,0.92,0.0092,0.19,0.0019,0.74,0.0074,3.79,0.0379,0.46,0.0046,-0.77,-0.0077,-0.71,-0.0070999999999999995,0.2,0.002,0.18,0.0018,0.24,0.0024,0.34,0.0034000000000000002,-0.24,-0.0024,0.44,0.0044,-0.43,-0.0043,1.41,0.0141,0.42,0.0042,-0.38,-0.0038
2025-06-10,0.24,0.0024,1.36,0.013600000000000001,1.23,0.0123,1.24,0.0124,0.76,0.0076,0.35,0.0034999999999999996,4.8,0.048,2.05,0.020499999999999997,0.14,0.0014000000000000002,1.61,0.0161,0.27,0.0027,0.76,0.0076,0.46,0.0046,0.74,0.0074,0.35,0.0034999999999999996,0.21,0.0021,0.1,0.001,-0.46,-0.0046,0.59,0.0059,-0.42,-0.0042
2025-06-11,-0.45,-0.0045000000000000005,-1.07,-0.010700000000000001,-0.25,-0.0025,-0.39,-0.0039000000000000003,-0.4,-0.004,-2.59,-0.0259,0.12,0.0012,1.68,0.0168,0.2,0.002,-0.81,-0.008100000000000001,-0.17,-0.0017000000000000001,-0.57,-0.005699999999999999,-0.74,-0.0074,-1.1,-0.011000000000000001,-0.26,-0.0026,-1.64,-0.016399999999999998,-0.01,-0.0001,-1.26,-0.0126,0.59,0.0059,0.81,0.008100000000000001
2025-06-12,0.7,0.006999999999999999,-0.77,-0.0077,0.53,0.0053,-0.77,-0.0077,0.24,0.0024,0.41,0.0040999999999999995,-1.92,-0.0192,0.38,0.0038,1.11,0.0111,-0.77,-0.0077,0.57,0.005699999999999999,0.75,0.0075,0.41,0.0040999999999999995,-0.29,-0.0029,0.74,0.0074,-0.12,-0.0012,0.16,0.0016,1.62,0.016200000000000003,-0.47,-0.004699999999999999,-0.38,-0.0038
2025-06-13,-1.01,-0.0101,-3.77,-0.0377,-0.35,-0.0034999999999999996,-2.61,-0.026099999999999998,-2.0,-0.02,0.2,0.002,1.2,0.012,1.92,0.0192,-0.35,-0.0034999999999999996,-0.61,-0.0060999999999999995,-1.01,-0.0101,-1.94,-0.0194,-2.22,-0.0222,-1.92,-0.0192,-1.27,-0.0127,-0.92,-0.0092,-1.94,-0.0194,-0.1,-0.001,-1.85,-0.018500000000000003,-1.43,-0.0143
2025-06-16,0.32,0.0032,2.82,0.0282,-0.26,-0.0026,0.74,0.0074,1.0,0.01,0.49,0.0049,1.19,0.011899999999999999,-0.16,-0.0016,-0.52,-0.0052,0.59,0.0059,1.27,0.0127,1.73,0.0173,1.07,0.010700000000000001,1.39,0.0139,0.17,0.0017000000000000001,0.96,0.0096,1.02,0.0102,1.38,0.0138,2.35,0.0235,0.6,0.006
2025-06-17,-0.92,-0.0092,-2.29,-0.0229,-1.77,-0.0177,-1.3,-0.013000000000000001,-1.8,-0.018000000000000002,0.26,0.0026,-3.49,-0.0349,1.44,0.0144,-0.7,-0.006999999999999999,-1.95,-0.0195,-0.54,-0.0054,-0.93,-0.009300000000000001,-1.34,-0.0134,-1.54,-0.0154,-0.62,-0.0062,-0.67,-0.0067,-0.58,-0.0058,-0.5,-0.005,-2.36,-0.0236,-1.3,-0.013000000000000001
2025-06-18,-0.23,-0.0023,-0.74,-0.0074,-0.14,-0.0014000000000000002,-0.38,-0.0038,0.15,0.0015,-0.17,-0.0017000000000000001,1.47,0.0147,-0.82,-0.008199999999999999,0.32,0.0032,-0.04,-0.0004,-0.53,-0.0053,0.64,0.0064,0.01,0.0001,-0.14,-0.0014000000000000002,0.18,0.0018,-0.38,-0.0038,0.66,0.0066,-0.29,-0.0029,0.75,0.0075,-0.18,-0.0018
2025-06-20,0.06,0.0006,0.21,0.0021,-0.54,-0.0054,-0.59,-0.0059,1.0,0.01,-1.18,-0.0118,0.02,0.0002,0.87,0.0087,0.47,0.004699999999999999,0.37,0.0037,-1.3,-0.013000000000000001,0.19,0.0019,0.32,0.0032,0.22,0.0022,-0.13,-0.0013,-0.05,-0.0005,0.29,0.0029,-1.24,-0.0124,-0.71,-0.0070999999999999995,0.32,0.0032
2025-06-23,0.83,0.0083,0.68,0.0068000000000000005,0.14,0.0014000000000000002,1.37,0.0137,2.36,0.0236,1.82,0.0182,6.78,0.0678,-2.68,-0.0268,0.89,0.0089,1.36,0.013600000000000001,1.25,0.0125,0.56,0.005600000000000001,1.27,0.0127,1.55,0.0155,0.76,0.0076,0.69,0.0069,1.06,0.0106,1.78,0.0178,0.87,0.0087,0.65,0.006500000000000001
2025-06-24,0.24,0.0024,1.51,0.0151,1.4,0.013999999999999999,1.3,0.013000000000000001,1.23,0.0123,1.28,0.0128,-1.7,-0.017,-1.82,-0.0182,0.51,0.0051,1.16,0.0116,1.48,0.0148,1.75,0.0175,0.4,0.004,2.35,0.0235,0.74,0.0074,0.99,0.009899999999999999,1.43,0.0143,0.73,0.0073,2.17,0.0217,0.74,0.0074
2025-06-25,-1.51,-0.0151,-1.01,-0.0101,0.01,0.0001,-0.73,-0.0073,-1.08,-0.0108,-0.45,-0.0045000000000000005,-3.27,-0.0327,-0.52,-0.0052,-1.28,-0.0128,-0.45,-0.0045000000000000005,-0.05,-0.0005,1.79,0.0179,-0.94,-0.009399999999999999,-0.98,-0.0098,-0.91,-0.0091,-0.58,-0.0058,-0.17,-0.0017000000000000001,-0.97,-0.0097,-0.3,-0.003,-0.87,-0.0087
2025-06-26,0.38,0.0038,1.57,0.015700000000000002,0.19,0.0019,0.6,0.006,1.24,0.0124,3.02,0.0302,-0.14,-0.0014000000000000002,1.34,0.0134,1.08,0.0108,0.62,0.0062,1.12,0.011200000000000002,0.62,0.0062,0.17,0.0017000000000000001,1.27,0.0127,0.58,0.0058,0.93,0.009300000000000001,1.31,0.0131,4.28,0.042800000000000005,2.94,0.0294,0.59,0.0059
2025-06-27,0.34,0.0034000000000000002,6.69,0.0669,-0.4,-0.004,0.28,0.0028000000000000004,1.05,0.0105,0.23,0.0023,-0.41,-0.0040999999999999995,-0.57,-0.005699999999999999,0.16,0.0016,0.85,0.0085,0.3,0.003,0.47,0.004699999999999999,0.16,0.0016,0.84,0.0084,0.65,0.006500000000000001,1.83,0.0183,0.36,0.0036,-1.61,-0.0161,-0.19,-0.0019,1.25,0.0125
2025-06-30,0.56,0.005600000000000001,-0.53,-0.0053,0.6,0.006,-0.48,-0.0048,-0.16,-0.0016,-0.75,-0.0075,-1.51,-0.0151,-0.86,-0.0086,0.41,0.0040999999999999995,1.62,0.016200000000000003,0.77,0.0077,0.94,0.009399999999999999,-0.15,-0.0015,0.32,0.0032,0.54,0.0054,-0.6,-0.006,0.83,0.0083,-0.06,-0.0006,0.22,0.0022,0.15,0.0015
2025-07-01,1.87,0.0187,2.65,0.0265,0.77,0.0077,2.76,0.0276,1.96,0.0196,1.71,0.0171,-3.6,-0.036000000000000004,1.19,0.011899999999999999,-0.27,-0.0027,0.58,0.0058,-0.91,-0.0091,-1.06,-0.0106,3.9,0.039,1.21,0.0121,1.01,0.0101,0.66,0.0066,0.9,0.009000000000000001,1.09,0.0109,1.07,0.010700000000000001,2.06,0.0206
2025-07-02,0.1,0.001,1.99,0.0199,0.21,0.0021,1.62,0.016200000000000003,1.23,0.0123,2.94,0.0294,4.3,0.043,1.82,0.0182,-0.59,-0.0059,-0.88,-0.0088,0.25,0.0025,1.93,0.019299999999999998,1.06,0.0106,0.51,0.0051,-0.41,-0.0040999999999999995,-0.21,-0.0021,-0.12,-0.0012,2.44,0.024399999999999998,2.08,0.0208,-0.53,-0.0053
2025-07-03,-0.07,-0.0007000000000000001,0.55,0.0055000000000000005,0.18,0.0018,0.21,0.0021,0.15,0.0015,0.03,0.0003,-0.07,-0.0007000000000000001,0.28,0.0028000000000000004,0.55,0.0055000000000000005,0.75,0.0075,1.42,0.014199999999999999,1.04,0.0104,0.08,0.0008,0.47,0.004699999999999999,0.93,0.009300000000000001,1.03,0.0103,1.0,0.01,-0.06,-0.0006,1.75,0.0175,0.37,0.0037
2025-07-07,-0.9,-0.009000000000000001,-0.36,-0.0036,-1.0,-0.01,-1.55,-0.0155,-1.05,-0.0105,-0.95,-0.0095,-5.73,-0.057300000000000004,-0.98,-0.0098,-0.02,-0.0002,-1.08,-0.0108,-0.51,-0.0051,-1.17,-0.011699999999999999,-0.73,-0.0073,-0.17,-0.0017000000000000001,-0.21,-0.0021,0.09,0.0009,-1.01,-0.0101,-0.56,-0.005600000000000001,-0.93,-0.009300000000000001,-0.77,-0.0077
2025-07-08,-0.63,-0.0063,-1.36,-0.013600000000000001,0.48,0.0048,1.52,0.0152,-0.15,-0.0015,1.32,0.0132,1.28,0.0128,3.03,0.030299999999999997,-0.86,-0.0086,0.08,0.0008,-0.21,-0.0021,0.53,0.0053,0.59,0.0059,0.53,0.0053,-0.08,-0.0008,-1.39,-0.0139,-0.79,-0.0079,-0.99,-0.009899999999999999,0.06,0.0006,0.3,0.003
2025-07-09,-1.18,-0.0118,-0.09,-0.0009,1.08,0.0108,1.19,0.011899999999999999,2.11,0.021099999999999997,0.33,0.0033,-0.37,-0.0037,-0.54,-0.0054,0.63,0.0063,-1.01,-0.0101,0.97,0.0097,1.05,0.0105,0.29,0.0029,-0.4,-0.004,0.48,0.0048,0.78,0.0078000000000000005,0.2,0.002,-0.4,-0.004,1.52,0.0152,0.27,0.0027
2025-07-10,0.26,0.0026,1.31,0.0131,0.7,0.006999999999999999,0.34,0.0034000000000000002,0.82,0.008199999999999999,1.84,0.0184,3.85,0.0385,0.91,0.0091,0.66,0.0066,-0.26,-0.0026,-0.75,-0.0075,0.53,0.0053,0.81,0.008100000000000001,1.74,0.0174,0.02,0.0002,-0.39,-0.0039000000000000003,0.74,0.0074,2.63,0.0263,0.52,0.0052,0.98,0.0098
2025-07-11,-0.12,-0.0012,-1.77,-0.0177,-1.19,-0.011899999999999999,-1.1,-0.011000000000000001,-0.57,-0.005699999999999999,-0.24,-0.0024,0.67,0.0067,0.47,0.004699999999999999,-0.04,-0.0004,-1.18,-0.0118,-0.63,-0.0063,-0.1,-0.001,-0.99,-0.009899999999999999,-0.77,-0.0077,-0.64,-0.0064,0.26,0.0026,-0.87,-0.0087,-0.34,-0.0034000000000000002,-0.73,-0.0073,-0.34,-0.0034000000000000002
2025-07-14,-0.05,-0.0005,-0.73,-0.0073,0.51,0.0051,-0.73,-0.0073,-0.25,-0.0025,-0.72,-0.0072,0.77,0.0077,-1.3,-0.013000000000000001,0.52,0.0052,0.66,0.0066,0.69,0.0069,-0.66,-0.0066,-0.75,-0.0075,-0.44,-0.0044,0.51,0.0051,0.54,0.0054,0.68,0.0068000000000000005,-0.3,-0.003,0.16,0.0016,-0.1,-0.001
2025-07-15,-1.01,-0.0101,-1.31,-0.0131,-1.98,-0.019799999999999998,-1.6,-0.016,-2.24,-0.022400000000000003,-2.02,-0.0202,-1.86,-0.018600000000000002,-1.43,-0.0143,-1.03,-0.0103,-1.07,-0.010700000000000001,-0.17,-0.0017000000000000001,1.57,0.015700000000000002,-1.56,-0.015600000000000001,-1.64,-0.016399999999999998,-1.16,-0.0116,-0.66,-0.0066,-1.95,-0.0195,-2.67,-0.026699999999999998,0.51,0.0051,-1.39,-0.0139
2025-07-16,0.46,0.0046,0.52,0.0052,1.5,0.015,0.34,0.0034000000000000002,0.72,0.0072,-0.16,-0.0016,2.74,0.0274,-0.98,-0.0098,0.01,0.0001,0.34,0.0034000000000000002,0.36,0.0036,0.32,0.0032,0.84,0.0084,-0.27,-0.0027,0.58,0.0058,-0.82,-0.008199999999999999,0.83,0.0083,0.16,0.0016,0.81,0.008100000000000001,-0.12,-0.0012
2025-07-17,1.54,0.0154,1.74,0.0174,-1.04,-0.0104,0.97,0.0097,1.46,0.0146,2.31,0.0231,-0.54,-0.0054,0.67,0.0067,0.27,0.0027,0.48,0.0048,0.89,0.0089,0.83,0.0083,0.24,0.0024,0.63,0.0063,0.26,0.0026,0.22,0.0022,0.93,0.009300000000000001,0.49,0.0049,2.84,0.028399999999999998,0.37,0.0037
2025-07-18,-0.6,-0.006,-0.37,-0.0037,-0.41,-0.0040999999999999995,0.11,0.0011,-0.21,-0.0021,0.33,0.0033,2.53,0.0253,-0.95,-0.0095,1.69,0.0169,-0.26,-0.0026,0.03,0.0003,-0.11,-0.0011,-0.81,-0.008100000000000001,-0.15,-0.0015,0.05,0.0005,0.57,0.005699999999999999,-0.01,-0.0001,0.71,0.0070999999999999995,0.79,0.0079,-0.04,-0.0004
2025-07-21,-0.03,-0.0003,1.11,0.0111,-0.52,-0.0052,-0.17,-0.0017000000000000001,-0.96,-0.0096,1.02,0.0102,-0.28,-0.0028000000000000004,-1.15,-0.0115,-0.23,-0.0023,1.42,0.014199999999999999,0.52,0.0052,0.05,0.0005,0.18,0.0018,-0.04,-0.0004,-0.2,-0.002,0.95,0.0095,-0.52,-0.0052,1.04,0.0104,-2.13,-0.0213,-0.89,-0.0089
2025-07-22,1.03,0.0103,1.42,0.014199999999999999,1.55,0.0155,1.28,0.0128,3.6,0.036000000000000004,0.59,0.0059,0.93,0.009300000000000001,0.67,0.0067,1.01,0.0101,0.51,0.0051,-0.27,-0.0027,-1.06,-0.0106,1.98,0.019799999999999998,1.4,0.013999999999999999,1.3,0.013000000000000001,0.1,0.001,0.52,0.0052,1.68,0.0168,1.4,0.013999999999999999,1.58,0.0158
2025-07-23,0.07,0.0007000000000000001,1.7,0.017,1.75,0.0175,0.71,0.0070999999999999995,0.91,0.0091,0.64,0.0064,0.71,0.0070999999999999995,1.59,0.0159,-0.64,-0.0064,0.98,0.0098,0.4,0.004,1.13,0.0113,0.57,0.005699999999999999,0.12,0.0012,0.85,0.0085,0.36,0.0036,1.02,0.0102,0.14,0.0014000000000000002,1.51,0.0151,-0.21,-0.0021
2025-07-24,-0.35,-0.0034999999999999996,-1.76,-0.0176,-0.39,-0.0039000000000000003,-1.67,-0.0167,-0.72,-0.0072,-1.84,-0.0184,-6.73,-0.0673,0.57,0.005699999999999999,0.04,0.0004,0.83,0.0083,0.46,0.0046,0.81,0.008100000000000001,-0.28,-0.0028000000000000004,-1.22,-0.012199999999999999,-1.16,-0.0116,0.64,0.0064,-0.5,-0.005,-0.22,-0.0022,0.97,0.0097,-2.36,-0.0236
2025-07-25,0.34,0.0034000000000000002,1.31,0.0131,0.46,0.0046,0.68,0.0068000000000000005,2.44,0.024399999999999998,1.75,0.0175,3.11,0.0311,-0.42,-0.0042,0.11,0.0011,-2.02,-0.0202,0.5,0.005,0.15,0.0015,-0.08,-0.0008,0.87,0.0087,0.31,0.0031,0.05,0.0005,0.7,0.006999999999999999,1.51,0.0151,0.97,0.0097,1.32,0.0132
2025-07-28,-1.26,-0.0126,1.39,0.0139,-0.87,-0.0087,-1.3,-0.013000000000000001,-0.44,-0.0044,-0.59,-0.0059,2.27,0.0227,1.5,0.015,-0.91,-0.0091,-1.3,-0.013000000000000001,0.01,0.0001,1.14,0.011399999999999999,-0.78,-0.0078000000000000005,0.07,0.0007000000000000001,-0.49,-0.0049,0.28,0.0028000000000000004,-0.57,-0.005699999999999999,-1.84,-0.0184,-0.23,-0.0023,-0.84,-0.0084
2025-07-29,1.09,0.0109,-1.28,-0.0128,-0.68,-0.0068000000000000005,-0.62,-0.0062,0.08,0.0008,-1.6,-0.016,-1.36,-0.013600000000000001,0.89,0.0089,1.27,0.0127,-0.66,-0.0066,-0.22,-0.0022,-0.35,-0.0034999999999999996,-0.58,-0.0058,-2.87,-0.0287,-0.01,-0.0001,-0.29,-0.0029,-0.55,-0.0055000000000000005,-0.23,-0.0023,-2.07,-0.0207,-0.36,-0.0036
2025-07-30,-1.4,-0.013999999999999999,-1.67,-0.0167,-0.16,-0.0016,-2.65,-0.0265,-0.91,-0.0091,0.49,0.0049,-0.64,-0.0064,-1.42,-0.014199999999999999,0.55,0.0055000000000000005,0.16,0.0016,-0.14,-0.0014000000000000002,0.74,0.0074,-2.29,-0.0229,-0.96,-0.0096,0.01,0.0001,-0.56,-0.005600000000000001,-0.05,-0.0005,-4.33,-0.0433,1.06,0.0106,0.3,0.003
2025-07-31,-1.37,-0.0137,-2.28,-0.022799999999999997,-2.12,-0.0212,-0.82,-0.008199999999999999,-0.65,-0.006500000000000001,-3.57,-0.035699999999999996,-2.44,-0.024399999999999998,-0.71,-0.0070999999999999995,0.65,0.006500000000000001,-0.41,-0.0040999999999999995,1.7,0.017,-1.26,-0.0126,-2.9,-0.028999999999999998,-0.58,-0.0058,-1.72,-0.0172,0.9,0.009000000000000001,-1.17,-0.011699999999999999,1.36,0.013600000000000001,0.55,0.0055000000000000005,-2.02,-0.0202
2025-08-01,0.28,0.0028000000000000004,-1.43,-0.0143,1.11,0.0111,-1.23,-0.0123,-0.61,-0.0060999999999999995,-2.34,-0.023399999999999997,-1.81,-0.0181,-2.0,-0.02,0.03,0.0003,-0.95,-0.0095,-2.2,-0.022000000000000002,-2.1,-0.021,0.22,0.0022,-2.0,-0.02,-1.33,-0.013300000000000001,-3.53,-0.0353,-2.28,-0.022799999999999997,-0.39,-0.0039000000000000003,-3.02,-0.0302,-1.19,-0.011899999999999999
2025-08-04,0.35,0.0034999999999999996,1.92,0.0192,1.6,0.016,1.28,0.0128,1.06,0.0106,-0.48,-0.0048,1.93,0.019299999999999998,-0.47,-0.004699999999999999,1.54,0.0154,0.87,0.0087,2.43,0.024300000000000002,2.21,0.022099999999999998,1.12,0.011200000000000002,1.58,0.0158,0.95,0.0095,0.17,0.0017000000000000001,1.45,0.014499999999999999,2.81,0.0281,1.15,0.0115,1.19,0.011899999999999999
2025-08-05,-0.45,-0.0045000000000000005,-0.4,-0.004,-0.63,-0.0063,1.64,0.016399999999999998,0.96,0.0096,1.49,0.0149,0.03,0.0003,0.42,0.0042,-1.15,-0.0115,-0.46,-0.0046,-0.89,-0.0089,-0.71,-0.0070999999999999995,-0.06,-0.0006,0.8,0.008,-0.1,-0.001,0.47,0.004699999999999999,-0.2,-0.002,1.41,0.0141,-0.08,-0.0008,-1.36,-0.013600000000000001
2025-08-06,0.14,0.0014000000000000002,1.18,0.0118,-1.42,-0.014199999999999999,-1.72,-0.0172,-0.67,-0.0067,-0.76,-0.0076,2.84,0.028399999999999998,-0.84,-0.0084,-0.96,-0.0096,-0.89,-0.0089,0.58,0.0058,1.85,0.018500000000000003,0.34,0.0034000000000000002,0.85,0.0085,0.1,0.001,2.83,0.028300000000000002,0.18,0.0018,0.07,0.0007000000000000001,-1.79,-0.0179,0.92,0.0092
2025-08-07,1.3,0.013000000000000001,-2.55,-0.0255,-1.7,-0.017,-0.09,-0.0009,0.96,0.0096,0.22,0.0022,0.66,0.0066,-0.42,-0.0042,0.86,0.0086,0.05,0.0005,-0.94,-0.009399999999999999,1.39,0.0139,1.49,0.0149,-0.35,-0.0034999999999999996,-1.51,-0.0151,0.16,0.0016,-0.96,-0.0096,2.21,0.022099999999999998,0.23,0.0023,0.01,0.0001
2025-08-08,0.33,0.0033,-0.25,-0.0025,0.58,0.0058,0.06,0.0006,0.41,0.0040999999999999995,0.28,0.0028000000000000004,1.86,0.018600000000000002,0.71,0.0070999999999999995,-0.38,-0.0038,-0.02,-0.0002,0.32,0.0032,1.79,0.0179,-0.28,-0.0028000000000000004,-0.63,-0.0063,0.64,0.0064,0.03,0.0003,1.07,0.010700000000000001,1.88,0.018799999999999997,-0.44,-0.0044,-0.83,-0.0083
2025-08-11,-0.04,-0.0004,-0.62,-0.0062,0.11,0.0011,-0.08,-0.0008,-0.48,-0.0048,-0.56,-0.005600000000000001,2.34,0.023399999999999997,-0.92,-0.0092,-0.24,-0.0024,0.45,0.0045000000000000005,-0.5,-0.005,-0.45,-0.0045000000000000005,-0.74,-0.0074,-0.49,-0.0049,-0.02,-0.0002,-0.24,-0.0024,0.02,0.0002,-1.54,-0.0154,-0.17,-0.0017000000000000001,-0.37,-0.0037
2025-08-12,0.02,0.0002,2.35,0.0235,0.71,0.0070999999999999995,1.6,0.016,3.2,0.032,3.44,0.0344,0.85,0.0085,0.64,0.0064,0.36,0.0036,1.44,0.0144,1.34,0.0134,1.57,0.015700000000000002,1.09,0.0109,2.52,0.0252,0.71,0.0070999999999999995,0.49,0.0049,1.8,0.018000000000000002,1.76,0.0176,2.86,0.0286,1.29,0.0129
2025-08-13,0.73,0.0073,2.99,0.029900000000000003,1.65,0.0165,3.15,0.0315,1.92,0.0192,2.04,0.0204,0.12,0.0012,1.18,0.0118,0.29,0.0029,1.24,0.0124,-0.48,-0.0048,0.23,0.0023,1.55,0.0155,0.83,0.0083,1.66,0.0166,0.62,0.0062,0.5,0.005,0.76,0.0076,2.62,0.0262,1.18,0.0118
2025-08-14,-1.0,-0.01,-3.06,-0.030600000000000002,0.58,0.0058,-0.74,-0.0074,-1.75,-0.0175,-1.32,-0.0132,-0.96,-0.0096,-0.04,-0.0004,-0.66,-0.0066,-0.1,-0.001,-0.19,-0.0019,-0.11,-0.0011,-1.48,-0.0148,-0.13,-0.0013,-0.56,-0.005600000000000001,0.8,0.008,0.43,0.0043,-0.97,-0.0097,-1.5,-0.015,-0.32,-0.0032
2025-08-15,0.31,0.0031,1.15,0.0115,1.11,0.0111,-0.36,-0.0036,-0.52,-0.0052,-0.55,-0.0055000000000000005,-1.34,-0.0134,0.04,0.0004,-0.38,-0.0038,0.79,0.0079,0.19,0.0019,-0.92,-0.0092,-0.84,-0.0084,0.11,0.0011,-0.61,-0.0060999999999999995,-0.06,-0.0006,-0.76,-0.0076,0.15,0.0015,-0.1,-0.001,-0.13,-0.0013
2025-08-18,-0.49,-0.0049,0.61,0.0060999999999999995,-0.3,-0.003,-0.62,-0.0062,0.28,0.0028000000000000004,-0.26,-0.0026,1.15,0.0115,-0.47,-0.004699999999999999,-0.61,-0.0060999999999999995,0.31,0.0031,-0.31,-0.0031,0.29,0.0029,-0.79,-0.0079,0.48,0.0048,0.17,0.0017000000000000001,0.23,0.0023,0.23,0.0023,-0.72,-0.0072,1.45,0.014499999999999999,0.22,0.0022
2025-08-19,0.99,0.009899999999999999,-0.88,-0.0088,0.44,0.0044,0.99,0.009899999999999999,0.6,0.006,0.39,0.0039000000000000003,-1.23,-0.0123,-0.05,-0.0005,0.9,0.009000000000000001,0.44,0.0044,-1.56,-0.015600000000000001,-1.88,-0.018799999999999997,1.27,0.0127,1.28,0.0128,0.89,0.0089,-0.19,-0.0019,-0.22,-0.0022,-1.35,-0.013500000000000002,-1.19,-0.011899999999999999,0.18,0.0018
2025-08-20,0.65,0.006500000000000001,-0.37,-0.0037,0.65,0.006500000000000001,0.12,0.0012,-1.57,-0.015700000000000002,-1.47,-0.0147,-1.49,-0.0149,0.99,0.009899999999999999,0.22,0.0022,0.19,0.0019,-0.46,-0.0046,-0.86,-0.0086,-0.07,-0.0007000000000000001,-0.98,-0.0098,0.6,0.006,-0.65,-0.006500000000000001,0.25,0.0025,-0.13,-0.0013,-0.98,-0.0098,-0.51,-0.0051
2025-08-21,0.04,0.0004,-0.02,-0.0002,0.03,0.0003,-0.08,-0.0008,-0.3,-0.003,-0.03,-0.0003,-1.05,-0.0105,0.69,0.0069,-0.46,-0.0046,0.05,0.0005,-0.34,-0.0034000000000000002,-0.4,-0.004,0.91,0.0091,0.04,0.0004,-0.55,-0.0055000000000000005,-1.48,-0.0148,-0.26,-0.0026,0.8,0.008,-0.25,-0.0025,-0.24,-0.0024
2025-08-22,0.28,0.0028000000000000004,3.05,0.0305,0.75,0.0075,3.11,0.0311,3.49,0.0349,3.91,0.0391,5.75,0.0575,2.23,0.0223,0.5,0.005,-0.14,-0.0014000000000000002,1.68,0.0168,1.79,0.0179,1.43,0.0143,2.47,0.024700000000000003,1.28,0.0128,1.78,0.0178,2.27,0.0227,2.54,0.0254,4.58,0.0458,1.48,0.0148
2025-08-25,-1.38,-0.0138,0.22,0.0022,-1.6,-0.016,-1.18,-0.0118,-0.59,-0.0059,0.16,0.0016,1.5,0.015,0.5,0.005,-1.09,-0.0109,-0.32,-0.0032,-0.34,-0.0034000000000000002,0.1,0.001,-0.9,-0.009000000000000001,-1.68,-0.0168,-0.9,-0.009000000000000001,-0.68,-0.0068000000000000005,-0.56,-0.005600000000000001,0.18,0.0018,-0.42,-0.0042,-1.05,-0.0105
2025-08-26,-0.31,-0.0031,0.31,0.0031,1.18,0.0118,0.17,0.0017000000000000001,0.5,0.005,0.09,0.0009,1.23,0.0123,-0.27,-0.0027,0.25,0.0025,-0.2,-0.002,-0.21,-0.0021,0.93,0.009300000000000001,-0.64,-0.0064,0.32,0.0032,0.06,0.0006,0.13,0.0013,0.75,0.0075,1.16,0.0116,1.05,0.0105,0.09,0.0009
2025-08-27,0.15,0.0015,0.38,0.0038,-0.04,-0.0004,0.46,0.0046,-0.07,-0.0007000000000000001,0.5,0.005,-0.33,-0.0033,1.2,0.012,0.21,0.0021,0.83,0.0083,0.45,0.0045000000000000005,0.24,0.0024,-0.2,-0.002,-0.67,-0.0067,0.48,0.0048,0.29,0.0029,0.16,0.0016,-0.64,-0.0064,-0.62,-0.0062,0.26,0.0026
2025-08-28,-0.95,-0.0095,0.21,0.0021,-0.44,-0.0044,-0.12,-0.0012,0.19,0.0019,0.2,0.002,-0.95,-0.0095,0.69,0.0069,-0.53,-0.0053,-0.54,-0.0054,1.06,0.0106,0.62,0.0062,0.11,0.0011,0.33,0.0033,-0.26,-0.0026,0.43,0.0043,0.06,0.0006,0.58,0.0058,0.76,0.0076,0.1,0.001
2025-08-29,0.95,0.0095,-0.35,-0.0034999999999999996,0.38,0.0038,-0.01,-0.0001,-0.99,-0.009899999999999999,-0.59,-0.0059,-2.88,-0.0288,0.49,0.0049,-0.27,-0.0027,0.79,0.0079,-0.61,-0.0060999999999999995,-2.04,-0.0204,0.49,0.0049,-0.4,-0.004,-0.1,-0.001,-0.58,-0.0058,0.25,0.0025,0.51,0.0051,-2.07,-0.0207,0.01,0.0001
2025-09-02,-0.42,-0.0042,-0.94,-0.009399999999999999,0.46,0.0046,-1.19,-0.011899999999999999,-0.75,-0.0075,-1.33,-0.013300000000000001,-1.14,-0.011399999999999999,0.6,0.006,-0.5,-0.005,0.11,0.0011,-0.65,-0.006500000000000001,-1.12,-0.011200000000000002,-0.95,-0.0095,-1.19,-0.011899999999999999,-0.25,-0.0025,-0.66,-0.0066,-0.69,-0.0069,1.06,0.0106,-0.97,-0.0097,0.11,0.0011
2025-09-03,0.05,0.0005,0.29,0.0029,-0.26,-0.0026,-0.67,-0.0067,0.15,0.0015,-0.6,-0.006,1.01,0.0101,-2.55,-0.0255,-0.21,-0.0021,-0.61,-0.0060999999999999995,1.57,0.015700000000000002,1.05,0.0105,-1.78,-0.0178,0.27,0.0027,0.01,0.0001,0.48,0.0048,-0.27,-0.0027,1.0,0.01,-0.03,-0.0003,-0.45,-0.0045000000000000005
2025-09-04,-0.41,-0.0040999999999999995,1.45,0.014499999999999999,0.41,0.0040999999999999995,0.68,0.0068000000000000005,2.44,0.024399999999999998,1.0,0.01,1.26,0.0126,0.61,0.0060999999999999995,-0.01,-0.0001,0.61,0.0060999999999999995,0.41,0.0040999999999999995,0.85,0.0085,0.74,0.0074,-0.04,-0.0004,1.45,0.014499999999999999,2.71,0.0271,1.18,0.0118,0.03,0.0003,1.46,0.0146,0.16,0.0016
2025-09-05,0.11,0.0011,-3.53,-0.0353,0.38,0.0038,1.09,0.0109,0.73,0.0073,1.9,0.019,3.03,0.030299999999999997,-2.12,-0.0212,-0.37,-0.0037,0.11,0.0011,-0.05,-0.0005,0.19,0.0019,1.29,0.0129,-0.43,-0.0043,-0.57,-0.005699999999999999,-0.5,-0.005,-1.63,-0.0163,1.29,0.0129,0.65,0.006500000000000001,-0.99,-0.009899999999999999
2025-09-08,-0.48,-0.0048,-0.04,-0.0004,-0.28,-0.0028000000000000004,0.19,0.0019,0.16,0.0016,-0.66,-0.0066,-1.02,-0.0102,-0.23,-0.0023,-1.08,-0.0108,-1.13,-0.0113,0.73,0.0073,0.45,0.0045000000000000005,-0.86,-0.0086,0.69,0.0069,0.28,0.0028000000000000004,1.16,0.0116,0.34,0.0034000000000000002,0.58,0.0058,0.24,0.0024,-0.25,-0.0025
2025-09-09,0.25,0.0025,-0.88,-0.0088,0.37,0.0037,-2.0,-0.02,-2.08,-0.0208,-2.43,-0.024300000000000002,-0.08,-0.0008,0.51,0.0051,0.72,0.0072,-0.19,-0.0019,0.8,0.008,-0.17,-0.0017000000000000001,-0.5,-0.005,-0.29,-0.0029,-1.23,-0.0123,0.34,0.0034000000000000002,0.77,0.0077,-2.32,-0.0232,-1.23,-0.0123,-0.59,-0.0059
2025-09-10,-0.57,-0.005699999999999999,0.04,0.0004,-1.01,-0.0101,-0.54,-0.0054,1.15,0.0115,1.35,0.013500000000000002,0.17,0.0017000000000000001,1.71,0.0171,1.63,0.0163,-0.81,-0.008100000000000001,0.92,0.0092,1.91,0.0191,-1.12,-0.011200000000000002,-0.66,-0.0066,-0.27,-0.0027,-2.18,-0.0218,-0.11,-0.0011,2.13,0.0213,1.57,0.015700000000000002,-1.19,-0.011899999999999999
2025-09-11,0.48,0.0048,1.22,0.012199999999999999,1.52,0.0152,2.73,0.0273,1.86,0.018600000000000002,1.41,0.0141,5.27,0.0527,-0.14,-0.0014000000000000002,0.53,0.0053,1.57,0.015700000000000002,0.27,0.0027,0.32,0.0032,1.59,0.0159,1.02,0.0102,1.38,0.0138,0.81,0.008100000000000001,1.64,0.016399999999999998,2.15,0.0215,2.77,0.0277,0.98,0.0098
2025-09-12,-0.5,-0.005,-1.64,-0.016399999999999998,-1.1,-0.011000000000000001,-1.19,-0.011899999999999999,-1.77,-0.0177,-0.97,-0.0097,5.73,0.057300000000000004,-0.64,-0.0064,0.42,0.0042,0.2,0.002,-0.01,-0.0001,0.29,0.0029,-1.14,-0.011399999999999999,-0.39,-0.0039000000000000003,-1.22,-0.012199999999999999,-0.45,-0.0045000000000000005,-0.4,-0.004,-0.87,-0.0087,-0.9,-0.009000000000000001,-0.94,-0.009399999999999999
2025-09-15,-1.33,-0.013300000000000001,0.62,0.0062,-0.92,-0.0092,-0.61,-0.0060999999999999995,-0.3,-0.003,0.71,0.0070999999999999995,2.94,0.0294,-0.21,-0.0021,0.0,0.0,-0.24,-0.0024,1.57,0.015700000000000002,0.65,0.006500000000000001,-1.26,-0.0126,0.91,0.0091,-0.66,-0.0066,0.67,0.0067,-0.27,-0.0027,1.78,0.0178,1.12,0.011200000000000002,-0.67,-0.0067
2025-09-16,0.94,0.009399999999999999,-0.17,-0.0017000000000000001,0.18,0.0018,-0.64,-0.0064,-0.86,-0.0086,1.21,0.0121,2.32,0.0232,2.19,0.0219,-1.58,-0.0158,-0.91,-0.0091,-0.09,-0.0009,-0.47,-0.004699999999999999,0.22,0.0022,-0.28,-0.0028000000000000004,0.06,0.0006,0.31,0.0031,-0.38,-0.0038,-1.01,-0.0101,0.11,0.0011,0.56,0.005600000000000001
2025-09-17,0.25,0.0025,-0.21,-0.0021,0.18,0.0018,-0.2,-0.002,-1.14,-0.011399999999999999,-0.64,-0.0064,0.76,0.0076,0.12,0.0012,0.49,0.0049,0.84,0.0084,0.01,0.0001,-1.18,-0.0118,0.03,0.0003,-0.81,-0.008100000000000001,-0.34,-0.0034000000000000002,-0.27,-0.0027,0.91,0.0091,-0.62,-0.0062,1.06,0.0106,-0.45,-0.0045000000000000005
2025-09-18,-0.56,-0.005600000000000001,0.78,0.0078000000000000005,0.67,0.0067,0.68,0.0068000000000000005,1.85,0.018500000000000003,-0.22,-0.0022,-1.53,-0.015300000000000001,-0.61,-0.0060999999999999995,0.25,0.0025,-0.79,-0.0079,0.55,0.0055000000000000005,1.7,0.017,0.39,0.0039000000000000003,0.6,0.006,0.22,0.0022,-0.22,-0.0022,0.8,0.008,0.62,0.0062,2.68,0.0268,-0.58,-0.0058
2025-09-19,-0.06,-0.0006,-1.13,-0.0113,-0.29,-0.0029,-0.72,-0.0072,-0.83,-0.0083,-0.72,-0.0072,1.59,0.0159,-1.35,-0.013500000000000002,0.29,0.0029,-0.17,-0.0017000000000000001,1.03,0.0103,0.77,0.0077,-1.06,-0.0106,0.58,0.0058,-0.21,-0.0021,-0.36,-0.0036,0.09,0.0009,1.93,0.019299999999999998,1.39,0.0139,0.34,0.0034000000000000002
2025-09-22,-0.58,-0.0058,0.06,0.0006,0.16,0.0016,-0.53,-0.0053,-0.13,-0.0013,0.35,0.0034999999999999996,1.54,0.0154,-0.05,-0.0005,0.76,0.0076,-0.17,-0.0017000000000000001,-0.1,-0.001,2.37,0.023700000000000002,-0.2,-0.002,0.4,0.004,-0.35,-0.0034999999999999996,-1.0,-0.01,-0.19,-0.0019,1.37,0.0137,0.68,0.0068000000000000005,0.05,0.0005
2025-09-23,0.37,0.0037,0.18,0.0018,-0.16,-0.0016,-1.26,-0.0126,-0.25,-0.0025,-0.91,-0.0091,-1.59,-0.0159,1.72,0.0172,0.74,0.0074,0.24,0.0024,-1.11,-0.0111,-1.14,-0.011399999999999999,-0.16,-0.0016,0.33,0.0033,1.77,0.0177,-1.34,-0.0134,-0.16,-0.0016,0.12,0.0012,-2.93,-0.029300000000000003,-0.31,-0.0031
2025-09-24,0.28,0.0028000000000000004,0.26,0.0026,-0.54,-0.0054,-0.48,-0.0048,-0.5,-0.005,-0.72,-0.0072,3.27,0.0327,1.23,0.0123,0.82,0.008199999999999999,-0.41,-0.0040999999999999995,-0.63,-0.0063,-0.61,-0.0060999999999999995,-0.04,-0.0004,-0.19,-0.0019,-0.3,-0.003,-0.02,-0.0002,-0.46,-0.0046,-1.89,-0.0189,-1.64,-0.016399999999999998,-0.19,-0.0019
2025-09-25,-1.47,-0.0147,-3.25,-0.0325,-1.56,-0.015600000000000001,-1.72,-0.0172,-1.02,-0.0102,-0.34,-0.0034000000000000002,-3.72,-0.037200000000000004,0.95,0.0095,-0.73,-0.0073,-0.08,-0.0008,-0.94,-0.009399999999999999,0.38,0.0038,-1.43,-0.0143,-0.16,-0.0016,-1.24,-0.0124,-0.6,-0.006,-0.35,-0.0034999999999999996,-0.64,-0.0064,-1.0,-0.01,-0.57,-0.005699999999999999
2025-09-26,0.57,0.005699999999999999,1.14,0.011399999999999999,1.16,0.0116,1.09,0.0109,1.46,0.0146,3.47,0.0347,3.68,0.0368,0.89,0.0089,1.5,0.015,0.2,0.002,0.45,0.0045000000000000005,-0.02,-0.0002,1.06,0.0106,0.54,0.0054,1.76,0.0176,0.32,0.0032,0.69,0.0069,0.5,0.005,1.22,0.012199999999999999,0.84,0.0084
2025-09-29,0.29,0.0029,0.12,0.0012,0.44,0.0044,0.11,0.0011,0.51,0.0051,-0.94,-0.009399999999999999,0.44,0.0044,-2.13,-0.0213,0.16,0.0016,-0.11,-0.0011,0.3,0.003,0.37,0.0037,0.27,0.0027,0.51,0.0051,-0.08,-0.0008,0.51,0.0051,0.3,0.003,1.6,0.016,0.62,0.0062,0.32,0.0032
2025-09-30,0.58,0.0058,0.19,0.0019,2.29,0.0229,0.58,0.0058,0.43,0.0043,0.2,0.002,0.17,0.0017000000000000001,-1.11,-0.0111,0.14,0.0014000000000000002,0.65,0.006500000000000001,-0.31,-0.0031,1.37,0.0137,1.03,0.0103,-0.89,-0.0089,0.69,0.0069,-0.68,-0.0068000000000000005,-0.59,-0.0059,1.1,0.011000000000000001,1.6,0.016,-0.86,-0.0086
2025-10-01,0.16,0.0016,3.29,0.0329,2.7,0.027000000000000003,-0.64,-0.0064,0.61,0.0060999999999999995,1.2,0.012,2.85,0.0285,-0.02,-0.0002,0.65,0.006500000000000001,-1.15,-0.0115,0.08,0.0008,0.99,0.009899999999999999,-0.4,-0.004,-0.69,-0.0069,-0.49,-0.0049,-0.42,-0.0042,-1.01,-0.0101,0.3,0.003,2.77,0.0277,-0.3,-0.003
2025-10-02,-0.48,-0.0048,0.82,0.008199999999999999,-0.24,-0.0024,1.56,0.015600000000000001,0.27,0.0027,1.22,0.012199999999999999,-4.4,-0.044000000000000004,-1.19,-0.011899999999999999,-0.24,-0.0024,-0.9,-0.009000000000000001,0.21,0.0021,0.82,0.008199999999999999,0.13,0.0013,0.73,0.0073,0.33,0.0033,0.34,0.0034000000000000002,0.02,0.0002,0.96,0.0096,0.1,0.001,0.82,0.008199999999999999
2025-10-03,0.71,0.0070999999999999995,-1.9,-0.019,0.94,0.009399999999999999,0.41,0.0040999999999999995,0.3,0.003,-0.25,-0.0025,-1.01,-0.0101,0.82,0.008199999999999999,1.01,0.0101,0.54,0.0054,-0.44,-0.0044,-0.11,-0.0011,0.14,0.0014000000000000002,0.64,0.0064,-0.74,-0.0074,-0.7,-0.006999999999999999,0.92,0.0092,1.16,0.0116,0.53,0.0053,0.2,0.002
2025-10-06,-0.71,-0.0070999999999999995,-0.9,-0.009000000000000001,-0.42,-0.0042,-0.4,-0.004,-0.46,-0.0046,-0.77,-0.0077,4.35,0.0435,0.69,0.0069,0.7,0.006999999999999999,-1.69,-0.0169,1.23,0.0123,0.13,0.0013,-1.51,-0.0151,1.3,0.013000000000000001,-0.24,-0.0024,-0.01,-0.0001,-0.11,-0.0011,1.39,0.0139,0.29,0.0029,-1.09,-0.0109
2025-10-07,0.85,0.0085,-1.94,-0.0194,0.04,0.0004,-1.03,-0.0103,-2.07,-0.0207,0.55,0.0055000000000000005,-4.15,-0.0415,0.1,0.001,0.46,0.0046,-0.04,-0.0004,-0.9,-0.009000000000000001,-0.39,-0.0039000000000000003,-0.38,-0.0038,-2.02,-0.0202,-0.48,-0.0048,0.09,0.0009,-0.1,-0.001,-1.36,-0.013600000000000001,-1.43,-0.0143,-0.85,-0.0085
2025-10-08,-0.9,-0.009000000000000001,0.9,0.009000000000000001,0.25,0.0025,0.05,0.0005,1.4,0.013999999999999999,2.58,0.0258,1.01,0.0101,-0.48,-0.0048,0.59,0.0059,-0.14,-0.0014000000000000002,0.4,0.004,2.04,0.0204,-0.11,-0.0011,0.38,0.0038,0.61,0.0060999999999999995,0.55,0.0055000000000000005,-0.4,-0.004,3.26,0.0326,1.58,0.0158,-0.38,-0.0038
2025-10-09,-0.13,-0.0013,-1.78,-0.0178,0.05,0.0005,-1.73,-0.0173,-2.37,-0.023700000000000002,-0.5,-0.005,-0.84,-0.0084,-1.27,-0.0127,-0.49,-0.0049,-0.84,-0.0084,-0.2,-0.002,-0.03,-0.0003,-1.1,-0.011000000000000001,-0.81,-0.008100000000000001,-0.85,-0.0085,0.31,0.0031,-0.27,-0.0027,-1.46,-0.0146,0.01,0.0001,-0.26,-0.0026
2025-10-10,0.38,0.0038,-4.2,-0.042,-1.53,-0.015300000000000001,-2.63,-0.0263,-2.11,-0.021099999999999997,-3.54,-0.0354,-4.56,-0.045599999999999995,-3.1,-0.031,-0.67,-0.0067,-0.98,-0.0098,-2.59,-0.0259,-4.49,-0.0449,-1.32,-0.0132,-2.72,-0.027200000000000002,-1.14,-0.011399999999999999,-2.84,-0.028399999999999998,-2.55,-0.0255,-1.86,-0.018600000000000002,-2.77,-0.0277,-0.85,-0.0085
2025-10-13,-0.73,-0.0073,3.45,0.0345,-0.14,-0.0014000000000000002,1.75,0.0175,1.56,0.015600000000000001,3.19,0.0319,4.67,0.0467,1.7,0.017,0.62,0.0062,0.04,0.0004,1.71,0.0171,2.9,0.028999999999999998,-0.02,-0.0002,1.1,0.011000000000000001,-0.22,-0.0022,1.41,0.0141,1.3,0.013000000000000001,5.24,0.0524,7.16,0.0716,1.51,0.0151
2025-10-14,1.14,0.011399999999999999,0.99,0.009899999999999999,0.2,0.002,0.95,0.0095,1.82,0.0182,1.07,0.010700000000000001,-0.96,-0.0096,-0.22,-0.0022,0.73,0.0073,1.74,0.0174,-0.17,-0.0017000000000000001,-2.0,-0.02,1.29,0.0129,1.23,0.0123,1.57,0.015700000000000002,0.57,0.005699999999999999,1.28,0.0128,0.27,0.0027,2.26,0.0226,1.82,0.0182
2025-10-15,-0.37,-0.0037,0.26,0.0026,0.6,0.006,-0.1,-0.001,0.28,0.0028000000000000004,-0.85,-0.0085,1.31,0.0131,-0.24,-0.0024,1.25,0.0125,-0.2,-0.002,0.55,0.0055000000000000005,1.0,0.01,-0.11,-0.0011,-0.55,-0.0055000000000000005,0.07,0.0007000000000000001,0.16,0.0016,-0.04,-0.0004,0.59,0.0059,3.5,0.035,0.25,0.0025
2025-10-16,0.36,0.0036,-0.88,-0.0088,-0.23,-0.0023,-1.0,-0.01,-0.72,-0.0072,-2.21,-0.022099999999999998,-1.3,-0.013000000000000001,-1.26,-0.0126,-1.12,-0.011200000000000002,-0.86,-0.0086,-0.46,-0.0046,0.31,0.0031,-0.16,-0.0016,-0.82,-0.008199999999999999,-1.02,-0.0102,-1.08,-0.0108,-2.99,-0.029900000000000003,0.94,0.009399999999999999,-2.81,-0.0281,-0.58,-0.0058
2025-10-17,0.96,0.0096,0.7,0.006999999999999999,0.43,0.0043,-0.13,-0.0013,0.18,0.0018,-0.52,-0.0052,2.08,0.0208,0.86,0.0086,-0.22,-0.0022,0.46,0.0046,0.1,0.001,0.52,0.0052,0.32,0.0032,0.55,0.0055000000000000005,0.78,0.0078000000000000005,0.14,0.0014000000000000002,0.79,0.0079,-3.76,-0.037599999999999995,-1.64,-0.016399999999999998,0.96,0.0096
2025-10-20,0.08,0.0008,0.61,0.0060999999999999995,1.17,0.011699999999999999,0.81,0.008100000000000001,0.98,0.0098,4.23,0.042300000000000004,1.71,0.0171,1.02,0.0102,0.17,0.0017000000000000001,0.37,0.0037,0.95,0.0095,1.41,0.0141,0.77,0.0077,1.29,0.0129,1.01,0.0101,0.65,0.006500000000000001,1.47,0.0147,3.11,0.0311,1.83,0.0183,0.14,0.0014000000000000002
2025-10-21,1.01,0.0101,1.85,0.018500000000000003,-0.36,-0.0036,0.53,0.0053,1.11,0.0111,1.06,0.0106,-0.14,-0.0014000000000000002,-0.2,-0.002,-0.9,-0.009000000000000001,0.59,0.0059,-0.02,-0.0002,-0.37,-0.0037,0.77,0.0077,0.49,0.0049,0.63,0.0063,1.19,0.011899999999999999,-0.1,-0.001,-5.27,-0.0527,-1.34,-0.0134,1.12,0.011200000000000002
2025-10-22,0.12,0.0012,-0.36,-0.0036,0.55,0.0055000000000000005,-1.19,-0.011899999999999999,-2.69,-0.0269,-2.63,-0.0263,-0.75,-0.0075,1.27,0.0127,-0.14,-0.0014000000000000002,-1.38,-0.0138,-0.27,-0.0027,-1.14,-0.011399999999999999,1.0,0.01,-1.19,-0.011899999999999999,-0.78,-0.0078000000000000005,-0.85,-0.0085,-0.64,-0.0064,-0.65,-0.006500000000000001,-4.19,-0.04190000000000001,0.35,0.0034999999999999996
2025-10-23,-0.94,-0.009399999999999999,0.98,0.0098,0.09,0.0009,1.96,0.0196,2.1,0.021,4.79,0.0479,1.96,0.0196,2.01,0.020099999999999996,-0.42,-0.0042,-1.58,-0.0158,0.57,0.005699999999999999,1.26,0.0126,0.75,0.0075,-1.05,-0.0105,0.44,0.0044,0.54,0.0054,0.14,0.0014000000000000002,0.8,0.008,3.47,0.0347,-0.77,-0.0077
2025-10-24,-0.24,-0.0024,-1.73,-0.0173,0.06,0.0006,0.72,0.0072,1.88,0.018799999999999997,0.81,0.008100000000000001,-2.27,-0.0227,-0.88,-0.0088,0.75,0.0075,0.15,0.0015,1.22,0.012199999999999999,1.75,0.0175,-0.81,-0.008100000000000001,0.37,0.0037,0.45,0.0045000000000000005,0.41,0.0040999999999999995,1.2,0.012,-1.19,-0.011899999999999999,3.14,0.031400000000000004,-0.29,-0.0029
2025-10-27,0.43,0.0043,0.43,0.0043,0.67,0.0067,-0.02,-0.0002,-0.01,-0.0001,1.78,0.0178,3.43,0.034300000000000004,0.18,0.0018,0.29,0.0029,1.18,0.0118,1.54,0.0154,2.24,0.022400000000000003,0.1,0.001,1.26,0.0126,0.31,0.0031,0.56,0.005600000000000001,0.57,0.005699999999999999,-1.44,-0.0144,-0.33,-0.0033,0.49,0.0049
2025-10-28,-0.53,-0.0053,-1.97,-0.0197,-0.67,-0.0067,0.76,0.0076,-0.57,-0.005699999999999999,1.99,0.0199,1.4,0.013999999999999999,-1.27,-0.0127,-1.44,-0.0144,-0.03,-0.0003,0.15,0.0015,1.83,0.0183,-0.64,-0.0064,-0.72,-0.0072,-0.93,-0.009300000000000001,0.31,0.0031,-0.51,-0.0051,1.71,0.0171,0.55,0.0055000000000000005,-1.57,-0.015700000000000002
2025-10-29,-2.67,-0.026699999999999998,-2.79,-0.0279,-0.77,-0.0077,-2.1,-0.021,-0.39,-0.0039000000000000003,1.12,0.011200000000000002,0.03,0.0003,0.95,0.0095,-0.29,-0.0029,-0.96,-0.0096,-0.48,-0.0048,1.59,0.0159,-3.62,-0.0362,-0.13,-0.0013,-0.52,-0.0052,-0.49,-0.0049,-1.26,-0.0126,1.17,0.011699999999999999,3.98,0.0398,-1.19,-0.011899999999999999
2025-10-30,0.15,0.0015,-1.25,-0.0125,0.8,0.008,-1.4,-0.013999999999999999,-1.69,-0.0169,-2.77,-0.0277,-4.02,-0.04019999999999999,-0.78,-0.0078000000000000005,-0.27,-0.0027,-1.23,-0.0123,-2.05,-0.020499999999999997,-1.05,-0.0105,-1.4,-0.013999999999999999,0.39,0.0039000000000000003,1.36,0.013600000000000001,-1.78,-0.0178,-0.15,-0.0015,0.01,0.0001,-2.38,-0.023799999999999998,-1.99,-0.0199
2025-10-31,-0.14,-0.0014000000000000002,-0.42,-0.0042,0.09,0.0009,-0.18,-0.0018,0.26,0.0026,-0.34,-0.0034000000000000002,3.15,0.0315,0.64,0.0064,-0.54,-0.0054,1.0,0.01,-0.09,-0.0009,-0.15,-0.0015,-0.16,-0.0016,0.85,0.0085,-0.06,-0.0006,3.93,0.0393,0.2,0.002,-0.94,-0.009399999999999999,2.14,0.021400000000000002,-1.09,-0.0109
2025-11-03,-0.82,-0.008199999999999999,-2.42,-0.0242,0.17,0.0017000000000000001,-0.77,-0.0077,-0.6,-0.006,-0.64,-0.0064,2.04,0.0204,-0.17,-0.0017000000000000001,0.24,0.0024,-1.63,-0.0163,-0.16,-0.0016,0.44,0.0044,-4.43,-0.0443,0.03,0.0003,-0.36,-0.0036,2.04,0.0204,-0.34,-0.0034000000000000002,-0.87,-0.0087,-0.2,-0.002,-0.07,-0.0007000000000000001
2025-11-04,0.45,0.0045000000000000005,-1.86,-0.018600000000000002,0.1,0.001,-0.11,-0.0011,-1.03,-0.0103,-2.93,-0.029300000000000003,-4.54,-0.0454,-0.79,-0.0079,-0.51,-0.0051,0.07,0.0007000000000000001,-1.77,-0.0177,-2.37,-0.023700000000000002,0.0,0.0,-1.33,-0.013300000000000001,0.16,0.0016,-0.61,-0.0060999999999999995,0.11,0.0011,-3.41,-0.0341,-3.86,-0.038599999999999995,0.76,0.0076
2025-11-05,0.08,0.0008,2.42,0.0242,0.75,0.0075,0.45,0.0045000000000000005,0.91,0.0091,1.14,0.011399999999999999,3.96,0.039599999999999996,-0.23,-0.0023,0.29,0.0029,0.41,0.0040999999999999995,0.33,0.0033,0.17,0.0017000000000000001,0.67,0.0067,-0.3,-0.003,0.71,0.0070999999999999995,-0.11,-0.0011,0.31,0.0031,1.98,0.019799999999999998,4.59,0.045899999999999996,1.87,0.0187
2025-11-06,-0.68,-0.0068000000000000005,-2.4,-0.024,0.32,0.0032,-0.52,-0.0052,-0.29,-0.0029,-0.41,-0.0040999999999999995,-3.05,-0.0305,0.77,0.0077,-0.09,-0.0009,-1.03,-0.0103,-1.64,-0.016399999999999998,-1.84,-0.0184,-0.53,-0.0053,-0.41,-0.0040999999999999995,-0.99,-0.009899999999999999,-2.05,-0.020499999999999997,-0.57,-0.005699999999999999,-0.07,-0.0007000000000000001,-2.83,-0.028300000000000002,-1.72,-0.0172
2025-11-07,1.89,0.0189,0.91,0.0091,-0.06,-0.0006,1.68,0.0168,0.56,0.005600000000000001,1.31,0.0131,-2.8,-0.027999999999999997,1.66,0.0166,1.42,0.014199999999999999,1.0,0.01,-0.36,-0.0036,-0.51,-0.0051,1.85,0.018500000000000003,1.57,0.015700000000000002,0.82,0.008199999999999999,0.77,0.0077,0.85,0.0085,1.07,0.010700000000000001,-0.14,-0.0014000000000000002,1.59,0.0159
2025-11-10,0.0,0.0,0.3,0.003,1.27,0.0127,0.61,0.0060999999999999995,0.47,0.004699999999999999,0.17,0.0017000000000000001,3.13,0.0313,1.0,0.01,0.07,0.0007000000000000001,0.05,0.0005,2.12,0.0212,2.83,0.028300000000000002,-0.76,-0.0076,0.29,0.0029,0.54,0.0054,0.82,0.008199999999999999,0.31,0.0031,3.42,0.0342,1.86,0.018600000000000002,-0.23,-0.0023
2025-11-11,1.54,0.0154,1.56,0.015600000000000001,2.47,0.024700000000000003,0.58,0.0058,0.22,0.0022,-0.52,-0.0052,-0.93,-0.009300000000000001,1.47,0.0147,0.19,0.0019,1.6,0.016,0.04,0.0004,-0.93,-0.009300000000000001,0.92,0.0092,0.57,0.005699999999999999,-0.1,-0.001,0.45,0.0045000000000000005,0.52,0.0052,0.29,0.0029,-2.11,-0.021099999999999997,1.18,0.0118
2025-11-12,-0.07,-0.0007000000000000001,1.72,0.0172,1.26,0.0126,0.27,0.0027,0.07,0.0007000000000000001,2.97,0.0297,-1.61,-0.0161,-1.51,-0.0151,0.15,0.0015,0.57,0.005699999999999999,-0.9,-0.009000000000000001,0.45,0.0045000000000000005,-0.41,-0.0040999999999999995,1.04,0.0104,-0.15,-0.0015,-0.89,-0.0089,1.08,0.0108,1.3,0.013000000000000001,-0.88,-0.0088,0.52,0.0052
2025-11-13,-0.02,-0.0002,0.35,0.0034999999999999996,-0.18,-0.0018,0.09,0.0009,-2.93,-0.029300000000000003,-2.09,-0.0209,-5.75,-0.0575,0.37,0.0037,-1.19,-0.011899999999999999,-1.49,-0.0149,-2.05,-0.020499999999999997,-2.45,-0.0245,0.67,0.0067,-1.62,-0.016200000000000003,-0.52,-0.0052,-1.63,-0.0163,-1.91,-0.0191,-3.36,-0.0336,-6.28,-0.06280000000000001,-0.46,-0.0046
2025-11-14,-0.07,-0.0007000000000000001,-1.38,-0.0138,-0.2,-0.002,-1.36,-0.013600000000000001,-0.29,-0.0029,0.55,0.0055000000000000005,0.19,0.0019,1.56,0.015600000000000001,0.33,0.0033,-0.32,-0.0032,0.21,0.0021,0.58,0.0058,-1.09,-0.0109,-0.4,-0.004,-0.66,-0.0066,-0.79,-0.0079,-0.79,-0.0079,-1.25,-0.0125,1.05,0.0105,-0.4,-0.004
2025-11-17,-0.98,-0.0098,-2.08,-0.0208,0.08,0.0008,-2.54,-0.0254,-1.93,-0.019299999999999998,-0.89,-0.0089,0.45,0.0045000000000000005,-1.64,-0.016399999999999998,0.43,0.0043,-0.56,-0.005600000000000001,-0.39,-0.0039000000000000003,-1.63,-0.0163,-1.15,-0.0115,-2.04,-0.0204,-0.7,-0.006999999999999999,-0.69,-0.0069,-2.23,-0.0223,-1.88,-0.018799999999999997,-3.25,-0.0325,-1.36,-0.013600000000000001
2025-11-18,1.04,0.0104,0.22,0.0022,0.58,0.0058,-0.08,-0.0008,0.38,0.0038,-0.34,-0.0034000000000000002,-1.36,-0.013600000000000001,1.08,0.0108,-0.37,-0.0037,0.4,0.004,-1.12,-0.011200000000000002,-1.33,-0.013300000000000001,-0.12,-0.0012,-0.35,-0.0034999999999999996,0.17,0.0017000000000000001,-2.93,-0.029300000000000003,-0.09,-0.0009,-0.18,-0.0018,-0.48,-0.0048,0.04,0.0004
2025-11-19,-0.19,-0.0019,0.35,0.0034999999999999996,0.1,0.001,-0.01,-0.0001,0.37,0.0037,0.33,0.0033,0.56,0.005600000000000001,-1.37,-0.0137,-0.71,-0.0070999999999999995,-1.25,-0.0125,0.12,0.0012,1.59,0.0159,-0.64,-0.0064,-0.81,-0.008100000000000001,-0.35,-0.0034999999999999996,-0.1,-0.001,0.49,0.0049,1.59,0.0159,0.7,0.006999999999999999,-0.22,-0.0022
2025-11-20,-0.15,-0.0015,-1.42,-0.014199999999999999,-0.83,-0.0083,-1.45,-0.014499999999999999,-1.31,-0.0131,-2.28,-0.022799999999999997,-2.02,-0.0202,-1.28,-0.0128,-0.37,-0.0037,-0.89,-0.0089,-1.73,-0.0173,-2.62,-0.0262,-0.19,-0.0019,-2.25,-0.0225,-0.71,-0.0070999999999999995,-0.49,-0.0049,-1.05,-0.0105,-4.11,-0.041100000000000005,-4.51,-0.0451,-0.58,-0.0058
2025-11-21,1.64,0.016399999999999998,3.18,0.0318,2.1,0.021,3.07,0.030699999999999998,3.05,0.0305,2.89,0.028900000000000002,-0.13,-0.0013,0.38,0.0038,0.29,0.0029,1.22,0.012199999999999999,0.73,0.0073,0.52,0.0052,3.08,0.0308,2.94,0.0294,2.03,0.0203,1.33,0.013300000000000001,1.44,0.0144,1.54,0.0154,1.77,0.0177,3.18,0.0318
2025-11-24,-0.41,-0.0040999999999999995,-0.33,-0.0033,0.88,0.0088,0.06,0.0006,1.11,0.0111,1.92,0.0192,5.68,0.056799999999999996,-0.09,-0.0009,0.87,0.0087,-1.48,-0.0148,2.29,0.0229,3.18,0.0318,-0.7,-0.006999999999999999,0.43,0.0043,-0.02,-0.0002,0.58,0.0058,0.57,0.005699999999999999,2.71,0.0271,2.11,0.021099999999999997,-1.01,-0.0101
2025-11-25,0.66,0.0066,3.21,0.0321,2.16,0.0216,2.06,0.0206,2.92,0.0292,2.03,0.0203,0.72,0.0072,-0.71,-0.0070999999999999995,-0.23,-0.0023,0.77,0.0077,1.35,0.013500000000000002,-0.26,-0.0026,2.07,0.0207,1.64,0.016399999999999998,1.86,0.018600000000000002,2.2,0.022000000000000002,1.55,0.0155,1.11,0.0111,1.56,0.015600000000000001,3.0,0.03
2025-11-26,0.62,0.0062,1.57,0.015700000000000002,-0.07,-0.0007000000000000001,0.76,0.0076,1.32,0.0132,1.4,0.013999999999999999,1.47,0.0147,0.68,0.0068000000000000005,1.27,0.0127,0.41,0.0040999999999999995,0.18,0.0018,1.25,0.0125,0.96,0.0096,1.14,0.011399999999999999,0.04,0.0004,0.67,0.0067,0.82,0.008199999999999999,3.13,0.0313,1.7,0.017,0.43,0.0043
2025-11-28,0.37,0.0037,0.18,0.0018,-0.5,-0.005,0.7,0.006999999999999999,0.31,0.0031,0.43,0.0043,0.82,0.008199999999999999,1.38,0.0138,0.8,0.008,0.79,0.0079,0.9,0.009000000000000001,0.25,0.0025,0.34,0.0034000000000000002,0.58,0.0058,0.05,0.0005,1.15,0.0115,0.57,0.005699999999999999,1.33,0.013300000000000001,1.82,0.0182,0.05,0.0005
